episode,chunk_index,policy,operation,reference,hypothesis,reference_context,hypothesis_context,reference_start,reference_end,hypothesis_start,hypothesis_end,substitutions,deletions,insertions,word_errors
S01E01,1,counted_remaining_error,insert,,all just,scientists often make very poor poets we're <<<gap>>> a ship of fools chasing phantoms heedless,scientists often make very poor poets we're <<all just>> a ship of fools chasing phantoms heedless,50,50,50,52,0,0,2,2
S01E01,3,excluded_name_error,substitute,okarin,ocarine,heedless of what really underwrites natural law <<okarin>> yeah yeah infiltration commencing el psy congroo,heedless of what really underwrites natural law <<ocarine>> yeah yeah infiltration commencing el sai kongru,63,64,65,66,1,0,0,1
S01E01,5,counted_remaining_error,substitute,psy congroo,sai kongru,law okarin yeah yeah infiltration commencing el <<psy congroo>> over and out place is a mortuary,law ocarine yeah yeah infiltration commencing el <<sai kongru>> over and out place is a mortuary,69,71,71,73,2,0,0,2
S01E01,7,counted_remaining_error,delete,huh,,this why did we come here again <<huh>> you're here because i permit you to,this why did we come here again <<<gap>>> you're here because i permit you to,90,91,92,92,0,1,0,1
S01E01,9,counted_remaining_error,substitute,ooo,ooh,here because i permit you to be <<ooo>> a time machine neat the good doctor,here because i permit you to be <<ooh>> a time machine neat the good doctor,99,100,100,101,1,0,0,1
S01E01,11,counted_remaining_error,delete,hmph,,where our theories intersect if at all <<hmph>> huh the roof eh what the hell,where our theories intersect if at all <<<gap>>> huh the roof what the hell is,143,144,144,144,0,1,0,1
S01E01,13,counted_remaining_error,delete,eh,,if at all hmph huh the roof <<eh>> what the hell is anything not an,intersect if at all huh the roof <<<gap>>> what the hell is anything not an,147,148,147,147,0,1,0,1
S01E01,15,counted_remaining_error,substitute,awww,aw,bad so sad greedy gus life lesson <<awww>> the reality principle does like to disabuse,bad so sad greedy gus life lesson <<aw>> the reality principal does like to disabuse,192,193,191,192,1,0,0,1
S01E01,17,counted_remaining_error,substitute,principle,principal,greedy gus life lesson awww the reality <<principle>> does like to disabuse us of our,greedy gus life lesson aw the reality <<principal>> does like to disabuse us of our,195,196,194,195,1,0,0,1
S01E01,19,counted_remaining_error,insert,,aw in,like to disabuse us of our whims <<<gap>>> case in point this one's a dud,like to disabuse us of our whims <<aw in>> case in point this one's a dud,204,204,203,205,0,0,2,2
S01E01,21,counted_remaining_error,insert,,ah,case in point this one's a dud <<<gap>>> look he's metal huh i don't believe,case in point this one's a dud <<ah>> look he's metal huh i don't believe,211,211,212,213,0,0,1,1
S01E01,23,excluded_name_error,substitute,oopa,oompa,huh i don't believe it a metal <<oopa>> and that's good ahh you bet it,huh i don't believe it a metal <<oompa>> and that's good ah you bet it,221,222,223,224,1,0,0,1
S01E01,25,counted_remaining_error,substitute,ahh,ah,it a metal oopa and that's good <<ahh>> you bet it is hhhh yes well,it a metal oompa and that's good <<ah>> you bet it is yes well you,225,226,227,228,1,0,0,1
S01E01,27,counted_remaining_error,delete,hhhh,,that's good ahh you bet it is <<hhhh>> yes well you would know better than,that's good ah you bet it is <<<gap>>> yes well you would know better than,230,231,232,232,0,1,0,1
S01E01,29,excluded_name_error,substitute,okarin hououin kyoma,ocarine hoi inkyoma,would know better than i thank you <<okarin hououin kyoma>> whatever you're the best my name is,would know better than i thank you <<ocarine hoi inkyoma>> whatever you're the best my name is,241,244,242,245,3,0,0,3
S01E01,31,counted_remaining_error,delete,of,,the best my name is a matter <<of>> your attention please doctor nakabachi's conference is,the best my name is a matter <<<gap>>> your attention please dr nakabachi's conference is,253,254,254,254,0,1,0,1
S01E01,33,counted_remaining_error,substitute,doctor,dr,is a matter of your attention please <<doctor>> nakabachi's conference is about to begin in,name is a matter your attention please <<dr>> nakabachi's conference is about to begin on,257,258,257,258,1,0,0,1
S01E01,35,counted_remaining_error,substitute,in,on,doctor nakabachi's conference is about to begin <<in>> the 8th floor lecture hall all who,dr nakabachi's conference is about to begin <<on>> the 8th floor lecture hall all who,264,265,264,265,1,0,0,1
S01E01,37,counted_remaining_error,insert,,this,aware mainstream science currently boasts something like <<<gap>>> okay don't be mad i think i,aware mainstream science currently boasts something like <<this>> okay don't be mad i think i,319,319,319,320,0,0,1,1
S01E01,39,counted_remaining_error,insert,,the interdimensional vectors of time,my oopa but i'm looking for it <<<gap>>> each separate discipline involved the inter dimensional,my oopa but i'm looking for it <<the interdimensional vectors of time>> travel bringing them under the same umbrella,334,334,335,340,0,0,5,5
S01E01,40,counted_remaining_error,substitute,each separate discipline involved,travel bringing them under,my oopa but i'm looking for it <<each separate discipline involved>> the inter dimensional vectors of time travel,for it the interdimensional vectors of time <<travel bringing them under>> the same umbrella however has so far,334,338,340,344,4,0,0,4
S01E01,42,counted_remaining_error,insert,,same umbrella,for it each separate discipline involved the <<<gap>>> inter dimensional vectors of time travel doctor,of time travel bringing them under the <<same umbrella>> however has so far proved elusive doctor,339,339,345,347,0,0,2,2
S01E01,43,counted_remaining_error,substitute,inter dimensional vectors of time travel,however has so far proved elusive,for it each separate discipline involved the <<inter dimensional vectors of time travel>> doctor save your questions until i have,travel bringing them under the same umbrella <<however has so far proved elusive>> doctor save your questions until i have,339,345,347,353,6,0,0,6
S01E01,45,counted_remaining_error,substitute,kerr,curb,babes in the wilderness please world lines <<kerr>> black holes two words sir john titor,babes in the wilderness please world lines <<curb>> black holes two words sir john teeter,377,378,385,386,1,0,0,1
S01E01,47,excluded_name_error,substitute,titor,teeter,kerr black holes two words sir john <<titor>> oh yes i submit to all and,curb black holes two words sir john <<teeter>> oh yes i submit to all and,384,385,392,393,1,0,0,1
S01E01,49,counted_remaining_error,substitute,plagarized,plagiarized,all and sundry that you have shamelessly <<plagarized>> the decade old scratchings of an internet,all and sundry that you have shamelessly <<plagiarized>> the decade old scratchings of an internet,397,398,405,406,1,0,0,1
S01E01,51,excluded_name_error,substitute,titor's,teeter's,oh please far from it my friend <<titor's>> so called theories are borderline schizophrenic well,oh please far from it my friend <<teeter's>> so called theories are borderline schizophrenic well,413,414,421,422,1,0,0,1
S01E01,53,counted_remaining_error,delete,h,,just where your views diverge excuse us <<h>> hey seriously john titor guy's got a,just where your views diverge excuse us <<<gap>>> hey seriously john titor guy's got a,449,450,457,457,0,1,0,1
S01E01,55,counted_remaining_error,substitute,out,at,guy's got a point there's like similarities <<out>> the wazzu hmph who in the hell,guy's got a point there's like similarities <<at>> the wazoo who in the hell are,461,462,468,469,1,0,0,1
S01E01,57,counted_remaining_error,substitute,wazzu,wazoo,a point there's like similarities out the <<wazzu>> hmph who in the hell are you,a point there's like similarities at the <<wazoo>> who in the hell are you i,463,464,470,471,1,0,0,1
S01E01,58,counted_remaining_error,delete,hmph,,point there's like similarities out the wazzu <<hmph>> who in the hell are you i,point there's like similarities at the wazoo <<<gap>>> who in the hell are you i,464,465,471,471,0,1,0,1
S01E01,60,counted_remaining_error,delete,uh,,are you i think that's my line <<uh>> beg pardon okay so what were you,are you i think that's my line <<<gap>>> beg pardon okay so what were you,476,477,482,482,0,1,0,1
S01E01,62,counted_remaining_error,insert,,out,of an hour ago they let you <<<gap>>> outta the nut house hold on a,of an hour ago they let you <<out>> of the nuthouse hold on a second,502,502,507,508,0,0,1,1
S01E01,63,counted_remaining_error,substitute,outta,of,of an hour ago they let you <<outta>> the nut house hold on a second,an hour ago they let you out <<of>> the nuthouse hold on a second makisei,502,503,508,509,1,0,0,1
S01E01,65,counted_remaining_error,substitute,nut,nuthouse,hour ago they let you outta the <<nut>> house hold on a second makise kurisu,ago they let you out of the <<nuthouse>> hold on a second makisei kurisu the,504,505,510,511,1,0,0,1
S01E01,66,counted_remaining_error,delete,house,,ago they let you outta the nut <<house>> hold on a second makise kurisu the,they let you out of the nuthouse <<<gap>>> hold on a second makisei kurisu the,505,506,511,511,0,1,0,1
S01E01,68,excluded_name_error,substitute,makise,makisei,the nut house hold on a second <<makise>> kurisu the published makise kurisu okay that's,of the nuthouse hold on a second <<makisei>> kurisu the published makisei kurisu okay that's,510,511,515,516,1,0,0,1
S01E01,70,excluded_name_error,substitute,makise,makisei,on a second makise kurisu the published <<makise>> kurisu okay that's impressive i'm guessing you're,on a second makisei kurisu the published <<makisei>> kurisu okay that's impressive i'm guessing you're,514,515,519,520,1,0,0,1
S01E01,72,counted_remaining_error,delete,what,,i just wanted to ask you about <<what>> and you're a fool to expect i'll,i just wanted to ask you about <<<gap>>> and you're a fool to expect i'll,548,549,553,553,0,1,0,1
S01E01,74,counted_remaining_error,insert,,you,possibly a sleeper certainly illustrious who are <<<gap>>> talking to fear not i'll give her,possibly a sleeper certainly illustrious who are <<you>> talking to fear not i'll give her,572,572,576,577,0,0,1,1
S01E01,76,counted_remaining_error,delete,hahahahaha,,slip somehow perhaps uh it's not on <<hahahahaha>> well you are a credit to your,slip somehow perhaps uh it's not on <<<gap>>> well you are a credit to your,587,588,592,592,0,1,0,1
S01E01,78,counted_remaining_error,insert,,you,preserving the integrity of my communications great <<<gap>>> you're crazy clearly this is asking a,preserving the integrity of my communications great <<you>> are crazy clearly this is asking a,619,619,623,624,0,0,1,1
S01E01,79,counted_remaining_error,substitute,you're,are,preserving the integrity of my communications great <<you're>> crazy clearly this is asking a lot,the integrity of my communications great you <<are>> crazy clearly this is asking a lot,619,620,624,625,1,0,0,1
S01E01,81,counted_remaining_error,delete,uh,,shan't be caught off guard so easily <<uh>> very well wait i clearly a lunatic,shan't be caught off guard so easily <<<gap>>> very well wait i clearly a lunatic,691,692,696,696,0,1,0,1
S01E01,83,counted_remaining_error,substitute,ah,aha,lunatic i think i'd remember meeting her <<ah>> there you are mayuri where have you,lunatic i think i'd remember meeting her <<aha>> there you are mayuri where have you,705,706,709,710,1,0,0,1
S01E01,85,excluded_name_error,substitute,oopa's,ooppa's,what do you mean i texted my <<oopa's>> gone missing i wrote my name on,what do you mean i texted my <<ooppa's>> gone missing i wrote my name on,721,722,725,726,1,0,0,1
S01E01,87,counted_remaining_error,insert,,did,wrote my name on it and everything <<<gap>>> d'you drop it somewhere probably such is,wrote my name on it and everything <<did>> you drop it somewhere probably such is,732,732,736,737,0,0,1,1
S01E01,88,counted_remaining_error,substitute,d'you,you,wrote my name on it and everything <<d'you>> drop it somewhere probably such is life,my name on it and everything did <<you>> drop it somewhere probably such is life,732,733,737,738,1,0,0,1
S01E01,90,counted_remaining_error,delete,ah,,drop it somewhere probably such is life <<ah>> you have any idea how much a,drop it somewhere probably such is life <<<gap>>> you have any idea how much a,740,741,745,745,0,1,0,1
S01E01,92,excluded_name_error,substitute,oopa,ooppa,have any idea how much a metal <<oopa>> goes for on ebay we're talking ten,have any idea how much a metal <<ooppa>> goes for on ebay we're talking ten,749,750,753,754,1,0,0,1
S01E01,94,counted_remaining_error,substitute,thousand,000,goes for on ebay we're talking ten <<thousand>> yen ten thousand yen yup well don't,goes for on ebay we're talking ten <<000>> yen ten 000 yen yup well don't,757,758,761,762,1,0,0,1
S01E01,96,counted_remaining_error,substitute,thousand,000,ebay we're talking ten thousand yen ten <<thousand>> yen yup well don't just stand there,ebay we're talking ten 000 yen ten <<000>> yen yup well don't just stand there,760,761,764,765,1,0,0,1
S01E01,98,counted_remaining_error,substitute,lil' bauble,little bobble,yup well don't just stand there that <<lil' bauble>> could be the lab's ticket back to,yup well don't just stand there that <<little bobble>> could be the lab's ticket back to,769,771,773,775,2,0,0,2
S01E01,100,counted_remaining_error,delete,of,,to sell my friend just imagine all <<of>> the gloriously wicked experiments we could get,to sell my friend just imagine all <<<gap>>> the gloriously wicked experiments we could get,790,791,794,794,0,1,0,1
S01E01,102,counted_remaining_error,substitute,thousand,000,could get off the ground with ten <<thousand>> yen in the coffers i'm not going,could get off the ground with ten <<000>> yen in the coffers i'm not going,803,804,806,807,1,0,0,1
S01E01,104,excluded_name_error,substitute,okarin,ocarine,guess is as good as mine hey <<okarin>> hey you feel alright 'cause you look,guess is as good as mine hey <<ocarine>> hey you feel alright because you look,836,837,839,840,1,0,0,1
S01E01,106,counted_remaining_error,substitute,'cause,because,mine hey okarin hey you feel alright <<'cause>> you look like you're about to throw,mine hey ocarine hey you feel alright <<because>> you look like you're about to throw,841,842,844,845,1,0,0,1
S01E01,108,counted_remaining_error,substitute,wha uh,i'm sorry,up someone's been murdered the eighth floor <<wha uh>> what is going on too too roo,up someone's been murdered the eighth floor <<i'm sorry>> what is going on do do do,856,858,859,861,2,0,0,2
S01E01,110,counted_remaining_error,substitute,too too roo,do do do,floor wha uh what is going on <<too too roo>> bottoms up the hell is this um,floor i'm sorry what is going on <<do do do>> bottoms up what the hell is this,862,865,865,868,3,0,0,3
S01E01,112,counted_remaining_error,insert,,what,going on too too roo bottoms up <<<gap>>> the hell is this um a drink,going on do do do bottoms up <<what>> the hell is this um a drink,867,867,870,871,0,0,1,1
S01E01,114,counted_remaining_error,insert,,thank you thank you thank you,it too i didn't this is ridiculous <<<gap>>> don't play games i know you're watching,it too i didn't this is ridiculous <<thank you thank you thank you>> don't play games i know you're watching,912,912,916,922,0,0,6,6
S01E01,116,counted_remaining_error,substitute,wooly,woolly,the trough of future shock allow that <<wooly>> brain to be stricken with envy you,the trough of future shock allow that <<woolly>> brain to be stricken with envy you,943,944,953,954,1,0,0,1
S01E01,118,counted_remaining_error,substitute,double,001,with envy you are speaking to member <<double>> o one lab founder evil genius and,with envy you are speaking to member <<001>> lab founder evil genius and mad scientist,955,956,965,966,1,0,0,1
S01E01,119,counted_remaining_error,delete,o one,,envy you are speaking to member double <<o one>> lab founder evil genius and mad scientist,envy you are speaking to member 001 <<<gap>>> lab founder evil genius and mad scientist,956,958,966,966,0,2,0,2
S01E01,121,counted_remaining_error,substitute,'tis,tis,founder evil genius and mad scientist extraordinaire <<'tis>> i hououin kyoma i still think that,founder evil genius and mad scientist extraordinaire <<tis>> i holine kiyoma i still think that,966,967,974,975,1,0,0,1
S01E01,123,excluded_name_error,substitute,hououin kyoma,holine kiyoma,genius and mad scientist extraordinaire 'tis i <<hououin kyoma>> i still think that okarin sounds way,genius and mad scientist extraordinaire tis i <<holine kiyoma>> i still think that ocarine sounds way,968,970,976,978,2,0,0,2
S01E01,125,excluded_name_error,substitute,okarin,ocarine,i hououin kyoma i still think that <<okarin>> sounds way cuter silence my nom de,i holine kiyoma i still think that <<ocarine>> sounds way cuter silence my nom de,974,975,982,983,1,0,0,1
S01E01,127,counted_remaining_error,substitute,double,002,missions only the girl is known as <<double>> o two my assistant cosplayer and resident,missions only the girl is known as <<002>> my assistant cosplayer and resident female sheena,993,994,1001,1002,1,0,0,1
S01E01,128,counted_remaining_error,delete,o two,,only the girl is known as double <<o two>> my assistant cosplayer and resident female shiina,only the girl is known as 002 <<<gap>>> my assistant cosplayer and resident female sheena,994,996,1002,1002,0,2,0,2
S01E01,130,excluded_name_error,substitute,shiina,sheena,two my assistant cosplayer and resident female <<shiina>> mayuri too too roo i prefer mayushii,002 my assistant cosplayer and resident female <<sheena>> mayuri do do do i prefer mayushi,1002,1003,1008,1009,1,0,0,1
S01E01,132,counted_remaining_error,substitute,too too roo,do do do,assistant cosplayer and resident female shiina mayuri <<too too roo>> i prefer mayushii next up i give,assistant cosplayer and resident female sheena mayuri <<do do do>> i prefer mayushi next up i give,1004,1007,1010,1013,3,0,0,3
S01E01,134,excluded_name_error,substitute,mayushii,mayushi,shiina mayuri too too roo i prefer <<mayushii>> next up i give you hashida itaru,sheena mayuri do do do i prefer <<mayushi>> next up i give you hashida itaru,1009,1010,1015,1016,1,0,0,1
S01E01,136,counted_remaining_error,substitute,double,003,give you hashida itaru our hack member <<double>> o three ugh it's hack er the,give you hashida itaru our hack member <<003>> it's hack er the way you say,1020,1021,1026,1027,1,0,0,1
S01E01,137,counted_remaining_error,delete,o three ugh,,you hashida itaru our hack member double <<o three ugh>> it's hack er the way you say,you hashida itaru our hack member 003 <<<gap>>> it's hack er the way you say,1021,1024,1027,1027,0,3,0,3
S01E01,139,counted_remaining_error,substitute,in',ing,these are the members stop third degree <<in'>> the lil' guy will ya it's getting,these are the members stop third degree <<ing>> the little guy will ya it's getting,1042,1043,1045,1046,1,0,0,1
S01E01,141,counted_remaining_error,substitute,lil',little,the members stop third degree in' the <<lil'>> guy will ya it's getting painful bad,the members stop third degree ing the <<little>> guy will ya it's getting painful bad,1044,1045,1047,1048,1,0,0,1
S01E01,143,counted_remaining_error,insert,,out,getting painful bad enough you yoinked him <<<gap>>> outta the eighty percent off bin heed,getting painful bad enough you yoinked him <<out>> of the eighty off bin heed me,1056,1056,1059,1060,0,0,1,1
S01E01,144,counted_remaining_error,substitute,outta,of,getting painful bad enough you yoinked him <<outta>> the eighty percent off bin heed me,painful bad enough you yoinked him out <<of>> the eighty off bin heed me to,1056,1057,1060,1061,1,0,0,1
S01E01,146,counted_remaining_error,delete,percent,,enough you yoinked him outta the eighty <<percent>> off bin heed me to find us,you yoinked him out of the eighty <<<gap>>> off bin heed me to find us,1059,1060,1063,1063,0,1,0,1
S01E01,148,counted_remaining_error,insert,,earth,door hang a left at red queen's <<<gap>>> ersatz botanical and we're two blocks up,door hang a left at red queen's <<earth>> sats botanical and we're two blocks up,1078,1078,1081,1082,0,0,1,1
S01E01,149,counted_remaining_error,substitute,ersatz,sats,door hang a left at red queen's <<ersatz>> botanical and we're two blocks up in,hang a left at red queen's earth <<sats>> botanical and we're two blocks up in,1078,1079,1082,1083,1,0,0,1
S01E01,151,counted_remaining_error,substitute,ah,aha,of this prior continue to stare blankly <<ah>> ha just as i suspected doff the,of this prior continue to stare blankly <<aha>> just as i suspected doff the charade,1123,1124,1127,1128,1,0,0,1
S01E01,152,counted_remaining_error,delete,ha,,this prior continue to stare blankly ah <<ha>> just as i suspected doff the charade,this prior continue to stare blankly aha <<<gap>>> just as i suspected doff the charade,1124,1125,1128,1128,0,1,0,1
S01E01,154,counted_remaining_error,insert,,alpaca,how weird it would be if to <<<gap>>> alpacaman we're the weird old piece of,how weird it would be if to <<alpaca>> man we're the weird old piece of,1149,1149,1152,1153,0,0,1,1
S01E01,155,counted_remaining_error,substitute,alpacaman,man,how weird it would be if to <<alpacaman>> we're the weird old piece of discount,weird it would be if to alpaca <<man>> we're the weird old piece of discount,1149,1150,1153,1154,1,0,0,1
S01E01,157,counted_remaining_error,substitute,ooo,ooh,slash first person shooter and find out <<ooo>> and we could use it on your,slash first person shooter and find out <<ooh>> and we could use it on your,1175,1176,1179,1180,1,0,0,1
S01E01,159,counted_remaining_error,substitute,two,2d,and we could use it on your <<two>> d girlfriends to see if they're really,and we could use it on your <<2d>> girlfriends to see if they're really into,1183,1184,1187,1188,1,0,0,1
S01E01,160,counted_remaining_error,delete,d,,we could use it on your two <<d>> girlfriends to see if they're really into,we could use it on your 2d <<<gap>>> girlfriends to see if they're really into,1184,1185,1188,1188,0,1,0,1
S01E01,162,counted_remaining_error,substitute,rez,res,we know it isn't just some high <<rez>> rpg programmed into existence by a higher,we know it isn't just some high <<res>> rpg programmed into existence by a higher,1241,1242,1244,1245,1,0,0,1
S01E01,164,counted_remaining_error,insert,,since,moment we fritter away pondering such nonsense <<<gap>>> we lose time more fruitfully spent devising,moment we fritter away pondering such nonsense <<since>> we lose time we're fruitfully spent devising,1273,1273,1276,1277,0,0,1,1
S01E01,166,counted_remaining_error,substitute,more,we're,away pondering such nonsense we lose time <<more>> fruitfully spent devising ways to unravel the,pondering such nonsense since we lose time <<we're>> fruitfully spent devising ways to unravel the,1276,1277,1280,1281,1,0,0,1
S01E01,168,counted_remaining_error,delete,hhhh,,devising ways to unravel the organization's plan <<hhhh>> oh yeah my bad didn't mean to,devising ways to unravel the organization's plan <<<gap>>> oh yeah my bad didn't mean to,1286,1287,1290,1290,0,1,0,1
S01E01,170,counted_remaining_error,insert,,ho in ki,are addressing the rabbit hole's preeminent denizen <<<gap>>> hououin kyoma i'm sorry you said something,are addressing the rabbit hole's preeminent denizen <<ho in ki>> o ma i'm sorry you said something,1313,1313,1316,1319,0,0,3,3
S01E01,171,excluded_name_error,substitute,hououin kyoma,o ma,are addressing the rabbit hole's preeminent denizen <<hououin kyoma>> i'm sorry you said something mark me,rabbit hole's preeminent denizen ho in ki <<o ma>> i'm sorry you said something mark me,1313,1315,1319,1321,2,0,0,2
S01E01,173,counted_remaining_error,insert,,poor,sorry you said something mark me my <<<gap>>> porcine friend one of these days you'll,sorry you said something mark me my <<poor>> sign friend one of these days you'll,1323,1323,1329,1330,0,0,1,1
S01E01,174,counted_remaining_error,substitute,porcine,sign,sorry you said something mark me my <<porcine>> friend one of these days you'll despair,you said something mark me my poor <<sign>> friend one of these days you'll despair,1323,1324,1330,1331,1,0,0,1
S01E01,176,excluded_name_error,substitute,mayuri,mairi,at home it's massive okay retracing steps <<mayuri>> came with me to see dr nakabachi,at home it's massive okay retracing steps <<mairi>> came with me to see dr nakabachi's,1392,1393,1399,1400,1,0,0,1
S01E01,178,excluded_name_error,substitute,nakabachi,nakabachi's,mayuri came with me to see dr <<nakabachi>> showboat this morning i remember that we,mairi came with me to see dr <<nakabachi's>> showboat this morning i remember that we,1399,1400,1406,1407,1,0,0,1
S01E01,180,counted_remaining_error,insert,,no,doc got cold feet no no no <<<gap>>> nakabachi's lecture started at twelve o'clock on,doc got cold feet no no no <<no>> nakabachi's lecture started at twelve o 'clock,1494,1494,1501,1502,0,0,1,1
S01E01,182,counted_remaining_error,insert,,o,no no nakabachi's lecture started at twelve <<<gap>>> o'clock on the dot sorry dude you're,no no nakabachi's lecture started at twelve <<o>> 'clock on the dot sorry dude you're,1499,1499,1507,1508,0,0,1,1
S01E01,183,counted_remaining_error,substitute,o'clock,'clock,no no nakabachi's lecture started at twelve <<o'clock>> on the dot sorry dude you're having,no nakabachi's lecture started at twelve o <<'clock>> on the dot sorry dude you're having,1499,1500,1508,1509,1,0,0,1
S01E01,185,counted_remaining_error,substitute,cancelled,canceled,having a stroke or something it was <<cancelled>> good thing too they'd be scraping you,having a stroke or something it was <<canceled>> good thing too they'd be scraping you,1513,1514,1522,1523,1,0,0,1
S01E01,187,counted_remaining_error,delete,ah,,the organization been tampering with my memory <<ah>> of course it's absolutely clear stein's gate,the organization been tampering with my memory <<<gap>>> of course it's absolutely clear steins gate,1547,1548,1556,1556,0,1,0,1
S01E01,189,counted_remaining_error,substitute,stein's,steins,memory ah of course it's absolutely clear <<stein's>> gate has chosen and here we go,my memory of course it's absolutely clear <<steins>> gate has chosen and here we go,1553,1554,1561,1562,1,0,0,1
S01E01,191,counted_remaining_error,insert,,number,in a while huh daru future gadget <<<gap>>> one alpacaman's mad you changed the channel,in a while huh daru future gadget <<number>> one alpaca man's mad you changed the,1579,1579,1587,1588,0,0,1,1
S01E01,193,counted_remaining_error,insert,,alpaca,a while huh daru future gadget one <<<gap>>> alpacaman's mad you changed the channel on,while huh daru future gadget number one <<alpaca>> man's mad you changed the channel on,1580,1580,1589,1590,0,0,1,1
S01E01,194,counted_remaining_error,substitute,alpacaman's,man's,a while huh daru future gadget one <<alpacaman's>> mad you changed the channel on him,huh daru future gadget number one alpaca <<man's>> mad you changed the channel on him,1580,1581,1590,1591,1,0,0,1
S01E01,196,counted_remaining_error,insert,,he's very,mad you changed the channel on him <<<gap>>> here thank you damn you mr braun,mad you changed the channel on him <<he's very>> sensitive thank you damn you mr braun,1588,1588,1598,1600,0,0,2,2
S01E01,197,counted_remaining_error,substitute,here,sensitive,mad you changed the channel on him <<here>> thank you damn you mr braun your,changed the channel on him he's very <<sensitive>> thank you damn you mr braun your,1588,1589,1600,1601,1,0,0,1
S01E01,199,counted_remaining_error,substitute,'cause,because,no it's a sauna out there just <<'cause>> i've got some meat on my bones,no it's a sauna out there just <<because>> i've got some meat on my bones,1630,1631,1642,1643,1,0,0,1
S01E01,201,counted_remaining_error,substitute,tennouji,tenojir,strong mutiny mr braun hey it's mr <<tennouji>> or it's nothing i told you i,strong mutiny mr braun hey it's mr <<tenojir>> it's nothing i told you i require,1649,1650,1661,1662,1,0,0,1
S01E01,202,counted_remaining_error,delete,or,,mutiny mr braun hey it's mr tennouji <<or>> it's nothing i told you i require,mutiny mr braun hey it's mr tenojir <<<gap>>> it's nothing i told you i require,1650,1651,1662,1662,0,1,0,1
S01E01,204,counted_remaining_error,delete,huh,,you i require repairs now or else <<huh>> the hell you do with it now,you i require repairs now or else <<<gap>>> the hell you do with it now,1662,1663,1673,1673,0,1,0,1
S01E01,206,counted_remaining_error,delete,ugh,,the hell you do with it now <<ugh>> you psychos screw up everything you lay,the hell you do with it now <<<gap>>> you psycho screw up everything you lay,1670,1671,1680,1680,0,1,0,1
S01E01,208,counted_remaining_error,substitute,psychos,psycho,you do with it now ugh you <<psychos>> screw up everything you lay your damn,hell you do with it now you <<psycho>> screw up everything you lay your damn,1672,1673,1681,1682,1,0,0,1
S01E01,210,counted_remaining_error,substitute,it'll,that'll,everything you lay your damn hands on <<it'll>> be a thousand yen ah that is,everything you lay your damn hands on <<that'll>> be a thousand yen that is outright,1682,1683,1691,1692,1,0,0,1
S01E01,212,counted_remaining_error,delete,ah,,hands on it'll be a thousand yen <<ah>> that is outright extortion sir i will,hands on that'll be a thousand yen <<<gap>>> that is outright extortion sir i will,1687,1688,1696,1696,0,1,0,1
S01E01,214,counted_remaining_error,insert,,here and be pleased,outright extortion sir i will not stand <<<gap>>> i could always toss you outta your,outright extortion sir i will not stand <<here and be pleased>> i can always toss you out of,1697,1697,1705,1709,0,0,4,4
S01E01,216,counted_remaining_error,substitute,could,can,extortion sir i will not stand i <<could>> always toss you outta your digs if,not stand here and be pleased i <<can>> always toss you out of your digs,1698,1699,1710,1711,1,0,0,1
S01E01,218,counted_remaining_error,insert,,out,not stand i could always toss you <<<gap>>> outta your digs if you'd rather damn,be pleased i can always toss you <<out>> of your digs if you'd rather damn,1702,1702,1714,1715,0,0,1,1
S01E01,219,counted_remaining_error,substitute,outta,of,not stand i could always toss you <<outta>> your digs if you'd rather damn the,pleased i can always toss you out <<of>> your digs if you'd rather damn the,1702,1703,1715,1716,1,0,0,1
S01E01,221,counted_remaining_error,insert,,are,rather damn the vagaries of haggling when <<<gap>>> you going to wise up and run,rather damn the vagaries of haggling when <<are>> you going to wise up and run,1714,1714,1727,1728,0,0,1,1
S01E01,223,counted_remaining_error,substitute,girlie,girly,up and run with a better crowd <<girlie>> i don't think i really have a,up and run with a better crowd <<girly>> i don't think i really have a,1725,1726,1739,1740,1,0,0,1
S01E01,225,counted_remaining_error,insert,,yeah,a choice i'm a hostage you know <<<gap>>> i swear one of these days are,a choice i'm a hostage you know <<yeah>> i swear one of these days are,1739,1739,1753,1754,0,0,1,1
S01E01,227,counted_remaining_error,insert,,you're,you double take it or leave it <<<gap>>> your decision new development the organization has,you double take it or leave it <<you're>> a decision new development the organization has,1761,1761,1776,1777,0,0,1,1
S01E01,228,counted_remaining_error,substitute,your,a,you double take it or leave it <<your>> decision new development the organization has apparently,double take it or leave it you're <<a>> decision new development the organization has apparently,1761,1762,1777,1778,1,0,0,1
S01E01,230,counted_remaining_error,substitute,sure,should,pocket our enemies multiply here huh you <<sure>> guzzle that stuff like it's going out,pocket our enemies multiply here huh you <<should>> guzzle that stuff like it's going out,1782,1783,1798,1799,1,0,0,1
S01E01,232,counted_remaining_error,substitute,iq's,iqs,it's going out of style to exemplary <<iq's>> this stuff is nothing short of ambrosial,it's going out of style to exemplary <<iqs>> this stuff is nothing short of ambrosial,1794,1795,1810,1811,1,0,0,1
S01E01,234,counted_remaining_error,substitute,we've,we,finally gone over to the enemy as <<we've>> feared our hand is forced plan omega,finally gone over to the enemy as <<we>> feared our hand is forced plan omega,1820,1821,1836,1837,1,0,0,1
S01E01,236,counted_remaining_error,insert,,all,plan omega must be set in motion <<<gap>>> alrighty this is no time to be,plan omega must be set in motion <<all>> righty this is no time to be,1833,1833,1849,1850,0,0,1,1
S01E01,237,counted_remaining_error,substitute,alrighty,righty,plan omega must be set in motion <<alrighty>> this is no time to be glib,omega must be set in motion all <<righty>> this is no time to be glib,1833,1834,1850,1851,1,0,0,1
S01E01,239,counted_remaining_error,substitute,were,are,some change of high school when we <<were>> in different classes and never said a,some change of high school when we <<are>> in different classes and never said a,1901,1902,1918,1919,1,0,0,1
S01E01,241,counted_remaining_error,substitute,r,ring,thought if you want to give the <<r>> e n g another whirl though i'm,thought if you want to give the <<ring>> another whirl though i'm down for it,1945,1946,1962,1963,1,0,0,1
S01E01,242,counted_remaining_error,delete,e n g,,if you want to give the r <<e n g>> another whirl though i'm down for it,if you want to give the ring <<<gap>>> another whirl though i'm down for it,1946,1949,1963,1963,0,3,0,3
S01E01,244,counted_remaining_error,substitute,double,002,whirl though i'm down for it banana <<double>> o two why you're just going to,whirl though i'm down for it banana <<002>> why you're just going to nuke the,1957,1958,1971,1972,1,0,0,1
S01E01,245,counted_remaining_error,delete,o two,,though i'm down for it banana double <<o two>> why you're just going to nuke the,though i'm down for it banana 002 <<<gap>>> why you're just going to nuke the,1958,1960,1972,1972,0,2,0,2
S01E01,247,counted_remaining_error,substitute,steel,steal,poor thing you'll make it all icky <<steel>> yourself woman this is for science well,poor thing you'll make it all icky <<steal>> yourself woman this is for science well,1974,1975,1986,1987,1,0,0,1
S01E01,249,counted_remaining_error,insert,,on,though yes yes welcome to the radioactive <<<gap>>> entre navigational gopher for your phone wave,though yes yes welcome to the radioactive <<on>> trade navigational gopher for your phone wave,2005,2005,2017,2018,0,0,1,1
S01E01,250,counted_remaining_error,substitute,entre,trade,though yes yes welcome to the radioactive <<entre>> navigational gopher for your phone wave to,yes yes welcome to the radioactive on <<trade>> navigational gopher for your phone wave to,2005,2006,2018,2019,1,0,0,1
S01E01,252,counted_remaining_error,insert,,you,two zero pound solid turntable action clockwise <<<gap>>> unique for a microwave i notice clockwise,two zero pound solid turntable action clockwise <<you>> nick for a microwave i notice clockwise,2039,2039,2052,2053,0,0,1,1
S01E01,253,counted_remaining_error,substitute,unique,nick,two zero pound solid turntable action clockwise <<unique>> for a microwave i notice clockwise there's,zero pound solid turntable action clockwise you <<nick>> for a microwave i notice clockwise there's,2039,2040,2053,2054,1,0,0,1
S01E01,255,counted_remaining_error,substitute,hand's,hans',feel it approached from a quantum perspective <<hand's>> rule of maximum multiplicity don't get ahead,feel it approached from a quantum perspective <<hans'>> rule of maximum multiplicity don't get ahead,2062,2063,2076,2077,1,0,0,1
S01E01,257,counted_remaining_error,substitute,stein's,steins',effect on bananas tends to strengthen my <<stein's>> gate hypothesis just what i was thinking,effect on bananas tends to strengthen my <<steins'>> gate hypothesis just what i was thinking,2111,2112,2125,2126,1,0,0,1
S01E01,259,counted_remaining_error,delete,hmm,,the honors go to you my lovely <<hmm>> do i have to the bananas get,the honors go to you my lovely <<<gap>>> do i have to the bananas get,2136,2137,2150,2150,0,1,0,1
S01E01,261,excluded_name_error,substitute,mayushii,mayushi,the way they taste you've eaten one <<mayushii>> huh could you give me that spiel,the way they taste you've eaten one <<mayushi>> could you give me that spiel again,2159,2160,2172,2173,1,0,0,1
S01E01,262,counted_remaining_error,delete,huh,,way they taste you've eaten one mayushii <<huh>> could you give me that spiel again,way they taste you've eaten one mayushi <<<gap>>> could you give me that spiel again,2160,2161,2173,2173,0,1,0,1
S01E01,264,counted_remaining_error,substitute,gets,get,could you say wet alrighty the bananas <<gets>> all wet and floppy stop it stop,could you say wet alrighty the bananas <<get>> all wet and floppy stop it stop,2179,2180,2191,2192,1,0,0,1
S01E01,266,counted_remaining_error,insert,,to the building's roof,not to mention the damage it's caused <<<gap>>> i'm totally dying here you've been outside,not to mention the damage it's caused <<to the building's roof>> i'm totally dying here you've been outside,2211,2211,2223,2227,0,0,4,4
S01E01,268,counted_remaining_error,substitute,caf,cafe,wants nothing to do with a maid <<caf>> ugh yeah well the deans are begging,wants nothing to do with a maid <<cafe>> yeah well the deans are begging me,2262,2263,2278,2279,1,0,0,1
S01E01,269,counted_remaining_error,delete,ugh,,nothing to do with a maid caf <<ugh>> yeah well the deans are begging me,nothing to do with a maid cafe <<<gap>>> yeah well the deans are begging me,2263,2264,2279,2279,0,1,0,1
S01E01,271,counted_remaining_error,substitute,whew,ooh,me to drop out with that attitude <<whew>> air conditioning i can feel the life,me to drop out with that attitude <<ooh>> air conditioning i can feel the life,2277,2278,2292,2293,1,0,0,1
S01E01,273,counted_remaining_error,substitute,'sides,sides,like we'd see anything through the crowd <<'sides>> i'm keeping tabs on the whole shebang,like we'd see anything through the crowd <<sides>> i'm keeping tabs on the whole shebang,2325,2326,2340,2341,1,0,0,1
S01E01,275,counted_remaining_error,substitute,douche,douchebag,asking questions violation of my basic rights <<douche>> bag i sent you a text about,asking questions violation of my basic rights <<douchebag>> i sent you a text huh about,2361,2362,2376,2377,1,0,0,1
S01E01,276,counted_remaining_error,delete,bag,,questions violation of my basic rights douche <<bag>> i sent you a text about makise,questions violation of my basic rights douchebag <<<gap>>> i sent you a text huh about,2362,2363,2377,2377,0,1,0,1
S01E01,278,counted_remaining_error,insert,,huh,douche bag i sent you a text <<<gap>>> about makise kurisu's murder dude that was,rights douchebag i sent you a text <<huh>> about maki sekurisu's murder dude that was,2368,2368,2382,2383,0,0,1,1
S01E01,280,excluded_name_error,substitute,makise kurisu's,maki sekurisu's,bag i sent you a text about <<makise kurisu's>> murder dude that was like so last,i sent you a text huh about <<maki sekurisu's>> murder dude that was like so last,2369,2371,2384,2386,2,0,0,2
S01E01,282,counted_remaining_error,insert,,1256,spam monkey see huh received july 23rd <<<gap>>> twelve 56pm what yup what the hang,spam monkey see huh received july 23rd <<1256>> p m what yep what the hang,2395,2395,2410,2411,0,0,1,1
S01E01,283,counted_remaining_error,substitute,twelve 56pm,p m,spam monkey see huh received july 23rd <<twelve 56pm>> what yup what the hang on my,monkey see huh received july 23rd 1256 <<p m>> what yep what the hang on my,2395,2397,2411,2413,2,0,0,2
S01E01,285,counted_remaining_error,substitute,yup,yep,huh received july 23rd twelve 56pm what <<yup>> what the hang on my outbox where,received july 23rd 1256 p m what <<yep>> what the hang on my outbox where,2398,2399,2414,2415,1,0,0,1
S01E01,287,counted_remaining_error,substitute,twenty,28th,is it what's today huh it's the <<twenty>> eighth why spill it my text traveled,is it what's today huh it's the <<28th>> why spill it my text traveled backward,2413,2414,2429,2430,1,0,0,1
S01E01,288,counted_remaining_error,delete,eighth,,it what's today huh it's the twenty <<eighth>> why spill it my text traveled backward,it what's today huh it's the 28th <<<gap>>> why spill it my text traveled backward,2414,2415,2430,2430,0,1,0,1
S01E01,290,counted_remaining_error,insert,,thank you thank you thank you you,my text traveled backward in time what <<<gap>>>,my text traveled backward in time what <<thank you thank you thank you you>>,2425,2425,2440,2447,0,0,7,7
S01E02,1,counted_remaining_error,delete,you're,,what are you doing impossible how you're <<you're>> alive are you a zombie i'm about,what are you doing impossible how you're <<<gap>>> alive are you a zombie i'm about,7,8,7,7,0,1,0,1
S01E02,3,excluded_name_error,substitute,nakabachi's,nakaboxi's,more than three hours ago during dr <<nakabachi's>> lecture ix nay on the azy cray,more than three hours ago during dr <<nakaboxi's>> lecture it's snay on the az crate,78,79,77,78,1,0,0,1
S01E02,5,counted_remaining_error,substitute,ix nay,it's snay,three hours ago during dr nakabachi's lecture <<ix nay>> on the azy cray dude we've been,three hours ago during dr nakaboxi's lecture <<it's snay>> on the az crate dude we've been,80,82,79,81,2,0,0,2
S01E02,7,counted_remaining_error,substitute,azy cray,az crate,dr nakabachi's lecture ix nay on the <<azy cray>> dude we've been over this the doctor's,dr nakaboxi's lecture it's snay on the <<az crate>> dude we've been over this the doctor's,84,86,83,85,2,0,0,2
S01E02,9,counted_remaining_error,substitute,ma'am uh,ma 'am,excuse me they're ready for you now <<ma'am uh>> coming you can't just saunter off no,excuse me they're ready for you now <<ma 'am>> coming you can't just sort her off,106,108,105,107,2,0,0,2
S01E02,11,counted_remaining_error,insert,,sort,now ma'am uh coming you can't just <<<gap>>> saunter off no you don't you are,now ma 'am coming you can't just <<sort>> her off you are sick far from,112,112,111,112,0,0,1,1
S01E02,12,counted_remaining_error,substitute,saunter,her,now ma'am uh coming you can't just <<saunter>> off no you don't you are sick,ma 'am coming you can't just sort <<her>> off you are sick far from it,112,113,112,113,1,0,0,1
S01E02,14,counted_remaining_error,delete,no,,uh coming you can't just saunter off <<no>> you don't you are sick far from,coming you can't just sort her off <<<gap>>> you are sick far from it i,114,115,114,114,0,1,0,1
S01E02,16,counted_remaining_error,delete,don't you,,you can't just saunter off no you <<don't you>> are sick far from it i am,you can't just sort her off you <<<gap>>> are sick far from it i am,116,118,115,115,0,2,0,2
S01E02,18,counted_remaining_error,insert,,ho in kiyoma thank you,are sick far from it i am <<<gap>>> hououin kyoma first off thanks for coming,are sick far from it i am <<ho in kiyoma thank you>> thank you first off thanks for coming,125,125,122,127,0,0,5,5
S01E02,19,excluded_name_error,substitute,hououin kyoma,thank you,are sick far from it i am <<hououin kyoma>> first off thanks for coming today i,i am ho in kiyoma thank you <<thank you>> first off thanks for coming today i,125,127,127,129,2,0,0,2
S01E02,21,counted_remaining_error,insert,,with,objectively something any serious physicist simply outgrows <<<gap>>> objection i'm sorry no more real than,objectively something any serious physicist simply outgrows <<with>> objection i'm sorry no more real than,247,247,249,250,0,0,1,1
S01E02,23,counted_remaining_error,insert,,all,i'm not a lone nut pray continue <<<gap>>> alright then fine you're so keen let's,i'm not a lone nut pray continue <<all>> right then fine you're so keen let's,295,295,298,299,0,0,1,1
S01E02,24,counted_remaining_error,substitute,alright,right,i'm not a lone nut pray continue <<alright>> then fine you're so keen let's do,not a lone nut pray continue all <<right>> then fine you're so keen let's do,295,296,299,300,1,0,0,1
S01E02,26,counted_remaining_error,insert,,ho,by entrenched naysayers now would we agreed <<<gap>>> hououin kyoma that infuriating safe to say,by entrenched naysayers now would we agreed <<ho>> in kiyoma that infuriating safe to say,318,318,322,323,0,0,1,1
S01E02,27,excluded_name_error,substitute,hououin kyoma,in kiyoma,by entrenched naysayers now would we agreed <<hououin kyoma>> that infuriating safe to say string theory,entrenched naysayers now would we agreed ho <<in kiyoma>> that infuriating safe to say string theory,318,320,323,325,2,0,0,2
S01E02,29,counted_remaining_error,substitute,gibe,jibe,infuriating safe to say string theory doesn't <<gibe>> with the notion of bouncing around through,infuriating safe to say string theory doesn't <<jibe>> with the notion of bouncing around through,328,329,333,334,1,0,0,1
S01E02,31,counted_remaining_error,substitute,g,goodle's,argument from you sir so much for <<g>> del's view let's forge ahead to the,argument from you sir so much for <<goodle's>> view let's forge ahead to the next,354,355,359,360,1,0,0,1
S01E02,32,counted_remaining_error,delete,del's,,from you sir so much for g <<del's>> view let's forge ahead to the next,from you sir so much for goodle's <<<gap>>> view let's forge ahead to the next,355,356,360,360,0,1,0,1
S01E02,34,counted_remaining_error,delete,auuuugh,,missed feel free to jump in sir <<auuuugh>> why must she be so damnably articulate,missed feel free to jump in sir <<<gap>>> why must she be so damnably articulate,404,405,408,408,0,1,0,1
S01E02,36,excluded_name_error,substitute,okarin's,ocarine's,the great ruka is victorious oh hey <<okarin's>> here too too roo huh oh okabe,the great ruka is victorious oh hey <<ocarine's>> here oh okabe i mean kyoma sorry,465,466,468,469,1,0,0,1
S01E02,38,counted_remaining_error,delete,too too roo huh,,ruka is victorious oh hey okarin's here <<too too roo huh>> oh okabe i mean kyoma sorry don't,ruka is victorious oh hey ocarine's here <<<gap>>> oh okabe i mean kyoma sorry don't,467,471,470,470,0,4,0,4
S01E02,40,counted_remaining_error,substitute,psy,sai,yet again huh oh right um el <<psy>> concrete congroo i'm sure you mean that's,yet again huh oh right um el <<sai>> concrete congru i'm sure you mean that's,493,494,492,493,1,0,0,1
S01E02,42,counted_remaining_error,substitute,congroo,congru,huh oh right um el psy concrete <<congroo>> i'm sure you mean that's the one,huh oh right um el sai concrete <<congru>> i'm sure you mean that's the one,495,496,494,495,1,0,0,1
S01E02,44,counted_remaining_error,delete,uh errr,,you're not just saying that are you <<uh errr>> don't you think ruka's sword practice is,you're not just saying that are you <<<gap>>> don't you think ruka's sword practice is,584,586,583,583,0,2,0,2
S01E02,46,counted_remaining_error,substitute,samidare,samadari,wanted me to show some discipline the <<samidare>> blade is very close to revealing its,wanted me to show some discipline the <<samadari>> blade is very close to revealing its,610,611,607,608,1,0,0,1
S01E02,48,counted_remaining_error,substitute,wielder,wheeler,at it and you'll be a worthy <<wielder>> in no time yes sir and to,at it and you'll be a worthy <<wheeler>> in no time yes sir and to,632,633,629,630,1,0,0,1
S01E02,50,counted_remaining_error,substitute,weapons,weapon,to think you found it in the <<weapons>> shop for only 980 yen and they,to think you found it in the <<weapon>> shop for only 980 yen and they,646,647,643,644,1,0,0,1
S01E02,52,counted_remaining_error,substitute,grasshoppa,grasshopper,well then let us inspect your progress <<grasshoppa>> demonstrate an exorcism uh well sure i,well then let us inspect your progress <<grasshopper>> demonstrate an exorcism oh well sure i,669,670,666,667,1,0,0,1
S01E02,54,counted_remaining_error,substitute,uh,oh,inspect your progress grasshoppa demonstrate an exorcism <<uh>> well sure i guess except i don't,inspect your progress grasshopper demonstrate an exorcism <<oh>> well sure i guess except i don't,673,674,670,671,1,0,0,1
S01E02,56,counted_remaining_error,substitute,father's,fathers,don't really perform them all by myself <<father's>> usually around to auuuuughh a malign spirit,don't really perform them all by myself <<fathers>> usually a malign spirit has taken possession,687,688,684,685,1,0,0,1
S01E02,58,counted_remaining_error,delete,around to auuuuughh,,perform them all by myself father's usually <<around to auuuuughh>> a malign spirit has taken possession of,perform them all by myself fathers usually <<<gap>>> a malign spirit has taken possession of,689,692,686,686,0,3,0,3
S01E02,60,excluded_name_error,substitute,rukako,rukiko,has taken possession of my right hand <<rukako>> banish it before i'm forced to do,has taken possession of my right hand <<rukiko>> banish it before i'm forced to do,702,703,696,697,1,0,0,1
S01E02,62,excluded_name_error,substitute,urushibara,urishibara,while you're here indeed it is insatiable <<urushibara>> ruka delicate as an orchid fair as,while you're here indeed it is insatiable <<urishibara>> ruka delicate as an orchid fair as,729,730,723,724,1,0,0,1
S01E02,64,counted_remaining_error,substitute,cicadas,cicada's,sun dips low in a rosy sky <<cicadas>> buzz ruka is a dude bye how,sun dips low in a rosy sky <<cicada's>> buzz ruka is a dude bye how,771,772,765,766,1,0,0,1
S01E02,66,counted_remaining_error,substitute,evile,evil,the shrine has its perks take that <<evile>> spirits oof oopsie heh aww don't tell,the shrine has its perks take that <<evil>> spirits oopsie aw don't tell me they've,801,802,795,796,1,0,0,1
S01E02,68,counted_remaining_error,delete,oof,,has its perks take that evile spirits <<oof>> oopsie heh aww don't tell me they've,has its perks take that evil spirits <<<gap>>> oopsie aw don't tell me they've blocked,803,804,797,797,0,1,0,1
S01E02,70,counted_remaining_error,substitute,heh,aw,perks take that evile spirits oof oopsie <<heh>> aww don't tell me they've blocked this,its perks take that evil spirits oopsie <<aw>> don't tell me they've blocked this off,805,806,798,799,1,0,0,1
S01E02,71,counted_remaining_error,delete,aww,,take that evile spirits oof oopsie heh <<aww>> don't tell me they've blocked this off,perks take that evil spirits oopsie aw <<<gap>>> don't tell me they've blocked this off,806,807,799,799,0,1,0,1
S01E02,73,counted_remaining_error,substitute,they,we,don't tell me they've blocked this off <<they>> had to it's leads to the back,don't tell me they've blocked this off <<we>> had to it leads to the back,814,815,806,807,1,0,0,1
S01E02,75,counted_remaining_error,substitute,it's,it,they've blocked this off they had to <<it's>> leads to the back of the radio,they've blocked this off we had to <<it>> leads to the back of the radio,817,818,809,810,1,0,0,1
S01E02,77,counted_remaining_error,insert,,huh,on home after i get out hey <<<gap>>> you uh really don't remember hearing that,on home after i get out hey <<huh>> you uh really don't remember hearing that,863,863,855,856,0,0,1,1
S01E02,79,counted_remaining_error,substitute,umm,um,where the stairwell of the radio building <<umm>> that'd be the kind of thing to,where the stairwell of the radio building <<um>> that'd be the kind of thing to,881,882,874,875,1,0,0,1
S01E02,81,counted_remaining_error,delete,hahaha,,think so yeah well anyway never mind <<hahaha>> you're so random sometimes i don't get,think so yeah well anyway never mind <<<gap>>> you're so random sometimes i don't get,899,900,892,892,0,1,0,1
S01E02,83,counted_remaining_error,insert,,what's,how all the cool kids are saying <<<gap>>> wassup these days i'm guessing she's not,how all the cool kids are saying <<what's>> up these days i'm guessing she's not,981,981,973,974,0,0,1,1
S01E02,84,counted_remaining_error,substitute,wassup,up,how all the cool kids are saying <<wassup>> these days i'm guessing she's not here,all the cool kids are saying what's <<up>> these days i'm guessing she's not here,981,982,974,975,1,0,0,1
S01E02,86,excluded_name_error,substitute,suzuha,souza,of this give me a name amane <<suzuha>> your age eighteen reason for applying serious,of this give me a name amane <<souza>> your age eighteen reason for applying serious,1001,1002,994,995,1,0,0,1
S01E02,88,excluded_name_error,substitute,hououin,but,who happens to be none other than <<hououin>> you want me to double your rent,who happens to be none other than <<but>> you want me to double your rent,1053,1054,1046,1047,1,0,0,1
S01E02,90,counted_remaining_error,insert,,meet you,double your rent okabe rintaro nice to <<<gap>>> meet'cha whacha got in the bags have,double your rent okabe rintaro nice to <<meet you>> what you got in the bags have,1065,1065,1058,1060,0,0,2,2
S01E02,91,counted_remaining_error,substitute,meet'cha whacha,what you,double your rent okabe rintaro nice to <<meet'cha whacha>> got in the bags have a look,rent okabe rintaro nice to meet you <<what you>> got in the bags have a look,1065,1067,1060,1062,2,0,0,2
S01E02,93,counted_remaining_error,substitute,corn,corps,look donations in the form of intelligence <<corn>> i could part with an ear for,look donations in the form of intelligence <<corps>> i could part with an ear for,1080,1081,1075,1076,1,0,0,1
S01E02,95,counted_remaining_error,substitute,groddy,brody,part with an ear for a song <<groddy>> looks like it's made of little yellow,part with an ear for a song <<brody>> looks like it's made of little yellow,1090,1091,1085,1086,1,0,0,1
S01E02,97,counted_remaining_error,substitute,sara,sarah,mine has been hounded by the organization <<sara>> dear claudia innocent simone that's so tragic,mine has been hounded by the organization <<sarah>> dear claudia innocent simone that's so tragic,1130,1131,1125,1126,1,0,0,1
S01E02,99,excluded_name_error,substitute,makise,makisei,daru and mayuri so it was cancelled <<makise>> kurisu working hypothesis reality and my brain,daru and mayuri so it was cancelled <<makisei>> kurisu working hypothesis reality and my brain,1194,1195,1189,1190,1,0,0,1
S01E02,101,counted_remaining_error,substitute,aren't,are,own time i'm here to protect freedom <<aren't>> you worried that by being here you,own time i'm here to protect freedom <<are>> you worried that by being here you,1281,1282,1276,1277,1,0,0,1
S01E02,103,counted_remaining_error,substitute,'grandfather,grandfather,creating a paradox ah the so called <<'grandfather>> paradox ' it doesn't exist it's possible,creating a paradox ah the so called <<grandfather>> paradox it doesn't exist it's possible to,1300,1301,1295,1296,1,0,0,1
S01E02,105,counted_remaining_error,delete,',,paradox ah the so called 'grandfather paradox <<'>> it doesn't exist it's possible to meet,paradox ah the so called grandfather paradox <<<gap>>> it doesn't exist it's possible to meet,1302,1303,1297,1297,0,1,0,1
S01E02,107,counted_remaining_error,insert,,that,world line so his thing now is <<<gap>>> he's japanese he rears up on u,world line so his thing now is <<that>> he's japanese he rears up on u,1406,1406,1400,1401,0,0,1,1
S01E02,109,counted_remaining_error,insert,,it,to try and steer us clear of <<<gap>>> takes the internet and every underground publisher,to try and steer us clear of <<it>> takes the internet and every underground publisher,1441,1441,1436,1437,0,0,1,1
S01E02,111,counted_remaining_error,substitute,s,sob,to nix all your files on the <<s>> o b a dozen results no way,to nix all your files on the <<sob>> a dozen results no way ten years,1485,1486,1481,1482,1,0,0,1
S01E02,112,counted_remaining_error,delete,o b,,nix all your files on the s <<o b>> a dozen results no way ten years,nix all your files on the sob <<<gap>>> a dozen results no way ten years,1486,1488,1482,1482,0,2,0,2
S01E02,114,excluded_name_error,substitute,faris,ferris,this better be good dude i'm with <<faris>> where'd you move my books i'm sorry,this better be good dude i'm with <<ferris>> where'd you move my books i'm sorry,1537,1538,1531,1532,1,0,0,1
S01E02,116,excluded_name_error,substitute,titor,teeter,sorry the ones i had on john <<titor>> man look i've always kept them in,sorry the ones i had on john <<teeter>> man look i've always kept them in,1551,1552,1545,1546,1,0,0,1
S01E02,118,excluded_name_error,substitute,titor,teeter,down what who the hell is john <<titor>> dude i spent all night trying to,down what who the hell is john <<teeter>> dude i spent all night trying to,1576,1577,1570,1571,1,0,0,1
S01E02,120,excluded_name_error,substitute,titor,teeter,yet i have a question for you <<titor>> about ten years ago the year 2000,yet i have a question for you <<teeter>> about ten years ago the year 2000,1604,1605,1598,1599,1,0,0,1
S01E02,122,counted_remaining_error,insert,,whoa,in the whoa whoa whoa whoa whoa <<<gap>>> not so fast er that is to,in the whoa whoa whoa whoa whoa <<whoa>> not so fast that is to say,1647,1647,1641,1642,0,0,1,1
S01E02,124,counted_remaining_error,delete,er,,whoa whoa whoa whoa not so fast <<er>> that is to say hold the phone,whoa whoa whoa whoa not so fast <<<gap>>> that is to say hold the phone,1650,1651,1645,1645,0,1,0,1
S01E02,126,counted_remaining_error,insert,,hoi,i type can't you read it says <<<gap>>> hououin kyoma right there fine allow me,i type can't you read it says <<hoi>> and kilma right there fine allow me,1819,1819,1813,1814,0,0,1,1
S01E02,127,excluded_name_error,substitute,hououin kyoma,and kilma,i type can't you read it says <<hououin kyoma>> right there fine allow me okay just,type can't you read it says hoi <<and kilma>> right there fine allow me okay just,1819,1821,1814,1816,2,0,0,2
S01E02,129,excluded_name_error,substitute,okarin,ocarine,was you well then welcome home meowster <<okarin>> so how's tricks may it's meow ushii,was you well then welcome home meowster <<ocarine>> so how's tricks my it's meowush you,1863,1864,1858,1859,1,0,0,1
S01E02,131,counted_remaining_error,substitute,may,my,welcome home meowster okarin so how's tricks <<may>> it's meow ushii while i'm on the,welcome home meowster ocarine so how's tricks <<my>> it's meowush you and i'm on the,1867,1868,1862,1863,1,0,0,1
S01E02,133,counted_remaining_error,substitute,meow ushii while,meowush you and,meowster okarin so how's tricks may it's <<meow ushii while>> i'm on the clock silly ohhhh you,meowster ocarine so how's tricks my it's <<meowush you and>> i'm on the clock silly oh you,1869,1872,1864,1867,3,0,0,3
S01E02,135,counted_remaining_error,substitute,ohhhh,oh,ushii while i'm on the clock silly <<ohhhh>> you know what we should find a,you and i'm on the clock silly <<oh>> you know what we should find a,1877,1878,1872,1873,1,0,0,1
S01E02,137,counted_remaining_error,insert,,about,make your name kitty ish too how <<<gap>>> bout rrrowkabe is daru around oh he's,make your name kitty ish too how <<about>> real kabe is staroo around oh he's,1894,1894,1889,1890,0,0,1,1
S01E02,138,counted_remaining_error,substitute,bout rrrowkabe,real kabe,make your name kitty ish too how <<bout rrrowkabe>> is daru around oh he's lounging in,your name kitty ish too how about <<real kabe>> is staroo around oh he's lounging in,1894,1896,1890,1892,2,0,0,2
S01E02,140,excluded_name_error,substitute,daru,staroo,kitty ish too how bout rrrowkabe is <<daru>> around oh he's lounging in the back,ish too how about real kabe is <<staroo>> around oh he's lounging in the back,1897,1898,1893,1894,1,0,0,1
S01E02,142,excluded_name_error,substitute,kyoma,kiyama,around oh he's lounging in the back <<kyoma>> what happened to your solemn oath to,around oh he's lounging in the back <<kiyama>> what happened to your solemn oath to,1905,1906,1901,1902,1,0,0,1
S01E02,144,excluded_name_error,substitute,faris,ferris,are you going to let me join <<faris>> i cannot let you fight my battles,are you going to let me join <<ferris>> i cannot let you fight my battles,1973,1974,1969,1970,1,0,0,1
S01E02,146,excluded_name_error,substitute,guiana,guyana,i have months of hardship in the <<guiana>> highlands couldn't deter me nor the death,i have months of hardship in the <<guyana>> highlands couldn't deter me nor the death,2014,2015,2010,2011,1,0,0,1
S01E02,148,counted_remaining_error,delete,ugh,,talking to you you're dead to me <<ugh>> stop worrying i have no interest in,talking to you you're dead to me <<<gap>>> stop worrying i have no interest in,2053,2054,2049,2049,0,1,0,1
S01E02,150,counted_remaining_error,substitute,them,him,doesn't count if i fool around on <<them>> with a flesh and blood woman okay,doesn't count if i fool around on <<him>> with a flesh and blood woman okay,2104,2105,2099,2100,1,0,0,1
S01E02,152,excluded_name_error,substitute,ibn fifty,ibm 5100,look at this whoa that's your classic <<ibn fifty>> one hundred is that a big deal,look at this whoa that's your classic <<ibm 5100>> is that a big deal dude it's,2126,2128,2121,2123,2,0,0,2
S01E02,153,counted_remaining_error,delete,one hundred,,this whoa that's your classic ibn fifty <<one hundred>> is that a big deal dude it's,this whoa that's your classic ibm 5100 <<<gap>>> is that a big deal dude it's,2128,2130,2123,2123,0,2,0,2
S01E02,155,counted_remaining_error,substitute,troll,trolled,somewhere your new friend and me probably <<troll>> the same message boards and it hasn't,somewhere your new friend and me probably <<trolled>> the same message boards and it hasn't,2167,2168,2160,2161,1,0,0,1
S01E02,157,counted_remaining_error,substitute,knight,nightheart,boards and it hasn't turned up yet <<knight>> heart couldn't even get a lock on,boards and it hasn't turned up yet <<nightheart>> couldn't even get a lock on it,2178,2179,2171,2172,1,0,0,1
S01E02,158,counted_remaining_error,delete,heart,,and it hasn't turned up yet knight <<heart>> couldn't even get a lock on it,and it hasn't turned up yet nightheart <<<gap>>> couldn't even get a lock on it,2179,2180,2172,2172,0,1,0,1
S01E02,160,counted_remaining_error,substitute,lying,line,then not many people had the scratch <<lying>> around to buy one kind of the,then not many people had the scratch <<line>> around to buy one kind of the,2243,2244,2235,2236,1,0,0,1
S01E02,162,excluded_name_error,substitute,kiryuu,kyriomoica,of the devil it would appear this <<kiryuu>> moeka is a woman on a bit,of the devil it would appear this <<kyriomoica>> is a woman on a bit of,2267,2268,2259,2260,1,0,0,1
S01E02,163,excluded_name_error,delete,moeka,,the devil it would appear this kiryuu <<moeka>> is a woman on a bit of,the devil it would appear this kyriomoica <<<gap>>> is a woman on a bit of,2268,2269,2260,2260,0,1,0,1
S01E02,165,counted_remaining_error,substitute,freeter,freeder,oh joy the plot thickens she's a <<freeter>> whatever that is and evidently only a,oh joy the plot thickens she's a <<freeder>> whatever that is and evidently only a,2285,2286,2276,2277,1,0,0,1
S01E02,167,counted_remaining_error,substitute,kathy,cathy,a lunch for not unleashing this chatty <<kathy>> on you man sorry no dice my,a lunch for not unleashing this chatty <<cathy>> on you man sorry no dice my,2312,2313,2303,2304,1,0,0,1
S01E02,169,counted_remaining_error,substitute,congroo,kongru,was probably just a rumor el psy <<congroo>> bon appetit meowsters eat while it's hot,was probably just a rumor el psy <<kongru>> bon appetit meowsters eat it while it's,2330,2331,2321,2322,1,0,0,1
S01E02,171,counted_remaining_error,insert,,it,el psy congroo bon appetit meowsters eat <<<gap>>> while it's hot bitching prepare to be,el psy kongru bon appetit meowsters eat <<it>> while it's hot bitchin prepare to be,2335,2335,2326,2327,0,0,1,1
S01E02,173,counted_remaining_error,substitute,bitching,bitchin,bon appetit meowsters eat while it's hot <<bitching>> prepare to be impressed i'm about to,appetit meowsters eat it while it's hot <<bitchin>> prepare to be impressed i'm about to,2338,2339,2330,2331,1,0,0,1
S01E02,175,counted_remaining_error,insert,,i knew it could count on you,some damage keep it in your pants <<<gap>>> oh man this is heaven on a,some damage keep it in your pants <<i knew it could count on you>> oh man this is heaven on a,2354,2354,2346,2353,0,0,7,7
S01E02,177,counted_remaining_error,substitute,fore,for,the chef analysis the gel nanas hitherto <<fore>> so to be named have been ripped,the chef analysis the gel nanas hitherto <<for>> so to be named have been ripped,2378,2379,2377,2378,1,0,0,1
S01E02,179,counted_remaining_error,substitute,hmm,mmm,been ripped asunder at the molecular level <<hmm>> they're basically mutant bananas you mean that,been ripped asunder at the molecular level <<mmm>> they're basically mutant bananas you mean that,2391,2392,2390,2391,1,0,0,1
S01E02,181,counted_remaining_error,substitute,s'pose,suppose,that can't be good what do you <<s'pose>> is causing it i think you'll agree,that can't be good what do you <<suppose>> is causing it i think you'll agree,2405,2406,2404,2405,1,0,0,1
S01E02,183,counted_remaining_error,substitute,double,003,really want to use these fear not <<double>> o three these specimens are the fruit,really want to use these fear not <<003>> these specimens are the fruit of mayuri's,2464,2465,2463,2464,1,0,0,1
S01E02,184,counted_remaining_error,delete,o three,,want to use these fear not double <<o three>> these specimens are the fruit of mayuri's,want to use these fear not 003 <<<gap>>> these specimens are the fruit of mayuri's,2465,2467,2464,2464,0,2,0,2
S01E02,186,counted_remaining_error,substitute,for,but,haven't time to quibble over particulars hack <<for>> this is science okay but i think,haven't time to quibble over particulars hack <<but>> this is science okay but i think,2487,2488,2484,2485,1,0,0,1
S01E02,188,counted_remaining_error,substitute,ruse,roost,name tba happens to be a clever <<ruse>> to throw the organization off our scent,name tba happens to be a clever <<roost>> to throw the organization off our scent,2540,2541,2537,2538,1,0,0,1
S01E02,190,counted_remaining_error,substitute,lock,lockdown,gone look impossible red alert implement emergency <<lock>> down protocol theta 666 immediately don't give,gone look impossible red alert implement emergency <<lockdown>> protocol theta 666 immediately don't give me,2583,2584,2580,2581,1,0,0,1
S01E02,191,counted_remaining_error,delete,down,,look impossible red alert implement emergency lock <<down>> protocol theta 666 immediately don't give me,look impossible red alert implement emergency lockdown <<<gap>>> protocol theta 666 immediately don't give me,2584,2585,2581,2581,0,1,0,1
S01E02,193,counted_remaining_error,delete,uhh,,is this your idea of a joke <<uhh>> hey if anyone's getting punked here it's,is this your idea of a joke <<<gap>>> hey if anyone's getting punked here it's,2613,2614,2609,2609,0,1,0,1
S01E02,195,counted_remaining_error,substitute,you've,you,getting punked here it's me look either <<you've>> palmed it or we have a teleporter,getting punked here it's me look either <<you>> palmed it or we have a teleporter,2624,2625,2619,2620,1,0,0,1
S01E02,197,counted_remaining_error,delete,um,,ordinary banana go from how the hell <<um>> that's funny i could have sworn we,ordinary banana go from how the hell <<<gap>>> that's funny i could have sworn we,2664,2665,2659,2659,0,1,0,1
S01E02,199,excluded_name_error,substitute,hououin kyoma makise,hoin kiyoma makisei,rintaro or wait i'm sorry is it <<hououin kyoma makise>> kurisu,rintaro or wait i'm sorry is it <<hoin kiyoma makisei>> kurisu thank you thank you thank you,2728,2731,2722,2725,3,0,0,3
S01E02,201,counted_remaining_error,insert,,thank you thank you thank you you,sorry is it hououin kyoma makise kurisu <<<gap>>>,sorry is it hoin kiyoma makisei kurisu <<thank you thank you thank you you>>,2732,2732,2726,2733,0,0,7,7
S01E03,0,excluded_name_error,substitute,makise,makisei,<<makise>> kurisu hey sorry i tried knocking but,<<makisei>> kurisu hey sorry i tried knocking but,0,1,0,1,1,0,0,1
S01E03,2,counted_remaining_error,substitute,how,how'd,tried knocking but no one came but <<how>> did you ferret us out i asked,tried knocking but no one came but <<how'd>> you ferret us out i asked hashida,12,13,12,13,1,0,0,1
S01E03,3,counted_remaining_error,delete,did,,knocking but no one came but how <<did>> you ferret us out i asked hashida,knocking but no one came but how'd <<<gap>>> you ferret us out i asked hashida,13,14,13,13,0,1,0,1
S01E03,5,counted_remaining_error,substitute,hah,aha,deal with a three dimensional woman well <<hah>> the battle for daru's soul is not,deal with a three dimensional woman well <<aha>> the battle for daru's soul is not,66,67,65,66,1,0,0,1
S01E03,7,counted_remaining_error,insert,,on,for daru's soul is not over i'm <<<gap>>> onto you mata hari could you please,for daru's soul is not over i'm <<on>> to you matahari could you please tell,76,76,75,76,0,0,1,1
S01E03,8,counted_remaining_error,substitute,onto,to,for daru's soul is not over i'm <<onto>> you mata hari could you please tell,daru's soul is not over i'm on <<to>> you matahari could you please tell him,76,77,76,77,1,0,0,1
S01E03,10,counted_remaining_error,substitute,mata,matahari,soul is not over i'm onto you <<mata>> hari could you please tell him i'm,is not over i'm on to you <<matahari>> could you please tell him i'm not,78,79,78,79,1,0,0,1
S01E03,11,counted_remaining_error,delete,hari,,is not over i'm onto you mata <<hari>> could you please tell him i'm not,not over i'm on to you matahari <<<gap>>> could you please tell him i'm not,79,80,79,79,0,1,0,1
S01E03,13,counted_remaining_error,insert,,so,i'm not a spy my telling him <<<gap>>> so's not going to do you very,i'm not a spy my telling him <<so>> is not going to do you very,92,92,91,92,0,0,1,1
S01E03,14,counted_remaining_error,substitute,so's,is,i'm not a spy my telling him <<so's>> not going to do you very much,not a spy my telling him so <<is>> not going to do you very much,92,93,92,93,1,0,0,1
S01E03,16,counted_remaining_error,substitute,stein's,steins,present calamity can't be the choice of <<stein's>> gate what in the hell is a,present calamity can't be the choice of <<steins>> gate what in the hell is a,123,124,123,124,1,0,0,1
S01E03,18,counted_remaining_error,substitute,stein's,steins,gate what in the hell is a <<stein's>> gate it's just a phrase he's partial,gate what in the hell is a <<steins>> gate it's just a phrase he's partial,131,132,131,132,1,0,0,1
S01E03,20,excluded_name_error,substitute,makise,makisei,too much time in the states i'm <<makise>> kurisu might as well do it official,too much time in the states i'm <<makisei>> kurisu might as well do it official,173,174,173,174,1,0,0,1
S01E03,22,counted_remaining_error,insert,,do,not jumping headlong into oblivion hey where <<<gap>>> d'you think you're going uh inside i,not jumping headlong into oblivion hey where <<do>> you think you're going uh inside i,225,225,225,226,0,0,1,1
S01E03,23,counted_remaining_error,substitute,d'you,you,not jumping headlong into oblivion hey where <<d'you>> think you're going uh inside i came,jumping headlong into oblivion hey where do <<you>> think you're going uh inside i came,225,226,226,227,1,0,0,1
S01E03,25,counted_remaining_error,insert,,thank you thank you you,poking around in my coat and that <<<gap>>> the rest are still attached to it,poking around in my coat and that <<thank you thank you you>> the rest are still attached to it,263,263,264,269,0,0,5,5
S01E03,27,counted_remaining_error,substitute,nuh,no,want to watch me eat a banana <<nuh>> uh isn't it enough that you were,want to watch me eat a banana <<no>> isn't it enough that you were groping,328,329,334,335,1,0,0,1
S01E03,28,counted_remaining_error,delete,uh,,to watch me eat a banana nuh <<uh>> isn't it enough that you were groping,to watch me eat a banana no <<<gap>>> isn't it enough that you were groping,329,330,335,335,0,1,0,1
S01E03,30,counted_remaining_error,substitute,'cause,because,you know damn well what i thought <<'cause>> you thought it first awesome no it's,you know damn well what i thought <<because>> you thought it first awesome no it's,425,426,430,431,1,0,0,1
S01E03,32,counted_remaining_error,substitute,oooooh,oh,thought it first awesome no it's not <<oooooh>> methinks the lady with the fruit fixation,thought it first awesome no it's not <<oh>> methinks the lady with the fruit fixation,434,435,439,440,1,0,0,1
S01E03,34,counted_remaining_error,substitute,muuuch,much,with the fruit fixation doth protest too <<muuuch>> i don't have a fixation listen while,with the fruit fixation doth protest too <<much>> i don't have a fixation listen while,445,446,450,451,1,0,0,1
S01E03,36,counted_remaining_error,substitute,comment,common,to you maybe me i'm one banana <<comment>> away from fight or flight you haven't,to you maybe me i'm one banana <<common>> away from fight or flight you haven't,698,699,703,704,1,0,0,1
S01E03,38,counted_remaining_error,substitute,nut job,nutjob all,no christina that isn't my name you <<nut job>> oh right you're the zombie how would,no christina that isn't my name you <<nutjob all>> right you're the zombie how would you,714,716,719,721,2,0,0,2
S01E03,39,counted_remaining_error,delete,oh,,that isn't my name you nut job <<oh>> right you're the zombie how would you,that isn't my name you nutjob all <<<gap>>> right you're the zombie how would you,716,717,721,721,0,1,0,1
S01E03,41,excluded_name_error,substitute,hououin,hoeing,the zombie how would you like it <<hououin>> carcinoma kyoma watch your tongue banana mouth,the zombie how would you like it <<hoeing>> carcinoma kyoma watch your tongue banana mouth,726,727,730,731,1,0,0,1
S01E03,43,counted_remaining_error,substitute,double,004,victory i hereby nomenclate you lab member <<double>> o four also known as chrrrristina no,victory i hereby nomenclate you lab member <<004>> also known as christina no i am,790,791,794,795,1,0,0,1
S01E03,44,counted_remaining_error,delete,o four,,i hereby nomenclate you lab member double <<o four>> also known as chrrrristina no i am,i hereby nomenclate you lab member 004 <<<gap>>> also known as christina no i am,791,793,795,795,0,2,0,2
S01E03,46,excluded_name_error,substitute,chrrrristina,christina,member double o four also known as <<chrrrristina>> no i am not when you're on,you lab member 004 also known as <<christina>> no i am not when you're on,796,797,798,799,1,0,0,1
S01E03,48,counted_remaining_error,substitute,bock bock ba,bok bok bok,bender grab a box of chicken tenders <<bock bock ba>> gock saying it's a teleporter doesn't make,bender grab a box of chicken tenders <<bok bok bok>> saying it doesn't make it so you,813,816,815,818,3,0,0,3
S01E03,49,counted_remaining_error,delete,gock,,box of chicken tenders bock bock ba <<gock>> saying it's a teleporter doesn't make it,box of chicken tenders bok bok bok <<<gap>>> saying it doesn't make it so you,816,817,818,818,0,1,0,1
S01E03,51,counted_remaining_error,substitute,it's,it,chicken tenders bock bock ba gock saying <<it's>> a teleporter doesn't make it so you,of chicken tenders bok bok bok saying <<it>> doesn't make it so you can't just,818,819,819,820,1,0,0,1
S01E03,52,counted_remaining_error,delete,a teleporter,,tenders bock bock ba gock saying it's <<a teleporter>> doesn't make it so you can't just,chicken tenders bok bok bok saying it <<<gap>>> doesn't make it so you can't just,819,821,820,820,0,2,0,2
S01E03,54,counted_remaining_error,delete,of,,with yours a banana moved a couple <<of>> feet i'm just saying i think teleporter,with yours a banana moved a couple <<<gap>>> feet i'm just saying i think teleporter,846,847,845,845,0,1,0,1
S01E03,56,counted_remaining_error,insert,,one two three four,just saying i think teleporter is premature <<<gap>>> ooh we have a guest a pleasure,just saying i think teleporter is premature <<one two three four>> oh we have a guest a pleasure,856,856,854,858,0,0,4,4
S01E03,57,counted_remaining_error,substitute,ooh,oh,just saying i think teleporter is premature <<ooh>> we have a guest a pleasure to,teleporter is premature one two three four <<oh>> we have a guest a pleasure to,856,857,858,859,1,0,0,1
S01E03,59,excluded_name_error,substitute,makise kurisu,maki sekurisu,guest a pleasure to meet you i'm <<makise kurisu>> i hope my being here didn't startle,guest a pleasure to meet you i'm <<maki sekurisu>> i hope my being here didn't startle,867,869,869,871,2,0,0,2
S01E03,61,excluded_name_error,substitute,shiina,shina,my being here didn't startle you i'm <<shiina>> mayuri are you a member of the,my being here didn't startle you i'm <<shina>> mayuri are you a member of the,878,879,880,881,1,0,0,1
S01E03,63,counted_remaining_error,substitute,yup,yep,lab i just became one myself seriously <<yup>> ah a girl i won't be the,lab i just became one myself seriously <<yep>> a girl i won't be the only,893,894,895,896,1,0,0,1
S01E03,64,counted_remaining_error,delete,ah,,i just became one myself seriously yup <<ah>> a girl i won't be the only,i just became one myself seriously yep <<<gap>>> a girl i won't be the only,894,895,896,896,0,1,0,1
S01E03,66,counted_remaining_error,substitute,ya,you,other than me can you believe it <<ya>> don't say nice to meetcha thank you,other than me can you believe it <<you>> don't say nice to meet ya thank,930,931,931,932,1,0,0,1
S01E03,68,counted_remaining_error,insert,,meet,believe it ya don't say nice to <<<gap>>> meetcha thank you and likewise what the,believe it you don't say nice to <<meet>> ya thank you and likewise what the,935,935,936,937,0,0,1,1
S01E03,69,counted_remaining_error,substitute,meetcha,ya,believe it ya don't say nice to <<meetcha>> thank you and likewise what the deuce,it you don't say nice to meet <<ya>> thank you and likewise what the deuce,935,936,937,938,1,0,0,1
S01E03,71,counted_remaining_error,insert,,an,what the deuce what's up there was <<<gap>>> electrical discharge what why didn't you tell,what the deuce what's up there was <<an>> electrical discharge what why didn't you tell,947,947,949,950,0,0,1,1
S01E03,73,counted_remaining_error,insert,,out,yesterday around noon i think you tore <<<gap>>> outta here after they showed that crashed,yesterday around noon i think you tore <<out>> of here after they showed that crashed,989,989,992,993,0,0,1,1
S01E03,74,counted_remaining_error,substitute,outta,of,yesterday around noon i think you tore <<outta>> here after they showed that crashed satellite,around noon i think you tore out <<of>> here after they showed that crashed satellite,989,990,993,994,1,0,0,1
S01E03,76,counted_remaining_error,substitute,in,into,wave real name tba was actually wired <<in>> to your cell phone that nutty one,wave real name tba was actually wired <<into>> your cell phone that nutty one about,1026,1027,1030,1031,1,0,0,1
S01E03,77,counted_remaining_error,delete,to,,real name tba was actually wired in <<to>> your cell phone that nutty one about,real name tba was actually wired into <<<gap>>> your cell phone that nutty one about,1027,1028,1031,1031,0,1,0,1
S01E03,79,excluded_name_error,substitute,makise,makisei,your cell phone that nutty one about <<makise>> getting eighty sixed you fired that thing,your cell phone that nutty one about <<makisei>> getting 86'd you fired that thing off,1035,1036,1038,1039,1,0,0,1
S01E03,81,counted_remaining_error,substitute,eighty,86'd,phone that nutty one about makise getting <<eighty>> sixed you fired that thing off to,phone that nutty one about makisei getting <<86'd>> you fired that thing off to me,1037,1038,1040,1041,1,0,0,1
S01E03,82,counted_remaining_error,delete,sixed,,that nutty one about makise getting eighty <<sixed>> you fired that thing off to me,that nutty one about makisei getting 86'd <<<gap>>> you fired that thing off to me,1038,1039,1041,1041,0,1,0,1
S01E03,84,counted_remaining_error,substitute,ta,to,was running some tests on it trying <<ta>> see if i could get the turntable,was running some tests on it trying <<to>> see if i could get the turntable,1084,1085,1086,1087,1,0,0,1
S01E03,86,counted_remaining_error,insert,,what do,daru your phone will have to suffice <<<gap>>> whaddaya want it to say how about,daru your phone will have to suffice <<what do>> you want it to say how about,1185,1185,1187,1189,0,0,2,2
S01E03,87,counted_remaining_error,substitute,whaddaya,you,daru your phone will have to suffice <<whaddaya>> want it to say how about christina,phone will have to suffice what do <<you>> want it to say how about christina,1185,1186,1189,1190,1,0,0,1
S01E03,89,excluded_name_error,substitute,okarin,ocarine,how about i just split the difference <<okarin>> is a pervert whaddya think what attaboy,how about i just split the difference <<ocarine>> is a pervert what do you think,1209,1210,1213,1214,1,0,0,1
S01E03,91,counted_remaining_error,insert,,what do,split the difference okarin is a pervert <<<gap>>> whaddya think what attaboy good thinking firing,split the difference ocarine is a pervert <<what do>> you think what attaboy good thinking firing,1213,1213,1217,1219,0,0,2,2
S01E03,92,counted_remaining_error,substitute,whaddya,you,split the difference okarin is a pervert <<whaddya>> think what attaboy good thinking firing torpedoes,difference ocarine is a pervert what do <<you>> think what attaboy good thinking firing torpedoes,1213,1214,1219,1220,1,0,0,1
S01E03,94,counted_remaining_error,insert,,i'm,tenders are nice and hot mayuri no <<<gap>>> huh you all right mm hm suck,tenders are nice and hot mayuri no <<i'm>> coming you all right suck it ac,1239,1239,1245,1246,0,0,1,1
S01E03,95,counted_remaining_error,substitute,huh,coming,tenders are nice and hot mayuri no <<huh>> you all right mm hm suck it,are nice and hot mayuri no i'm <<coming>> you all right suck it ac what,1239,1240,1246,1247,1,0,0,1
S01E03,97,counted_remaining_error,delete,mm hm,,hot mayuri no huh you all right <<mm hm>> suck it a c what just happened,mayuri no i'm coming you all right <<<gap>>> suck it ac what just happened electromagnetic,1243,1245,1250,1250,0,2,0,2
S01E03,99,counted_remaining_error,substitute,a,ac,you all right mm hm suck it <<a>> c what just happened electromagnetic pulse don't,i'm coming you all right suck it <<ac>> what just happened electromagnetic pulse don't be,1247,1248,1252,1253,1,0,0,1
S01E03,100,counted_remaining_error,delete,c,,all right mm hm suck it a <<c>> what just happened electromagnetic pulse don't be,coming you all right suck it ac <<<gap>>> what just happened electromagnetic pulse don't be,1248,1249,1253,1253,0,1,0,1
S01E03,102,counted_remaining_error,substitute,ahh,ah,some pawn shop not a hydrogen bomb <<ahh>> my chickies are charcoal they'll never be,some pawn shop not a hydrogen bomb <<ah>> my chickies are charcoal i'll never be,1275,1276,1279,1280,1,0,0,1
S01E03,104,counted_remaining_error,substitute,they'll,i'll,hydrogen bomb ahh my chickies are charcoal <<they'll>> never be tender again what're we going,hydrogen bomb ah my chickies are charcoal <<i'll>> never be tender again what are we,1280,1281,1284,1285,1,0,0,1
S01E03,106,counted_remaining_error,insert,,what,are charcoal they'll never be tender again <<<gap>>> what're we going to do about that,are charcoal i'll never be tender again <<what>> are we going to do about that,1285,1285,1289,1290,0,0,1,1
S01E03,107,counted_remaining_error,substitute,what're,are,are charcoal they'll never be tender again <<what're>> we going to do about that hole,charcoal i'll never be tender again what <<are>> we going to do about that hole,1285,1286,1290,1291,1,0,0,1
S01E03,109,counted_remaining_error,substitute,s f ah,sf oh yeah,time machine thirteen new text messages who's <<s f ah>> yes that shrinking violet i christened shining,time machine thirteen new text messages who's <<sf oh yeah>> that shrinking violet i christened shining finger,1384,1387,1389,1392,3,0,0,3
S01E03,110,counted_remaining_error,delete,yes,,new text messages who's s f ah <<yes>> that shrinking violet i christened shining finger,new text messages who's sf oh yeah <<<gap>>> that shrinking violet i christened shining finger,1387,1388,1392,1392,0,1,0,1
S01E03,112,counted_remaining_error,delete,are,,away are you asleep yet how long <<are>> you going to sleep d'you think daru,away are you asleep yet how long <<<gap>>> you going to sleep do you think,1411,1412,1415,1415,0,1,0,1
S01E03,114,counted_remaining_error,insert,,do,how long are you going to sleep <<<gap>>> d'you think daru you fancy a mid,yet how long you going to sleep <<do>> you think daru fancy a mid morning,1416,1416,1419,1420,0,0,1,1
S01E03,115,counted_remaining_error,substitute,d'you,you,how long are you going to sleep <<d'you>> think daru you fancy a mid morning,how long you going to sleep do <<you>> think daru fancy a mid morning walk,1416,1417,1420,1421,1,0,0,1
S01E03,117,counted_remaining_error,delete,you,,you going to sleep d'you think daru <<you>> fancy a mid morning walk what's wrong,going to sleep do you think daru <<<gap>>> fancy a mid morning walk what's wrong,1419,1420,1423,1423,0,1,0,1
S01E03,119,counted_remaining_error,substitute,getting',getting,burned the midnight oil for nothing i'm <<getting'>> a little low on morale plus my,burned the midnight oil for nothing i'm <<getting>> a little low on morale plus my,1435,1436,1438,1439,1,0,0,1
S01E03,121,counted_remaining_error,substitute,nanas,nannas,them why aren't they turning into gel <<nanas>> anymore beats me how come we can't,them why aren't they turning into gel <<nannas>> anymore hmm beats me how come we,1457,1458,1460,1461,1,0,0,1
S01E03,123,counted_remaining_error,insert,,hmm,aren't they turning into gel nanas anymore <<<gap>>> beats me how come we can't send,aren't they turning into gel nannas anymore <<hmm>> beats me how come we can't send,1459,1459,1462,1463,0,0,1,1
S01E03,125,excluded_name_error,substitute,makise's,makisei's,back in time maybe we should pick <<makise's>> brain again the s s christina has,back in time maybe we should pick <<makisei's>> brain again the ss christina has sailed,1476,1477,1480,1481,1,0,0,1
S01E03,127,counted_remaining_error,substitute,s,ss,we should pick makise's brain again the <<s>> s christina has sailed no but that's,we should pick makisei's brain again the <<ss>> christina has sailed no but that's impossible,1480,1481,1484,1485,1,0,0,1
S01E03,128,counted_remaining_error,delete,s,,should pick makise's brain again the s <<s>> christina has sailed no but that's impossible,should pick makisei's brain again the ss <<<gap>>> christina has sailed no but that's impossible,1481,1482,1485,1485,0,1,0,1
S01E03,130,counted_remaining_error,substitute,hmm what'm,what am,her why'd she get so freaked out <<hmm what'm>> i looking at just the lhc huh,her why'd she get so freaked out <<what am>> i looking at just the lhc huh,1504,1506,1507,1509,2,0,0,2
S01E03,132,excluded_name_error,substitute,sern's,cern's,just the lhc huh large hadron collider <<sern's>> particle accelerator ain't she a thing of,just the lhc huh large hadron collider <<cern's>> particle accelerator ain't she a thing of,1516,1517,1519,1520,1,0,0,1
S01E03,134,excluded_name_error,substitute,titor,teeter,strict monopoly on the time machine market <<titor>> he mentioned them that guy the one,strict monopoly on the time machine market <<teeter>> he mentioned them that guy the one,1535,1536,1538,1539,1,0,0,1
S01E03,136,counted_remaining_error,substitute,posts,post,what does it stand for in his <<posts>> john titor says that sern completes a,what does it stand for in his <<post>> john teeter says that sern completes a,1565,1566,1568,1569,1,0,0,1
S01E03,138,excluded_name_error,substitute,titor,teeter,it stand for in his posts john <<titor>> says that sern completes a working time,it stand for in his post john <<teeter>> says that sern completes a working time,1567,1568,1570,1571,1,0,0,1
S01E03,140,excluded_name_error,substitute,ya sern's,you cern's,get off my jock and i'll tell <<ya sern's>> full name is the european organization in,get off my jock and i'll tell <<you cern's>> full name is the european organization in,1598,1600,1601,1603,2,0,0,2
S01E03,142,counted_remaining_error,insert,,anti,these cats are packing the low energy <<<gap>>> antiproton ring the proton synchrotron booster the,these cats are packing the low energy <<anti>> proton ring the proton synchotron booster the,1637,1637,1640,1641,0,0,1,1
S01E03,143,counted_remaining_error,substitute,antiproton,proton,these cats are packing the low energy <<antiproton>> ring the proton synchrotron booster the large,cats are packing the low energy anti <<proton>> ring the proton synchotron booster the large,1637,1638,1641,1642,1,0,0,1
S01E03,145,counted_remaining_error,substitute,synchrotron,synchotron,the low energy antiproton ring the proton <<synchrotron>> booster the large electron positron collider and,low energy anti proton ring the proton <<synchotron>> booster the large electron positron collider and,1641,1642,1645,1646,1,0,0,1
S01E03,147,counted_remaining_error,substitute,mama,mamma,large electron positron collider and the baddest <<mama>> jama the world's largest particle accelerator the,large electron positron collider and the baddest <<mamma>> jama the world's largest particle accelerator the,1651,1652,1655,1656,1,0,0,1
S01E03,149,counted_remaining_error,substitute,'round,around,hadron collider there were even rumors going <<'round>> that the lhc could produce micro black,hadron collider there were even rumors going <<around>> that the lhc could produce micro black,1667,1668,1671,1672,1,0,0,1
S01E03,151,counted_remaining_error,delete,yuh huh,,it black holes you say huh daru <<yuh huh>> is there or isn't there a prevalent,it black holes you say huh daru <<<gap>>> is there or isn't there a prevalent,1688,1690,1692,1692,0,2,0,2
S01E03,153,excluded_name_error,insert,,maki,miniature black holes yeah there is but <<<gap>>> makise's lecture pretty much let the daylight,miniature black holes yeah there is but <<maki>> sei's lecture pretty much let the daylight,1719,1719,1721,1722,0,0,1,1
S01E03,154,excluded_name_error,substitute,makise's,sei's,miniature black holes yeah there is but <<makise's>> lecture pretty much let the daylight through,black holes yeah there is but maki <<sei's>> lecture pretty much let the daylight through,1719,1720,1722,1723,1,0,0,1
S01E03,156,counted_remaining_error,delete,heh,,take their word for it it's me <<heh>> he's so na ve i know el,take their word for it it's me <<<gap>>> he's so naive i know el sai,1779,1780,1782,1782,0,1,0,1
S01E03,158,counted_remaining_error,substitute,na,naive,for it it's me heh he's so <<na>> ve i know el psy congroo want,word for it it's me he's so <<naive>> i know el sai kongro want to,1782,1783,1784,1785,1,0,0,1
S01E03,159,counted_remaining_error,delete,ve,,it it's me heh he's so na <<ve>> i know el psy congroo want to,for it it's me he's so naive <<<gap>>> i know el sai kongro want to,1783,1784,1785,1785,0,1,0,1
S01E03,161,counted_remaining_error,substitute,psy congroo,sai kongro,he's so na ve i know el <<psy congroo>> want to remind me what windmill we're,me he's so naive i know el <<sai kongro>> want to remind me what windmill we're,1787,1789,1788,1790,2,0,0,2
S01E03,163,excluded_name_error,substitute,faris,ferris,but one course of action go visit <<faris>> at the maid caf wrong don't make,but one course of action go visit <<ferris>> at the maid cafe wrong don't make,1811,1812,1812,1813,1,0,0,1
S01E03,165,counted_remaining_error,substitute,caf,cafe,action go visit faris at the maid <<caf>> wrong don't make me fight this fight,action go visit ferris at the maid <<cafe>> wrong don't make me fight this fight,1815,1816,1816,1817,1,0,0,1
S01E03,167,counted_remaining_error,substitute,'leet,elite,this fight alone i need your exemplary <<'leet>> skills hack stop and don't talk nerd,this fight alone i need your exemplary <<elite>> skills hack stop and don't talk nerd,1828,1829,1829,1830,1,0,0,1
S01E03,169,excluded_name_error,substitute,into sern,and discern,don't want to hear this we hack <<into sern>> simple you're kidding tell me you're kidding,don't want to hear this we hack <<and discern>> simple you're kidding tell me you're kidding,1854,1856,1855,1857,2,0,0,2
S01E03,171,counted_remaining_error,substitute,ya,you,get pissy if it doesn't work here <<ya>> go two beef bowls huh that'll be,get pissy if it doesn't work here <<you>> go two beef bowls that'll be 800,1911,1912,1912,1913,1,0,0,1
S01E03,173,counted_remaining_error,delete,huh,,work here ya go two beef bowls <<huh>> that'll be 800 yen okariiiiin hard at,work here you go two beef bowls <<<gap>>> that'll be 800 yen ocarine hard at,1916,1917,1917,1917,0,1,0,1
S01E03,175,counted_remaining_error,substitute,okariiiiin,ocarine,beef bowls huh that'll be 800 yen <<okariiiiin>> hard at work i see you know,two beef bowls that'll be 800 yen <<ocarine>> hard at work i see you know,1921,1922,1921,1922,1,0,0,1
S01E03,177,counted_remaining_error,substitute,'fess,fess,have gotten work at a bike store <<'fess>> up what kind of hijinks are you,have gotten work at a bike store <<fess>> up what kind of hijinks are you,1949,1950,1949,1950,1,0,0,1
S01E03,179,counted_remaining_error,substitute,ah,aha,to be who divulged that name uh <<ah>> ha well if you know that much,to be who divulged that name uh <<aha>> well if you know that much i,1977,1978,1977,1978,1,0,0,1
S01E03,180,counted_remaining_error,delete,ha,,be who divulged that name uh ah <<ha>> well if you know that much i,be who divulged that name uh aha <<<gap>>> well if you know that much i,1978,1979,1978,1978,0,1,0,1
S01E03,182,counted_remaining_error,substitute,it's,at,hardcore and the group you're talking about <<it's>> sern yeah how do you know that,hardcore and the group you're talking about <<at>> sern yeah how do you know that,2034,2035,2033,2034,1,0,0,1
S01E03,184,counted_remaining_error,delete,i,,you know that my bad see i <<i>> heard you going on about it i,you know that my bad see i <<<gap>>> heard you going on about it i,2046,2047,2045,2045,0,1,0,1
S01E03,186,counted_remaining_error,insert,,voice,just get so bored down here and <<<gap>>> voices carry you know so you admit,just get so bored down here and <<voice>> is scary you know so you admit,2061,2061,2059,2060,0,0,1,1
S01E03,187,counted_remaining_error,substitute,voices carry,is scary,just get so bored down here and <<voices carry>> you know so you admit to spying,get so bored down here and voice <<is scary>> you know so you admit to spying,2061,2063,2060,2062,2,0,0,2
S01E03,189,counted_remaining_error,substitute,heh,oh,not my fault i got good ears <<heh>> ahhh but don't worry about it your,not my fault i got good ears <<oh>> but don't worry about it your secret,2080,2081,2079,2080,1,0,0,1
S01E03,190,counted_remaining_error,delete,ahhh,,my fault i got good ears heh <<ahhh>> but don't worry about it your secret,my fault i got good ears oh <<<gap>>> but don't worry about it your secret,2081,2082,2080,2080,0,1,0,1
S01E03,192,counted_remaining_error,substitute,fan,fangirl,from a show just a retro pc <<fan>> girl she wants me to help her,from a show just a retro pc <<fangirl>> she wants me to help her find,2118,2119,2116,2117,1,0,0,1
S01E03,193,counted_remaining_error,delete,girl,,a show just a retro pc fan <<girl>> she wants me to help her find,a show just a retro pc fangirl <<<gap>>> she wants me to help her find,2119,2120,2117,2117,0,1,0,1
S01E03,195,counted_remaining_error,insert,,come,maybe those keen ears of yours hey <<<gap>>> c'mon cut me some slack he was,maybe those keen ears of yours hey <<come>> on cut me some slack he was,2145,2145,2142,2143,0,0,1,1
S01E03,196,counted_remaining_error,substitute,c'mon,on,maybe those keen ears of yours hey <<c'mon>> cut me some slack he was talking,those keen ears of yours hey come <<on>> cut me some slack he was talking,2145,2146,2143,2144,1,0,0,1
S01E03,198,counted_remaining_error,insert,,you,slack he was talking about them online <<<gap>>> y'know that time traveler dude john titor,slack he was talking about them online <<you>> know that time traveler dude john titor,2156,2156,2154,2155,0,0,1,1
S01E03,199,counted_remaining_error,substitute,y'know,know,slack he was talking about them online <<y'know>> that time traveler dude john titor or,he was talking about them online you <<know>> that time traveler dude john titor whatever,2156,2157,2155,2156,1,0,0,1
S01E03,201,counted_remaining_error,delete,or,,y'know that time traveler dude john titor <<or>> whatever titor was yeah i read all,know that time traveler dude john titor <<<gap>>> whatever titor was yeah i read all,2163,2164,2162,2162,0,1,0,1
S01E03,203,excluded_name_error,substitute,ibn's,ibm's,were using basic so it can read <<ibn's>> proprietary programming code which no other pc,were using basic so it can read <<ibm's>> proprietary programming code which no other pc,2198,2199,2196,2197,1,0,0,1
S01E03,205,counted_remaining_error,substitute,can,can't,proprietary programming code which no other pc <<can>> are you sure yeah back when he,proprietary programming code which no other pc <<can't>> are you sure yeah back when he,2206,2207,2204,2205,1,0,0,1
S01E03,207,excluded_name_error,substitute,titor,teeter,up on the boards in 2000 didn't <<titor>> it's curious all of you seem to,up on the boards in 2000 didn't <<teeter>> it's curious all of you seem to,2223,2224,2221,2222,1,0,0,1
S01E03,209,counted_remaining_error,insert,,and,which a continued to exist are nullified <<<gap>>> overwritten with memories of a world line,which a continued to exist are nullified <<and>> overridden with memories of a worldline in,2320,2320,2318,2319,0,0,1,1
S01E03,210,counted_remaining_error,substitute,overwritten,overridden,which a continued to exist are nullified <<overwritten>> with memories of a world line in,a continued to exist are nullified and <<overridden>> with memories of a worldline in which,2320,2321,2319,2320,1,0,0,1
S01E03,212,counted_remaining_error,substitute,world,worldline,are nullified overwritten with memories of a <<world>> line in which his life was cut,nullified and overridden with memories of a <<worldline>> in which his life was cut short,2325,2326,2324,2325,1,0,0,1
S01E03,213,counted_remaining_error,delete,line,,nullified overwritten with memories of a world <<line>> in which his life was cut short,and overridden with memories of a worldline <<<gap>>> in which his life was cut short,2326,2327,2325,2325,0,1,0,1
S01E03,215,counted_remaining_error,substitute,they,they've,they would have you believe for example <<they>> have already succeeded in producing miniature black,they would have you believe for example <<they've>> already succeeded in producing miniature black holes,2371,2372,2369,2370,1,0,0,1
S01E03,216,counted_remaining_error,delete,have,,would have you believe for example they <<have>> already succeeded in producing miniature black holes,would have you believe for example they've <<<gap>>> already succeeded in producing miniature black holes,2372,2373,2370,2370,0,1,0,1
S01E03,218,excluded_name_error,substitute,sern's,cern's,5100's singular abilities are needed to halt <<sern's>> ambitions if memory serves you said much,5100's singular abilities are needed to halt <<cern's>> ambitions if memory serves you said much,2442,2443,2439,2440,1,0,0,1
S01E03,220,counted_remaining_error,substitute,i,i've,2000 you say as i've stated before <<i>> have never had occasion to travel to,2000 you say as i've stated before <<i've>> never had occasion to travel to the,2472,2473,2469,2470,1,0,0,1
S01E03,221,counted_remaining_error,delete,have,,you say as i've stated before i <<have>> never had occasion to travel to the,you say as i've stated before i've <<<gap>>> never had occasion to travel to the,2473,2474,2470,2470,0,1,0,1
S01E03,223,counted_remaining_error,substitute,e,email,you at some point this is my <<e>> mail address if you contact me i,you at some point this is my <<email>> address if you contact me i will,2513,2514,2509,2510,1,0,0,1
S01E03,224,counted_remaining_error,delete,mail,,at some point this is my e <<mail>> address if you contact me i will,at some point this is my email <<<gap>>> address if you contact me i will,2514,2515,2510,2510,0,1,0,1
S01E03,226,counted_remaining_error,insert,,come,me i will reply almost there daru <<<gap>>> c'mon you can do this just ferret,me i will reply almost there daru <<come>> on you can do this just ferret,2526,2526,2521,2522,0,0,1,1
S01E03,227,counted_remaining_error,substitute,c'mon,on,me i will reply almost there daru <<c'mon>> you can do this just ferret out,i will reply almost there daru come <<on>> you can do this just ferret out,2526,2527,2522,2523,1,0,0,1
S01E03,229,counted_remaining_error,substitute,mo'fo' yeah g'morning,motha good morning,table's configuration and start decrypting like a <<mo'fo' yeah g'morning>> oh hey mayuri what're you up to,table's configuration and start decrypting like a <<motha good morning>> oh hey mayuri what are you up,2544,2547,2540,2543,3,0,0,3
S01E03,231,counted_remaining_error,insert,,what,a mo'fo' yeah g'morning oh hey mayuri <<<gap>>> what're you up to this glorious morn,a motha good morning oh hey mayuri <<what>> are you up to this glorious morn,2550,2550,2546,2547,0,0,1,1
S01E03,232,counted_remaining_error,substitute,what're,are,a mo'fo' yeah g'morning oh hey mayuri <<what're>> you up to this glorious morn since,motha good morning oh hey mayuri what <<are>> you up to this glorious morn since,2550,2551,2547,2548,1,0,0,1
S01E03,234,counted_remaining_error,insert,,you,two nights in a row i thought <<<gap>>> you'd like some tasty snacks yum ooo,two nights in a row i thought <<you>> might like some tasty snacks yum ooh,2568,2568,2565,2566,0,0,1,1
S01E03,235,counted_remaining_error,substitute,you'd,might,two nights in a row i thought <<you'd>> like some tasty snacks yum ooo canned,nights in a row i thought you <<might>> like some tasty snacks yum ooh canned,2568,2569,2566,2567,1,0,0,1
S01E03,237,counted_remaining_error,substitute,ooo,ooh,thought you'd like some tasty snacks yum <<ooo>> canned oden stew once again your contribution,you might like some tasty snacks yum <<ooh>> canned oat and stew once again your,2574,2575,2572,2573,1,0,0,1
S01E03,239,counted_remaining_error,insert,,oat,like some tasty snacks yum ooo canned <<<gap>>> oden stew once again your contribution to,like some tasty snacks yum ooh canned <<oat>> and stew once again your contribution to,2576,2576,2574,2575,0,0,1,1
S01E03,240,counted_remaining_error,substitute,oden,and,like some tasty snacks yum ooo canned <<oden>> stew once again your contribution to the,some tasty snacks yum ooh canned oat <<and>> stew once again your contribution to the,2576,2577,2575,2576,1,0,0,1
S01E03,242,counted_remaining_error,substitute,rai,ryanette,i needed to get some of these <<rai>> net sausages anyway they're giving away a,i needed to get some of these <<ryanette>> sausages anyway they're giving away a free,2602,2603,2601,2602,1,0,0,1
S01E03,243,counted_remaining_error,delete,net,,needed to get some of these rai <<net>> sausages anyway they're giving away a free,needed to get some of these ryanette <<<gap>>> sausages anyway they're giving away a free,2603,2604,2602,2602,0,1,0,1
S01E03,245,excluded_name_error,substitute,oopa,upa,sausages anyway they're giving away a free <<oopa>> with every single box you buy heh,sausages anyway they're giving away a free <<upa>> with every single box you buy you,2611,2612,2609,2610,1,0,0,1
S01E03,247,counted_remaining_error,delete,heh,,oopa with every single box you buy <<heh>> you and your oopas no oopas come,upa with every single box you buy <<<gap>>> you and your upas no upas come,2618,2619,2616,2616,0,1,0,1
S01E03,249,counted_remaining_error,substitute,oopas,upas,box you buy heh you and your <<oopas>> no oopas come with your stew but,single box you buy you and your <<upas>> no upas come with your stew but,2622,2623,2619,2620,1,0,0,1
S01E03,251,counted_remaining_error,substitute,oopas,upas,buy heh you and your oopas no <<oopas>> come with your stew but it's still,you buy you and your upas no <<upas>> come with your stew but it's still,2624,2625,2621,2622,1,0,0,1
S01E03,253,counted_remaining_error,delete,ugh,,their own cans too so no sharing <<ugh>> the fail is strong with this one,their own cans too so no sharing <<<gap>>> the fail is strong with this one,2644,2645,2641,2641,0,1,0,1
S01E03,255,counted_remaining_error,insert,,my,he there's nothing sadder than a hackaholic <<<gap>>> mayuri keep going hack you can do,he there's nothing sadder than a hackaholic <<my>> ear keep going hack you can do,2665,2665,2661,2662,0,0,1,1
S01E03,256,excluded_name_error,substitute,mayuri,ear,he there's nothing sadder than a hackaholic <<mayuri>> keep going hack you can do it,there's nothing sadder than a hackaholic my <<ear>> keep going hack you can do it,2665,2666,2662,2663,1,0,0,1
S01E03,258,counted_remaining_error,delete,percent,,do it we believe in you 100 <<percent>> now ya got her saying it it,do it we believe in you 100 <<<gap>>> now you got her saying it it,2678,2679,2675,2675,0,1,0,1
S01E03,260,counted_remaining_error,substitute,ya,you,we believe in you 100 percent now <<ya>> got her saying it it isn't nice,it we believe in you 100 now <<you>> got her saying it it isn't nice,2680,2681,2676,2677,1,0,0,1
S01E03,262,excluded_name_error,substitute,sern's inequities,cern's iniquities,other people's stuff we have to bring <<sern's inequities>> to light yeah i know but i,other people's stuff we have to bring <<cern's iniquities>> to light yeah i know but i,2700,2702,2696,2698,2,0,0,2
S01E03,264,counted_remaining_error,substitute,'cause,because,but i think maybe kurisu ran away <<'cause>> she didn't think it was very nice,but i think maybe kurisu ran away <<because>> she didn't think it was very nice,2714,2715,2710,2711,1,0,0,1
S01E03,266,counted_remaining_error,substitute,some,someday,wasn't it i hope she comes back <<some>> day i liked her a whole lot,wasn't it i hope she comes back <<someday>> i liked her a whole lot huh,2744,2745,2740,2741,1,0,0,1
S01E03,267,counted_remaining_error,delete,day,,it i hope she comes back some <<day>> i liked her a whole lot huh,it i hope she comes back someday <<<gap>>> i liked her a whole lot huh,2745,2746,2741,2741,0,1,0,1
S01E03,269,counted_remaining_error,insert,,oh,about a fish tube they're pretty good <<<gap>>> i guess that's better than a beef,about a fish tube they're pretty good <<oh>> i guess that's better than a beef,2802,2802,2797,2798,0,0,1,1
S01E03,271,counted_remaining_error,substitute,up where'd,where did,you madam okay one beef strip coming <<up where'd>> it already took it huh but when'd,you madam okay one beef strip coming <<where did>> already took it huh but wouldn't you,2823,2825,2819,2821,2,0,0,2
S01E03,272,counted_remaining_error,delete,it,,okay one beef strip coming up where'd <<it>> already took it huh but when'd you,okay one beef strip coming where did <<<gap>>> already took it huh but wouldn't you,2825,2826,2821,2821,0,1,0,1
S01E03,274,counted_remaining_error,substitute,when'd,wouldn't,where'd it already took it huh but <<when'd>> you wow much obliged mayuri jackpooooot in,where did already took it huh but <<wouldn't>> you wow much obliged mayuri jackpot in,2831,2832,2826,2827,1,0,0,1
S01E03,276,counted_remaining_error,substitute,jackpooooot,jackpot,but when'd you wow much obliged mayuri <<jackpooooot>> in your face in your face sern,but wouldn't you wow much obliged mayuri <<jackpot>> in your face in your face sern,2837,2838,2832,2833,1,0,0,1
S01E03,278,counted_remaining_error,substitute,are,will,in your face sern all your base <<are>> belong to me you have no chance,in your face sern all your base <<will>> belong to me you have no chance,2848,2849,2843,2844,1,0,0,1
S01E03,280,excluded_name_error,substitute,hashida,shinodaru,yeah fake user id get you're inside <<hashida>> daru for the win i don't know,yeah fake user id get you're inside <<shinodaru>> for the win i don't know what,2866,2867,2861,2862,1,0,0,1
S01E03,281,excluded_name_error,delete,daru,,fake user id get you're inside hashida <<daru>> for the win i don't know what,fake user id get you're inside shinodaru <<<gap>>> for the win i don't know what,2867,2868,2862,2862,0,1,0,1
S01E03,283,counted_remaining_error,substitute,ya,you,h game just shows you the boobs <<ya>> know you're so naughty daru what'd you,h game just shows you the boobs <<you>> know you're so naughty daru what'd you,2923,2924,2917,2918,1,0,0,1
S01E03,285,counted_remaining_error,delete,a,,you're so naughty daru what'd you find <<a>> couple e mails so far but the,you're so naughty daru what'd you find <<<gap>>> couple emails so far but the day's,2932,2933,2926,2926,0,1,0,1
S01E03,287,counted_remaining_error,substitute,e,emails,naughty daru what'd you find a couple <<e>> mails so far but the day's still,so naughty daru what'd you find couple <<emails>> so far but the day's still young,2934,2935,2927,2928,1,0,0,1
S01E03,288,counted_remaining_error,delete,mails,,daru what'd you find a couple e <<mails>> so far but the day's still young,naughty daru what'd you find couple emails <<<gap>>> so far but the day's still young,2935,2936,2928,2928,0,1,0,1
S01E03,290,counted_remaining_error,insert,,that's,so far but the day's still young <<<gap>>> quite a bit of text should we,so far but the day's still young <<that's>> quite a bit of text should we,2943,2943,2935,2936,0,0,1,1
S01E03,292,counted_remaining_error,insert,,i don't know,without a hitch what's he talking about <<<gap>>> what about the time machine somebody must,without a hitch what's he talking about <<i don't know>> what about the time machine somebody must,3004,3004,2997,3000,0,0,3,3
S01E03,294,counted_remaining_error,substitute,everybody,everyone,it looks that way but they told <<everybody>> those experiments totally bombed read the next,it looks that way but they told <<everyone>> those experiments totally bombed read the next,3083,3084,3079,3080,1,0,0,1
S01E03,296,counted_remaining_error,insert,,thank you thank you thank you you,human is dead uh huh someone died <<<gap>>>,human is dead uh huh someone died <<thank you thank you thank you you>>,3106,3106,3102,3109,0,0,7,7
S01E04,1,counted_remaining_error,insert,,you,is this some kind of proprietary code <<<gap>>> eff this i officially have no idea,is this some kind of proprietary code <<you>> f this i officially have no idea,57,57,57,58,0,0,1,1
S01E04,2,counted_remaining_error,substitute,eff,f,is this some kind of proprietary code <<eff>> this i officially have no idea what,this some kind of proprietary code you <<f>> this i officially have no idea what,57,58,58,59,1,0,0,1
S01E04,4,counted_remaining_error,delete,hhhh,,a good time to take a break <<hhhh>> who did i think i was unreadable,a good time to take a break <<<gap>>> who did i think i was unreadable,80,81,81,81,0,1,0,1
S01E04,6,counted_remaining_error,substitute,you've,you,think i was unreadable code is unreadable <<you've>> fought nobly sir take a breather take,think i was unreadable code is unreadable <<you>> fought nobly sir take a breather take,91,92,91,92,1,0,0,1
S01E04,8,counted_remaining_error,substitute,freaking,fricking,nobly sir take a breather take a <<freaking>> nap more like i got some more,nobly sir take a breather take a <<fricking>> nap more like i got some more,100,101,100,101,1,0,0,1
S01E04,10,counted_remaining_error,substitute,may,mai,some more noodles if you want thanks <<may>> i'll take it lying down proprietary code,some more noodles if you want thanks <<mai>> proprietary code he was saying something like,113,114,113,114,1,0,0,1
S01E04,11,counted_remaining_error,delete,i'll take it lying down,,more noodles if you want thanks may <<i'll take it lying down>> proprietary code he was say something like,more noodles if you want thanks mai <<<gap>>> proprietary code he was saying something like,114,119,114,114,0,5,0,5
S01E04,13,counted_remaining_error,substitute,say,saying,it lying down proprietary code he was <<say>> something like the ibn 5100 was built,want thanks mai proprietary code he was <<saying>> something like the ibm 5100 was built,123,124,118,119,1,0,0,1
S01E04,15,excluded_name_error,substitute,ibn,ibm,code he was say something like the <<ibn>> 5100 was built before pcs were using,code he was saying something like the <<ibm>> 5100 was built before pcs were using,127,128,122,123,1,0,0,1
S01E04,17,excluded_name_error,substitute,ibn's,ibm's,were using basic so it can read <<ibn's>> proprietary programming language the ibn 5100's singular,were using basic so it can read <<ibm's>> proprietary programming code the ibm 5100's singular,140,141,135,136,1,0,0,1
S01E04,19,counted_remaining_error,substitute,language,code,so it can read ibn's proprietary programming <<language>> the ibn 5100's singular abilities are needed,so it can read ibm's proprietary programming <<code>> the ibm 5100's singular abilities are needed,143,144,138,139,1,0,0,1
S01E04,21,excluded_name_error,substitute,ibn,ibm,can read ibn's proprietary programming language the <<ibn>> 5100's singular abilities are needed to halt,can read ibm's proprietary programming code the <<ibm>> 5100's singular abilities are needed to halt,145,146,140,141,1,0,0,1
S01E04,23,excluded_name_error,substitute,sern's,cern's,5100's singular abilities are needed to halt <<sern's>> ambitions i would very much like to,5100's singular abilities are needed to halt <<cern's>> ambitions i would very much like to,153,154,148,149,1,0,0,1
S01E04,25,counted_remaining_error,insert,,thank you thank you,if you contact me i will reply <<<gap>>> how much clothing do you have i,if you contact me i will reply <<thank you thank you>> how much clothing do you have i,179,179,174,178,0,0,4,4
S01E04,27,counted_remaining_error,substitute,wassabi,wasabi,the disparity in size oh my okabe <<wassabi>> that is not my name firstly secondly,the disparity in size oh my okabe <<wasabi>> that is not my name firstly secondly,223,224,222,223,1,0,0,1
S01E04,29,counted_remaining_error,substitute,hale,hail,not my name firstly secondly a hearty <<hale>> and well met will suffice thirdly from,not my name firstly secondly a hearty <<hail>> and well met will suffice thirdly from,233,234,232,233,1,0,0,1
S01E04,31,excluded_name_error,substitute,slang wassabi suzuha,sled wasabi sisuha,from what pit do you mine your <<slang wassabi suzuha>> cut it out wait a sec since,from what pit do you mine your <<sled wasabi sisuha>> cut it out wait a sec since,247,250,246,249,3,0,0,3
S01E04,33,counted_remaining_error,substitute,lookie,looky,not to have met eventually and just <<lookie>> at the sweet rai net card she,not to have met eventually and just <<looky>> at the sweet rhinoc card she gave,280,281,279,280,1,0,0,1
S01E04,35,counted_remaining_error,substitute,rai,rhinoc,eventually and just lookie at the sweet <<rai>> net card she gave me when we,eventually and just looky at the sweet <<rhinoc>> card she gave me when we did,284,285,283,284,1,0,0,1
S01E04,36,counted_remaining_error,delete,net,,and just lookie at the sweet rai <<net>> card she gave me when we did,and just looky at the sweet rhinoc <<<gap>>> card she gave me when we did,285,286,284,284,0,1,0,1
S01E04,38,counted_remaining_error,insert,,good,she gave me when we did good <<<gap>>> as gold where you off to oh,she gave me when we did good <<good>> as gold where are you off to,294,294,292,293,0,0,1,1
S01E04,40,counted_remaining_error,insert,,are,when we did good as gold where <<<gap>>> you off to oh laundry okarin and,we did good good as gold where <<are>> you off to oh laundry ocarina and,297,297,296,297,0,0,1,1
S01E04,42,excluded_name_error,substitute,okarin,ocarina,gold where you off to oh laundry <<okarin>> and daru have been working late so,where are you off to oh laundry <<ocarina>> and daru have been working late so,302,303,302,303,1,0,0,1
S01E04,44,counted_remaining_error,insert,,nye,which point i'm going to end you <<<gap>>> nae your rodent hey don't talk about,which point i'm going to end you <<nye>> you're a rodent hey don't talk about,375,375,375,376,0,0,1,1
S01E04,45,excluded_name_error,substitute,nae your,you're a,which point i'm going to end you <<nae your>> rodent hey don't talk about her like,point i'm going to end you nye <<you're a>> rodent hey don't talk about her like,375,377,376,378,2,0,0,2
S01E04,47,counted_remaining_error,substitute,i,i'm,the damn kid i'm right here and <<i>> am not a kid i am a,the damn kid i'm right here and <<i'm>> not a kid i'm a skilled warrior,401,402,402,403,1,0,0,1
S01E04,48,counted_remaining_error,delete,am,,damn kid i'm right here and i <<am>> not a kid i am a skilled,damn kid i'm right here and i'm <<<gap>>> not a kid i'm a skilled warrior,402,403,403,403,0,1,0,1
S01E04,50,counted_remaining_error,substitute,i,i'm,here and i am not a kid <<i>> am a skilled warrior a what you,right here and i'm not a kid <<i'm>> a skilled warrior a what you tell,406,407,406,407,1,0,0,1
S01E04,51,counted_remaining_error,delete,am,,and i am not a kid i <<am>> a skilled warrior a what you tell,here and i'm not a kid i'm <<<gap>>> a skilled warrior a what you tell,407,408,407,407,0,1,0,1
S01E04,53,counted_remaining_error,substitute,whetted,wetted,girl keep that sharp tongue of yours <<whetted>> on his blunt head and i'm certain,girl keep that sharp tongue of yours <<wetted>> on his blunt head and i'm certain,425,426,424,425,1,0,0,1
S01E04,55,counted_remaining_error,delete,hey,,up you contaminate people with your craziness <<hey>> i can take care of myself okay,up you contaminate people with your craziness <<<gap>>> i can take care of myself okay,453,454,452,452,0,1,0,1
S01E04,57,counted_remaining_error,substitute,you'd,you,take care of myself okay thank you <<you'd>> think i had a sign on my,take care of myself okay thank you <<you>> think i had a sign on my,463,464,461,462,1,0,0,1
S01E04,59,counted_remaining_error,delete,hhhhh,,my back that said insert crazy here <<hhhhh>> see ya yeah we it's a little,my back that said insert crazy here <<<gap>>> see ya yeah we it's a little,477,478,475,475,0,1,0,1
S01E04,61,counted_remaining_error,substitute,tic,tick,see ya yeah we it's a little <<tic>> of hers you might say i've dubbed,see ya yeah we it's a little <<tick>> of hers you might say i've dubbed,485,486,482,483,1,0,0,1
S01E04,63,counted_remaining_error,substitute,bet,but,i've dubbed it shaking hands with stardust <<bet>> if i did this long enough i'd,i've dubbed it shaking hands with stardust <<but>> if i did this long enough i'd,498,499,495,496,1,0,0,1
S01E04,65,counted_remaining_error,substitute,wait,way,long enough i'd reach a star best <<wait>> till you can see some though hey,long enough i'd reach a star best <<way>> till you can see some though hey,510,511,507,508,1,0,0,1
S01E04,67,counted_remaining_error,substitute,'cause,because,can see some though hey now just <<'cause>> i can't see them sometimes doesn't mean,can see some though hey now just <<because>> i can't see them sometimes doesn't mean,520,521,517,518,1,0,0,1
S01E04,69,counted_remaining_error,delete,hmph,,humble kitchen appliance is a time machine <<hmph>> whatever oh dear i hate leaving faris,humble kitchen appliance is a time machine <<<gap>>> whatever oh dear i hate leaving ferris,561,562,558,558,0,1,0,1
S01E04,71,excluded_name_error,substitute,faris,ferris,hmph whatever oh dear i hate leaving <<faris>> here in the dark all alone look,machine whatever oh dear i hate leaving <<ferris>> here in the dark all alone look,568,569,564,565,1,0,0,1
S01E04,73,excluded_name_error,substitute,titor,tita,course it'd be shining finger come on <<titor>> respond to my damn text i don't,course it'd be shining finger come on <<tita>> respond to my damn text i don't,598,599,594,595,1,0,0,1
S01E04,75,counted_remaining_error,delete,ugh,,okay okay i get it lay off <<ugh>> thank you for contacting me regarding the,okay okay i get it lay off <<<gap>>> thank you for contacting me regarding the,618,619,614,614,0,1,0,1
S01E04,77,excluded_name_error,substitute,ibn,ibm,indeed a proprietary programming language developed by <<ibn>> you'll need an ibn 5100 to un,indeed a proprietary programming language developed by <<ibm>> you'll need an ibm 5100 to unencrypt,642,643,637,638,1,0,0,1
S01E04,79,excluded_name_error,substitute,ibn,ibm,language developed by ibn you'll need an <<ibn>> 5100 to un encrypt it good luck,language developed by ibm you'll need an <<ibm>> 5100 to unencrypt it good luck finding,646,647,641,642,1,0,0,1
S01E04,81,counted_remaining_error,substitute,un,unencrypt,ibn you'll need an ibn 5100 to <<un>> encrypt it good luck finding one though,ibm you'll need an ibm 5100 to <<unencrypt>> it good luck finding one though up,649,650,644,645,1,0,0,1
S01E04,82,counted_remaining_error,delete,encrypt,,you'll need an ibn 5100 to un <<encrypt>> it good luck finding one though hop,you'll need an ibm 5100 to unencrypt <<<gap>>> it good luck finding one though up,650,651,645,645,0,1,0,1
S01E04,84,counted_remaining_error,substitute,hop,up,encrypt it good luck finding one though <<hop>> to people the lab is now at,unencrypt it good luck finding one though <<up>> to people the lab is now at,657,658,651,652,1,0,0,1
S01E04,86,counted_remaining_error,substitute,def,defcon,to people the lab is now at <<def>> con one super top secret emergency protocol's,to people the lab is now at <<defcon>> one super top secret emergency protocol is,665,666,659,660,1,0,0,1
S01E04,87,counted_remaining_error,delete,con,,people the lab is now at def <<con>> one super top secret emergency protocol's in,people the lab is now at defcon <<<gap>>> one super top secret emergency protocol is,666,667,660,660,0,1,0,1
S01E04,89,counted_remaining_error,insert,,protocol,def con one super top secret emergency <<<gap>>> protocol's in full effect okarin you're kind,at defcon one super top secret emergency <<protocol>> is in full effect oh corrine you're,672,672,665,666,0,0,1,1
S01E04,90,counted_remaining_error,substitute,protocol's,is,def con one super top secret emergency <<protocol's>> in full effect okarin you're kind of,defcon one super top secret emergency protocol <<is>> in full effect oh corrine you're kind,672,673,666,667,1,0,0,1
S01E04,92,counted_remaining_error,insert,,oh,top secret emergency protocol's in full effect <<<gap>>> okarin you're kind of scaring me wake,secret emergency protocol is in full effect <<oh>> corrine you're kind of scaring me wake,676,676,670,671,0,0,1,1
S01E04,93,excluded_name_error,substitute,okarin,corrine,top secret emergency protocol's in full effect <<okarin>> you're kind of scaring me wake up,emergency protocol is in full effect oh <<corrine>> you're kind of scaring me wake up,676,677,671,672,1,0,0,1
S01E04,95,counted_remaining_error,substitute,d'you just,did you,to smoke them out of the shadows <<d'you just>> say something about pie focus on sern,to smoke them out of the shadows <<did you>> say something about pie focus on sern,709,711,704,706,2,0,0,2
S01E04,97,excluded_name_error,substitute,ibn,ibm,we track down and snatch up an <<ibn>> 5100 that done we crack sern's code,we track down and snatch up an <<ibm>> 5100 that done we crack cern's code,786,787,781,782,1,0,0,1
S01E04,99,excluded_name_error,substitute,sern's,cern's,an ibn 5100 that done we crack <<sern's>> code like eggs over a cast iron,an ibm 5100 that done we crack <<cern's>> code like eggs over a cast iron,792,793,787,788,1,0,0,1
S01E04,101,counted_remaining_error,substitute,breech,breach,over a cast iron skillet into the <<breech>> friends i hate to tell you but,over a cast iron skillet into the <<breach>> friends i hate to tell you but,803,804,798,799,1,0,0,1
S01E04,103,counted_remaining_error,substitute,lookie,looky,of use to me after all well <<lookie>> here excuse me what now you're coming,of use to me after all well <<looky>> here excuse me what now you were,829,830,824,825,1,0,0,1
S01E04,105,counted_remaining_error,insert,,you,well lookie here excuse me what now <<<gap>>> you're coming with me hey hold it,well looky here excuse me what now <<you>> were coming with me hey hold it,835,835,830,831,0,0,1,1
S01E04,106,counted_remaining_error,substitute,you're,were,well lookie here excuse me what now <<you're>> coming with me hey hold it this,looky here excuse me what now you <<were>> coming with me hey hold it this,835,836,831,832,1,0,0,1
S01E04,108,counted_remaining_error,substitute,you,she,are we to her credit mayuri felt <<you>> might be inclined to irritability don't you,are we to her credit mayuri felt <<she>> might be inclined to irritability don't you,895,896,891,892,1,0,0,1
S01E04,110,counted_remaining_error,insert,,what,hello kettle my name is pot anyway <<<gap>>> what'd you want to talk about it's,hello kettle my name is pot anyway <<what>> do you want to talk about it's,923,923,919,920,0,0,1,1
S01E04,111,counted_remaining_error,substitute,what'd,do,hello kettle my name is pot anyway <<what'd>> you want to talk about it's very,kettle my name is pot anyway what <<do>> you want to talk about it's very,923,924,920,921,1,0,0,1
S01E04,113,counted_remaining_error,insert,,you,about it's very simple christina i want <<<gap>>> to you dispense with the attitude and,about it's very simple christina i want <<you>> to dispense with the attitude and come,935,935,932,933,0,0,1,1
S01E04,115,counted_remaining_error,delete,you,,it's very simple christina i want to <<you>> dispense with the attitude and come back,very simple christina i want you to <<<gap>>> dispense with the attitude and come back,936,937,934,934,0,1,0,1
S01E04,117,counted_remaining_error,substitute,you loose,you'll lose,said it was nothing pursue it and <<you loose>> a tooth lashing out no matter come,said it was nothing pursue it and <<you'll lose>> a tooth lashing out no matter come,1066,1068,1063,1065,2,0,0,2
S01E04,119,counted_remaining_error,substitute,hmmm,hmm,slave girl on a chain wait laundry <<hmmm>> interesting setup your hotel doesn't have one,slave girl on a chain wait laundry <<hmm>> interesting setup your hotel doesn't have one,1097,1098,1094,1095,1,0,0,1
S01E04,121,counted_remaining_error,substitute,'sides,besides,too ritzy for that kind of thing <<'sides>> i'm not really all that comfortable with,too ritzy for that kind of thing <<besides>> i'm not really all that comfortable leaving,1114,1115,1111,1112,1,0,0,1
S01E04,123,counted_remaining_error,delete,with,,'sides i'm not really all that comfortable <<with>> leaving my clothes in public well observe,besides i'm not really all that comfortable <<<gap>>> leaving my clothes in public well observe,1121,1122,1118,1118,0,1,0,1
S01E04,125,counted_remaining_error,substitute,that,the,and be grateful i ushered you across <<that>> still no change why would there be,and be grateful i ushered you across <<the>> still no change why would there be,1141,1142,1137,1138,1,0,0,1
S01E04,127,counted_remaining_error,delete,hah,,evidence of your own senses i'm not <<hah>> but of course some sort of trauma,evidence of your own senses i'm not <<<gap>>> but of course some sort of trauma,1233,1234,1229,1229,0,1,0,1
S01E04,129,counted_remaining_error,substitute,you,we're,sort of trauma i see it clearly <<you>> were struck by a bolt of noonday,sort of trauma i see it clearly <<we're>> struck by a bolt of noonday lightning,1245,1246,1240,1241,1,0,0,1
S01E04,130,counted_remaining_error,delete,were,,of trauma i see it clearly you <<were>> struck by a bolt of noonday lightning,of trauma i see it clearly we're <<<gap>>> struck by a bolt of noonday lightning,1246,1247,1241,1241,0,1,0,1
S01E04,132,counted_remaining_error,substitute,fend for,finn where,of arkansas at age five left to <<fend for>> shut up then what theoretical limitations that's,of arkansas at age five left to <<finn where>> shut up then what theoretical limitations that's,1264,1266,1258,1260,2,0,0,2
S01E04,134,counted_remaining_error,delete,end,,on no you know this stubbornness will <<end>> i said no so lay off i'm,on no you know this stubbornness will <<<gap>>> i said no so lay off i'm,1300,1301,1294,1294,0,1,0,1
S01E04,136,counted_remaining_error,substitute,damn,dammit,quit trying to act all cool hey <<damn>> it that was like the perfect sign,quit trying to act all cool hey <<dammit>> that was like the perfect sign off,1425,1426,1418,1419,1,0,0,1
S01E04,137,counted_remaining_error,delete,it,,trying to act all cool hey damn <<it>> that was like the perfect sign off,trying to act all cool hey dammit <<<gap>>> that was like the perfect sign off,1426,1427,1419,1419,0,1,0,1
S01E04,139,counted_remaining_error,delete,ugh,,anyone's leaving it should be me goodbye <<ugh>> what i believe in street argot the,anyone's leaving it should be me goodbye <<<gap>>> what i believe in street argo the,1453,1454,1445,1445,0,1,0,1
S01E04,141,counted_remaining_error,substitute,argot,argo,goodbye ugh what i believe in street <<argot>> the phrase is payback's a bitch now,me goodbye what i believe in street <<argo>> the phrase is payback's a bitch now,1459,1460,1450,1451,1,0,0,1
S01E04,143,counted_remaining_error,delete,hmph,,want to know no maybe an overview <<hmph>> very well the ibn is connected to,want to know no maybe an overview <<<gap>>> very well the ibn is connected to,1512,1513,1503,1503,0,1,0,1
S01E04,145,excluded_name_error,substitute,sern's,cern's,very well the ibn is connected to <<sern's>> secret plot we need the machine's unique,very well the ibn is connected to <<cern's>> secret plot we need the machine's unique,1520,1521,1510,1511,1,0,0,1
S01E04,147,counted_remaining_error,insert,,a,uses to mask all interdepartmental exchanges vis <<<gap>>> vis its covert time travel experiments are,uses to mask all interdepartmental exchanges vis <<a>> vis its covert time travel experiments are,1543,1543,1533,1534,0,0,1,1
S01E04,149,counted_remaining_error,delete,gah,,where are you getting that name from <<gah>> we need the machine's unique functionality to,where are you getting that name from <<<gap>>> we need the machine's unique function now,1598,1599,1589,1589,0,1,0,1
S01E04,151,excluded_name_error,insert,,function now which sern,from gah we need the machine's unique <<<gap>>> functionality to decode the proprietary programming that's,name from we need the machine's unique <<function now which sern>> uses to mask all interdepartmental exchanges that's,1604,1604,1594,1598,0,0,4,4
S01E04,152,counted_remaining_error,substitute,functionality,uses,from gah we need the machine's unique <<functionality>> to decode the proprietary programming that's what,the machine's unique function now which sern <<uses>> to mask all interdepartmental exchanges that's what,1604,1605,1598,1599,1,0,0,1
S01E04,154,counted_remaining_error,substitute,decode the proprietary programming,mask all interdepartmental exchanges,we need the machine's unique functionality to <<decode the proprietary programming>> that's what i get for fraternizing with,unique function now which sern uses to <<mask all interdepartmental exchanges>> that's what i get for fraternizing with,1606,1610,1600,1604,4,0,0,4
S01E04,156,counted_remaining_error,substitute,fifty one hundred yen,five 100 yen at,really old one and it only costs <<fifty one hundred yen>> least i think so hold on you,really old one and it only costs <<five 100 yen at>> least i think so hold on you,1631,1635,1625,1629,4,0,0,4
S01E04,158,counted_remaining_error,substitute,too too roo,do do do,think so hold on you don't mean <<too too roo>> guess what okarin i found something out,think so hold on you don't mean <<do do do>> guess what ocarine i found something out,1644,1647,1638,1641,3,0,0,3
S01E04,160,excluded_name_error,substitute,okarin,ocarine,don't mean too too roo guess what <<okarin>> i found something out that's going to,don't mean do do do guess what <<ocarine>> i found something out that's going to,1649,1650,1643,1644,1,0,0,1
S01E04,162,excluded_name_error,substitute,faris said,ferris says,your face no cell phones big shot <<faris said>> she's totally seen the computer you're looking,your face no cell phones big shot <<ferris says>> she's totally seen the computer you're looking,1670,1672,1664,1666,2,0,0,2
S01E04,164,counted_remaining_error,insert,,no,looking for isn't that awesome i said <<<gap>>> hey damn kid this doesn't cover your,looking for isn't that awesome i said <<no>> hey damn kid this doesn't cover your,1685,1685,1679,1680,0,0,1,1
S01E04,166,excluded_name_error,substitute,faris,ferris,damn kid this doesn't cover your bill <<faris>> meow meow faris meow meow faris meow,damn kid this doesn't cover your bill <<ferris>> meow meow ferris meow meow ferris meow,1693,1694,1688,1689,1,0,0,1
S01E04,168,excluded_name_error,substitute,faris,ferris,doesn't cover your bill faris meow meow <<faris>> meow meow faris meow meow faris meow,doesn't cover your bill ferris meow meow <<ferris>> meow meow ferris meow meow ferris meow,1696,1697,1691,1692,1,0,0,1
S01E04,170,excluded_name_error,substitute,faris,ferris,bill faris meow meow faris meow meow <<faris>> meow meow faris meow meow faris meow,bill ferris meow meow ferris meow meow <<ferris>> meow meow ferris meow meow ferris meow,1699,1700,1694,1695,1,0,0,1
S01E04,172,excluded_name_error,substitute,faris,ferris,meow faris meow meow faris meow meow <<faris>> meow meow faris meow meow okay the,meow ferris meow meow ferris meow meow <<ferris>> meow meow ferris meow meow ferris meow,1702,1703,1697,1698,1,0,0,1
S01E04,174,excluded_name_error,substitute,faris,ferris,meow faris meow meow faris meow meow <<faris>> meow meow okay the hell hiya welcome,meow ferris meow meow ferris meow meow <<ferris>> meow meow ferris meow meow okay the,1705,1706,1700,1701,1,0,0,1
S01E04,176,excluded_name_error,insert,,ferris meow meow,meow faris meow meow faris meow meow <<<gap>>> okay the hell hiya welcome meowsters the,meow ferris meow meow ferris meow meow <<ferris meow meow>> okay the hell hiya welcome meowsters the,1708,1708,1703,1706,0,0,3,3
S01E04,178,excluded_name_error,substitute,faris,ferris,hiya welcome meowsters the competition for the <<faris>> cup is about to begin so i,hiya welcome meowsters the competition for the <<ferris>> cup is about to begin so i,1718,1719,1716,1717,1,0,0,1
S01E04,180,counted_remaining_error,substitute,you've,you,is about to begin so i hope <<you've>> brought your game face who here thinks,is about to begin so i hope <<you>> brought your game face who here thinks,1727,1728,1725,1726,1,0,0,1
S01E04,182,counted_remaining_error,substitute,omelet,outlet,to get their name on a specialty <<omelet>> ahhhhhh faris meow meow faris meow meow,to get their name on a specialty <<outlet>> what dimension did i fall into hey,1747,1748,1745,1746,1,0,0,1
S01E04,183,excluded_name_error,delete,ahhhhhh faris meow meow faris meow meow faris meow meow wh,,get their name on a specialty omelet <<ahhhhhh faris meow meow faris meow meow faris meow meow wh>> what dimension did i fall into hey,get their name on a specialty outlet <<<gap>>> what dimension did i fall into hey,1748,1759,1746,1746,0,11,0,11
S01E04,185,counted_remaining_error,delete,too too roo,,what dimension did i fall into hey <<too too roo>> mayuri perhaps you can explain what i'm,what dimension did i fall into hey <<<gap>>> mayuri perhaps you can explain what i'm,1766,1769,1753,1753,0,3,0,3
S01E04,187,excluded_name_error,substitute,faris,ferris,been a gravity distortion silly it's the <<faris>> cup huh that's when faris plays rai,been a gravity distortion silly it's the <<ferris>> cup that's when ferris plays ryanette battler,1787,1788,1771,1772,1,0,0,1
S01E04,189,counted_remaining_error,delete,huh,,gravity distortion silly it's the faris cup <<huh>> that's when faris plays rai net battler,gravity distortion silly it's the ferris cup <<<gap>>> that's when ferris plays ryanette battler with,1789,1790,1773,1773,0,1,0,1
S01E04,191,excluded_name_error,substitute,faris,ferris,it's the faris cup huh that's when <<faris>> plays rai net battler with anyone who,silly it's the ferris cup that's when <<ferris>> plays ryanette battler with anyone who wants,1792,1793,1775,1776,1,0,0,1
S01E04,193,counted_remaining_error,substitute,rai,ryanette,faris cup huh that's when faris plays <<rai>> net battler with anyone who wants to,the ferris cup that's when ferris plays <<ryanette>> battler with anyone who wants to step,1794,1795,1777,1778,1,0,0,1
S01E04,194,counted_remaining_error,delete,net,,cup huh that's when faris plays rai <<net>> battler with anyone who wants to step,ferris cup that's when ferris plays ryanette <<<gap>>> battler with anyone who wants to step,1795,1796,1778,1778,0,1,0,1
S01E04,196,excluded_name_error,substitute,kyoma,kiana,with anyone who wants to step up <<kyoma>> have you come to challenge me you're,with anyone who wants to step up <<kiana>> have you come to challenge me you're,1804,1805,1786,1787,1,0,0,1
S01E04,198,counted_remaining_error,delete,just go,,time so i can squeeze you in <<just go>> thank you no i've come here to,time so i can squeeze you in <<<gap>>> thank you no i've come here to,1833,1835,1815,1815,0,2,0,2
S01E04,200,counted_remaining_error,substitute,that,that's,you will tell me where it is <<that>> so i'll be glad to tell you,you will tell me where it is <<that's>> so i'll be glad to tell you,1855,1856,1835,1836,1,0,0,1
S01E04,202,counted_remaining_error,substitute,you,you'll,i'll be glad to tell you if <<you>> agree to play stop spouting off nonsense,i'll be glad to tell you if <<you'll>> agree to play stop spouting off nonsense,1864,1865,1844,1845,1,0,0,1
S01E04,204,excluded_name_error,substitute,faris,ferris,here i've no time for games the <<faris>> cup is for people who want to,here i've no time for games the <<ferris>> cup is for people who want to,1896,1897,1876,1877,1,0,0,1
S01E04,206,counted_remaining_error,insert,,come,on you sounds like someone's feeling confident <<<gap>>> c'mon think it through you do know,on you sounds like someone's feeling confident <<come>> on think it through you do know,1946,1946,1926,1927,0,0,1,1
S01E04,207,counted_remaining_error,substitute,c'mon,on,on you sounds like someone's feeling confident <<c'mon>> think it through you do know that,you sounds like someone's feeling confident come <<on>> think it through you do know that,1946,1947,1927,1928,1,0,0,1
S01E04,209,excluded_name_error,substitute,faris,ferris,think it through you do know that <<faris>> ranks nationally right daru behold as i,think it through you do know that <<ferris>> ranks nationally right daru behold as i,1954,1955,1935,1936,1,0,0,1
S01E04,211,counted_remaining_error,insert,,fail,here to school my strategy is absolutely <<<gap>>> failsafe i'll bet it is special codename,here to school my strategy is absolutely <<fail>> safe i'll bet it is special code,1973,1973,1954,1955,0,0,1,1
S01E04,212,counted_remaining_error,substitute,failsafe,safe,here to school my strategy is absolutely <<failsafe>> i'll bet it is special codename k,to school my strategy is absolutely fail <<safe>> i'll bet it is special code name,1973,1974,1955,1956,1,0,0,1
S01E04,214,counted_remaining_error,insert,,code,absolutely failsafe i'll bet it is special <<<gap>>> codename k b o o m otherwise,fail safe i'll bet it is special <<code>> name k b o o m otherwise,1979,1979,1961,1962,0,0,1,1
S01E04,215,counted_remaining_error,substitute,codename,name,absolutely failsafe i'll bet it is special <<codename>> k b o o m otherwise known,safe i'll bet it is special code <<name>> k b o o m otherwise known,1979,1980,1962,1963,1,0,0,1
S01E04,217,counted_remaining_error,substitute,kah,kaboom,b o o m otherwise known as <<kah>> boom certainly sounds awesome you intrigue me,b o o m otherwise known as <<kaboom>> certainly sounds awesome you intrigue me feign,1988,1989,1971,1972,1,0,0,1
S01E04,218,counted_remaining_error,delete,boom,,o o m otherwise known as kah <<boom>> certainly sounds awesome you intrigue me feign,o o m otherwise known as kaboom <<<gap>>> certainly sounds awesome you intrigue me feign,1989,1990,1972,1972,0,1,0,1
S01E04,220,counted_remaining_error,insert,,in,certainly sounds awesome you intrigue me feign <<<gap>>> impassivity while you can the moment my,certainly sounds awesome you intrigue me feign <<in>> passivity while you can the moment my,1997,1997,1979,1980,0,0,1,1
S01E04,221,counted_remaining_error,substitute,impassivity,passivity,certainly sounds awesome you intrigue me feign <<impassivity>> while you can the moment my strategy,sounds awesome you intrigue me feign in <<passivity>> while you can the moment my strategy,1997,1998,1980,1981,1,0,0,1
S01E04,223,counted_remaining_error,insert,,i b,be told everything you know about the <<<gap>>> ibn agreed kitties never lie bring it,be told everything you know about the <<i b>> in agreed kitties never lie bring it,2041,2041,2024,2026,0,0,2,2
S01E04,224,excluded_name_error,substitute,ibn,in,be told everything you know about the <<ibn>> agreed kitties never lie bring it prepare,everything you know about the i b <<in>> agreed kitties never lie bring it prepare,2041,2042,2026,2027,1,0,0,1
S01E04,226,counted_remaining_error,insert,,you what,your view of the game i surrender <<<gap>>> well that was a lot of build,your view of the game i surrender <<you what>> well that was a lot of build,2063,2063,2048,2050,0,0,2,2
S01E04,228,counted_remaining_error,insert,,huh,intended to be a suicide bomber kaboom <<<gap>>> k b o o m ooooooh lamest,intended to be a suicide bomber kaboom <<huh>> k b o o m lamest anagram,2099,2099,2086,2087,0,0,1,1
S01E04,230,counted_remaining_error,delete,ooooooh,,bomber kaboom k b o o m <<ooooooh>> lamest anagram ever oh crap now the,kaboom huh k b o o m <<<gap>>> lamest anagram ever now oh crap the,2104,2105,2092,2092,0,1,0,1
S01E04,232,counted_remaining_error,insert,,now,o o m ooooooh lamest anagram ever <<<gap>>> oh crap now the intel i require,b o o m lamest anagram ever <<now>> oh crap the intel i require if,2108,2108,2095,2096,0,0,1,1
S01E04,234,counted_remaining_error,delete,now,,m ooooooh lamest anagram ever oh crap <<now>> the intel i require if you would,m lamest anagram ever now oh crap <<<gap>>> the intel i require if you would,2110,2111,2098,2098,0,1,0,1
S01E04,236,excluded_name_error,substitute,faris you're,ferris you,intel i require if you would please <<faris you're>> sure demanding for a loser lest we,intel i require if you would please <<ferris you>> sure demanding for a loser lest we,2119,2121,2106,2108,2,0,0,2
S01E04,238,counted_remaining_error,insert,,where,brilliant dunno about that cheesy definitely silence <<<gap>>> where've you got the ibn 5100 i,brilliant dunno about that cheesy definitely silence <<where>> have you got the ibm 5100 i,2180,2180,2167,2168,0,0,1,1
S01E04,239,counted_remaining_error,substitute,where've,have,brilliant dunno about that cheesy definitely silence <<where've>> you got the ibn 5100 i don't,dunno about that cheesy definitely silence where <<have>> you got the ibm 5100 i don't,2180,2181,2168,2169,1,0,0,1
S01E04,241,excluded_name_error,substitute,ibn,ibm,cheesy definitely silence where've you got the <<ibn>> 5100 i don't of course you do,definitely silence where have you got the <<ibm>> 5100 i don't of course you do,2184,2185,2172,2173,1,0,0,1
S01E04,243,counted_remaining_error,delete,eh,,was years ago it's long gone now <<eh>> blast your special move you actually used,was years ago it's long gone now <<<gap>>> blast your special move you actually used,2211,2212,2199,2199,0,1,0,1
S01E04,245,excluded_name_error,substitute,ibn,ibm,last time i laid eyes on an <<ibn>> was at a shrine somewhere in akihabara,last time i laid eyes on an <<ibm>> was at a shrine somewhere in akihabara,2260,2261,2247,2248,1,0,0,1
S01E04,247,counted_remaining_error,substitute,let's,lets,not recognize the name but if he <<let's>> me have a gander at it i'll,not recognize the name but if he <<lets>> me have a gander at it i'll,2341,2342,2328,2329,1,0,0,1
S01E04,249,counted_remaining_error,substitute,el,elsai,on you now code words please uh <<el>> psy congress it's congroo go ahead it's,on you now code words please uh <<elsai>> congress it's congru go ahead it's me,2363,2364,2350,2351,1,0,0,1
S01E04,250,counted_remaining_error,delete,psy,,you now code words please uh el <<psy>> congress it's congroo go ahead it's me,you now code words please uh elsai <<<gap>>> congress it's congru go ahead it's me,2364,2365,2351,2351,0,1,0,1
S01E04,252,counted_remaining_error,substitute,congroo,congru,words please uh el psy congress it's <<congroo>> go ahead it's me me who i,code words please uh elsai congress it's <<congru>> go ahead it's me me who i,2367,2368,2353,2354,1,0,0,1
S01E04,254,counted_remaining_error,substitute,though,oh,a lot of people by that name <<though>> i have to say you sound like,a lot of people by that name <<oh>> i have to say you sound like,2383,2384,2369,2370,1,0,0,1
S01E04,256,counted_remaining_error,substitute,when,or,met could it be my errant assistant <<when>> did you change your name from christina,met could it be my errant assistant <<or>> did you change your name from christina,2413,2414,2399,2400,1,0,0,1
S01E04,258,counted_remaining_error,delete,hmph,,attitude you bring it out of me <<hmph>> what do you want where are you,attitude you bring it out of me <<<gap>>> what do you want where are you,2438,2439,2424,2424,0,1,0,1
S01E04,260,excluded_name_error,substitute,yanabayashi,yonabayashi's,to know no reason en route to <<yanabayashi>> shrine if you're so disinterested oh a,to know no reason en route to <<yonabayashi's>> shrine if you're so disinterested oh a,2457,2458,2442,2443,1,0,0,1
S01E04,262,counted_remaining_error,substitute,ah,uh,to keep you waiting for so long <<ah>> did you talk to him yeah and,to keep you waiting for so long <<uh>> did you talk to him yeah and,2505,2506,2490,2491,1,0,0,1
S01E04,264,excluded_name_error,substitute,an ibn,the ibm,hold on are you you're talking about <<an ibn>> 5100 uh huh um who's your new,hold on are you you're talking about <<the ibm>> 5100 uh huh um who's your new,2544,2546,2529,2531,2,0,0,2
S01E04,266,excluded_name_error,substitute,makise,makisei,fine whatever makes you happy this is <<makise>> kurisu my assistant good but for the,fine whatever makes you happy this is <<makisei>> kurisu my assistant good but for the,2607,2608,2592,2593,1,0,0,1
S01E04,268,excluded_name_error,substitute,urushibara,rushibara,assistant so what was your name ruka <<urushibara>> hello how old are you i'm actually,assistant so what was your name ruka <<rushibara>> hello how old are you i'm actually,2626,2627,2611,2612,1,0,0,1
S01E04,270,counted_remaining_error,substitute,one year,when you're,you i'm actually turning seventeen this year <<one year>> younger than me what i don't believe,you i'm actually turning seventeen this year <<when you're>> younger than me what i don't believe,2638,2640,2623,2625,2,0,0,2
S01E04,272,counted_remaining_error,insert,,uh,i'm jealous oh please you're way prettier <<<gap>>> um i uh i'll go get dad,i'm jealous oh please you're way prettier <<uh>> um i uh i'll go get dad,2663,2663,2648,2649,0,0,1,1
S01E04,274,counted_remaining_error,delete,uh,,hard time believing this day's actually come <<uh>> why is that exactly well you see,hard time believing this day's actually come <<<gap>>> why is that exactly well you see,2689,2690,2675,2675,0,1,0,1
S01E04,276,counted_remaining_error,substitute,til,till,dire need of it would turn up <<til>> then we were just supposed to look,dire need of it would turn up <<till>> then we were just supposed to look,2725,2726,2710,2711,1,0,0,1
S01E04,278,counted_remaining_error,substitute,two,too,ruka here takes a page from you <<two>> yeah wait here it won't take a,ruka here takes a page from you <<too>> yeah wait here it won't take a,2871,2872,2856,2857,1,0,0,1
S01E04,280,counted_remaining_error,substitute,cart's,card's,nothing sorry it uh looks like the <<cart's>> seen better days things you don't think,nothing sorry it uh looks like the <<card's>> seen better days things you don't think,2911,2912,2896,2897,1,0,0,1
S01E04,282,counted_remaining_error,insert,,whoa whoa whoa,never mind then whoa whoa whoa whoa <<<gap>>> kindly refrain from taking your frustrations out,never mind then whoa whoa whoa whoa <<whoa whoa whoa>> kindly refrain from taking your frustrations out,2947,2947,2932,2935,0,0,3,3
S01E04,284,counted_remaining_error,substitute,on,of,kindly refrain from taking your frustrations out <<on>> my lumbar please hang on how is,kindly refrain from taking your frustrations out <<of>> my lumbar please hang on how is,2954,2955,2942,2943,1,0,0,1
S01E04,286,counted_remaining_error,insert,,this,i'm the one who has to schlep <<<gap>>> backwards because that's the direction you're facing,i'm the one who has to schlep <<this>> backwards because that's the direction you're facing,2971,2971,2959,2960,0,0,1,1
S01E04,288,counted_remaining_error,insert,,ugh,backwards because that's the direction you're facing <<<gap>>> i can't be facing backward genius sure,backwards because that's the direction you're facing <<ugh>> i can't be facing backwards genius sure,2978,2978,2967,2968,0,0,1,1
S01E04,290,counted_remaining_error,substitute,backward,backwards,direction you're facing i can't be facing <<backward>> genius sure you can i believe in,you're facing ugh i can't be facing <<backwards>> genius sure you can i believe in,2982,2983,2972,2973,1,0,0,1
S01E04,292,counted_remaining_error,substitute,'cause,because,scratch that i know we need to <<'cause>> i'm about to drop this thing on,scratch that i know we need to <<because>> i'm about to drop this thing on,3011,3012,3001,3002,1,0,0,1
S01E04,294,counted_remaining_error,insert,,thank you thank you thank you you,drop this thing on your freaking toes <<<gap>>>,drop this thing on your freaking toes <<thank you thank you thank you you>>,3022,3022,3012,3019,0,0,7,7
S01E05,1,counted_remaining_error,delete,a,,i'm calling <<a>> it a day help me lock up,i'm calling <<<gap>>> it a day help me lock up,2,3,2,2,0,1,0,1
S01E05,3,counted_remaining_error,delete,breaks,,eyes were begging me to take those <<breaks>> yeah because you looked like you were,eyes were begging me to take those <<<gap>>> yeah because you look like you're about,32,33,31,31,0,1,0,1
S01E05,5,counted_remaining_error,substitute,looked,look,to take those breaks yeah because you <<looked>> like you were about to up and,me to take those yeah because you <<look>> like you're about to up and die,36,37,34,35,1,0,0,1
S01E05,7,counted_remaining_error,substitute,you,you're,those breaks yeah because you looked like <<you>> were about to up and die every,take those yeah because you look like <<you're>> about to up and die every couple,38,39,36,37,1,0,0,1
S01E05,8,counted_remaining_error,delete,were,,breaks yeah because you looked like you <<were>> about to up and die every couple,those yeah because you look like you're <<<gap>>> about to up and die every couple,39,40,37,37,0,1,0,1
S01E05,10,counted_remaining_error,substitute,na,naive,die every couple of feet don't be <<na>> ve i was merely feigning weakness what,die every couple of feet don't be <<naive>> i was merely feigning weakness what we,51,52,48,49,1,0,0,1
S01E05,11,counted_remaining_error,delete,ve,,every couple of feet don't be na <<ve>> i was merely feigning weakness what we,every couple of feet don't be naive <<<gap>>> i was merely feigning weakness what we,52,53,49,49,0,1,0,1
S01E05,13,counted_remaining_error,insert,,okay,weakness what we weren't conspicuous enough already <<<gap>>> okabe wasssup what's in the box heh,weakness what we weren't conspicuous enough already <<okay>> what's up what's in the box dying,64,64,60,61,0,0,1,1
S01E05,14,excluded_name_error,substitute,okabe wasssup,what's up,weakness what we weren't conspicuous enough already <<okabe wasssup>> what's in the box heh dying to,what we weren't conspicuous enough already okay <<what's up>> what's in the box dying to know,64,66,61,63,2,0,0,2
S01E05,16,counted_remaining_error,delete,heh,,already okabe wasssup what's in the box <<heh>> dying to know are you i'd be,okay what's up what's in the box <<<gap>>> dying to know are you i'd be,70,71,67,67,0,1,0,1
S01E05,18,counted_remaining_error,insert,,but,its contents even under threat of torture <<<gap>>> my arms are on fire can't you,its contents even under threat of torture <<but>> my arms are on fire can't you,93,93,89,90,0,0,1,1
S01E05,20,counted_remaining_error,substitute,could,can,skip ahead to the good part how <<could>> you say that this box is a,skip ahead to the good part how <<can>> you say that this box is a,126,127,123,124,1,0,0,1
S01E05,22,counted_remaining_error,substitute,denouement,denomah,its precious cargo demands a properly paced <<denouement>> let me guess it's an ibn 5100,its precious cargo demands a properly paced <<denomah>> let me guess it's an ibm 5100,142,143,139,140,1,0,0,1
S01E05,24,excluded_name_error,substitute,ibn,ibm,paced denouement let me guess it's an <<ibn>> 5100 what how did she pluck the,paced denomah let me guess it's an <<ibm>> 5100 what how did she pluck the,148,149,145,146,1,0,0,1
S01E05,26,excluded_name_error,substitute,yanabayashi,yanabayashi's,it down fate guided my footsteps to <<yanabayashi>> shrine where it languished amid the dusty,it down fate guided my footsteps to <<yanabayashi's>> shrine where it languished amid the dusty,174,175,171,172,1,0,0,1
S01E05,28,counted_remaining_error,delete,wow,,languished amid the dusty offerings of yesteryear <<wow>> fate's going to crush your footsteps if,languished amid the dusty offerings of yesteryear <<<gap>>> fate's going to crush your footsteps if,185,186,182,182,0,1,0,1
S01E05,30,counted_remaining_error,insert,,look is he,your footsteps if we don't hurry up <<<gap>>> makise kurisu uh uh huh who is,your footsteps if we don't hurry up <<look is he>> cursed sue uh uh huh who is,197,197,193,196,0,0,3,3
S01E05,31,excluded_name_error,substitute,makise kurisu,cursed sue,your footsteps if we don't hurry up <<makise kurisu>> uh uh huh who is this person,we don't hurry up look is he <<cursed sue>> uh uh huh who is this person,197,199,196,198,2,0,0,2
S01E05,33,counted_remaining_error,insert,,come,part time help did i miss something <<<gap>>> c'mon kid let me see some hustle,part time help did i miss something <<come>> on kid let me see some hustle,217,217,216,217,0,0,1,1
S01E05,34,counted_remaining_error,substitute,c'mon,on,part time help did i miss something <<c'mon>> kid let me see some hustle we're,time help did i miss something come <<on>> kid let me see some hustle we're,217,218,217,218,1,0,0,1
S01E05,36,counted_remaining_error,insert,,thank you thank you thank you,do have a right dastardly face huh <<<gap>>> daru your t shirt is so big,do have a right dastardly face huh <<thank you thank you thank you>> dara your t shirt is so big,244,244,244,250,0,0,6,6
S01E05,37,excluded_name_error,substitute,daru,dara,do have a right dastardly face huh <<daru>> your t shirt is so big it's,huh thank you thank you thank you <<dara>> your t shirt is so big it's,244,245,250,251,1,0,0,1
S01E05,39,excluded_name_error,delete,it's kurisu,,now easy does it thanks captain obvious <<it's kurisu>> oh hey mayuri sorry to just barge,now easy does it thanks captain obvious <<<gap>>> oh hey mayuri sorry to barge in,289,291,295,295,0,2,0,2
S01E05,41,counted_remaining_error,delete,just,,it's kurisu oh hey mayuri sorry to <<just>> barge in like this you can come,captain obvious oh hey mayuri sorry to <<<gap>>> barge in like this mmm you can,296,297,300,300,0,1,0,1
S01E05,43,counted_remaining_error,insert,,mmm,sorry to just barge in like this <<<gap>>> you can come here whenever you like,mayuri sorry to barge in like this <<mmm>> you can come here whenever you like,301,301,304,305,0,0,1,1
S01E05,45,counted_remaining_error,substitute,'cause,because,frailty thy name is assistant i'm here <<'cause>> you're too weak to carry the thing,frailty thy name is assistant i'm here <<because>> you're too weak to carry the thing,329,330,333,334,1,0,0,1
S01E05,47,counted_remaining_error,substitute,ah,oh,certainly didn't come of my own volition <<ah>> you you don't like it here at,certainly didn't come of my own volition <<oh>> you you don't like it here at,345,346,349,350,1,0,0,1
S01E05,49,counted_remaining_error,delete,i,,future gadget lab wait what no i <<i>> didn't say that it it's complicated so,future gadget lab wait what no i <<<gap>>> didn't say that it it's complicated so,361,362,365,365,0,1,0,1
S01E05,51,counted_remaining_error,insert,,ha,complicated so what's in the mystery box <<<gap>>> you dying to know i'd be sworn,complicated so what's in the mystery box <<ha>> you dying to know i'd be sworn,374,374,377,378,0,0,1,1
S01E05,53,counted_remaining_error,substitute,secre,seek,dying to know i'd be sworn to <<secre>> an ibn 5100 huh come to papa,dying to know i'd be sworn to <<seek>> an ibm 5100 huh come to papa,382,383,386,387,1,0,0,1
S01E05,55,excluded_name_error,substitute,ibn,ibm,know i'd be sworn to secre an <<ibn>> 5100 huh come to papa dude okarin,know i'd be sworn to seek an <<ibm>> 5100 huh come to papa dude ocarine,384,385,388,389,1,0,0,1
S01E05,57,excluded_name_error,substitute,okarin,ocarine,ibn 5100 huh come to papa dude <<okarin>> way to go seriously this is why,ibm 5100 huh come to papa dude <<ocarine>> way to go seriously this is why,391,392,395,396,1,0,0,1
S01E05,59,counted_remaining_error,substitute,caf,cafe,was talking about it at the maid <<caf>> huh indeed couldn't have done it without,was talking about it at the maid <<cafe>> huh indeed couldn't have done it without,428,429,432,433,1,0,0,1
S01E05,61,counted_remaining_error,substitute,an',and,ethernet cable into the back this stuff <<an'>> a gum wrapper should do it i'll,ethernet cable into the back this stuff <<and>> a gum wrapper should do it i'll,485,486,489,490,1,0,0,1
S01E05,63,counted_remaining_error,insert,,oh,oh but you are no i'm not <<<gap>>> okarin you should go she's not going,oh but you are no i'm not <<oh>> corrine you should go she's not going,519,519,523,524,0,0,1,1
S01E05,64,excluded_name_error,substitute,okarin,corrine,oh but you are no i'm not <<okarin>> you should go she's not going to,but you are no i'm not oh <<corrine>> you should go she's not going to,519,520,524,525,1,0,0,1
S01E05,66,counted_remaining_error,delete,hhh,,where all those nutty little shops are <<hhh>> if i must let's be off mayuri,where all those nutty little shops are <<<gap>>> if i must let's be off mayuri,535,536,540,540,0,1,0,1
S01E05,68,counted_remaining_error,substitute,nah,no,if i must let's be off mayuri <<nah>> i think i'm going to stay behind,if i must let's be off mayuri <<no>> i think i'm going to stay behind,543,544,547,548,1,0,0,1
S01E05,70,counted_remaining_error,substitute,o,oh,and you won't want to go away <<o>> foul enchantress working your hoodoo on that,and you won't want to go away <<oh>> foul enchantress working your hoodoo on that,583,584,587,588,1,0,0,1
S01E05,72,excluded_name_error,substitute,makise,makisei,working my what hush don't fight it <<makise>> give in to the sapphic goodness keep,working my what hush don't fight it <<makisei>> give in to the sapphic goodness keep,600,601,604,605,1,0,0,1
S01E05,74,excluded_name_error,substitute,makise,makisei,sapphic goodness keep on dreaming pervert hey <<makise>> what does sapphic goodness mean uh how,sapphic goodness keep on dreaming pervert hey <<makisei>> what does sapphic goodness mean uh how,612,613,616,617,1,0,0,1
S01E05,76,counted_remaining_error,insert,,you ready mm,goodness mean uh how about that tour <<<gap>>> y'ready all right let's show her what's,goodness mean uh how about that tour <<you ready mm>> hmm all right let's show her what's,623,623,627,630,0,0,3,3
S01E05,77,counted_remaining_error,substitute,y'ready,hmm,goodness mean uh how about that tour <<y'ready>> all right let's show her what's behind,how about that tour you ready mm <<hmm>> all right let's show her what's behind,623,624,630,631,1,0,0,1
S01E05,79,counted_remaining_error,insert,,don't make me say why,me you'll never shower here again mayuri <<<gap>>> she's perfectly safe i should buy you,me you'll never shower here again mayuri <<don't make me say why>> she's perfectly safe i should buy you,692,692,699,704,0,0,5,5
S01E05,81,excluded_name_error,substitute,okarin's,ocarine's,what nothing like that it's just i'm <<okarin's>> hostage that's it i'm calling the cops,what nothing like that it's just i'm <<ocarine's>> hostage that's it i'm calling the cops,726,727,738,739,1,0,0,1
S01E05,83,counted_remaining_error,delete,hmph,,see huh what is she talking about <<hmph>> well i'm off see ya later it's,see huh what is she talking about <<<gap>>> well i'm off see you later it's,766,767,778,778,0,1,0,1
S01E05,85,counted_remaining_error,substitute,ya,you,talking about hmph well i'm off see <<ya>> later it's not the exact thing he,she talking about well i'm off see <<you>> later it's not the exact thing he,771,772,782,783,1,0,0,1
S01E05,87,counted_remaining_error,insert,,what's,he wanted but i'm sure it'll do <<<gap>>> waaaaassssup how's the ol' 5100 coming along,he wanted but i'm sure it'll do <<what's>> up how's the old 5100 coming along,785,785,796,797,0,0,1,1
S01E05,88,counted_remaining_error,substitute,waaaaassssup,up,he wanted but i'm sure it'll do <<waaaaassssup>> how's the ol' 5100 coming along shh,wanted but i'm sure it'll do what's <<up>> how's the old 5100 coming along shh,785,786,797,798,1,0,0,1
S01E05,90,counted_remaining_error,substitute,ol',old,i'm sure it'll do waaaaassssup how's the <<ol'>> 5100 coming along shh don't speak of,sure it'll do what's up how's the <<old>> 5100 coming along shh don't speak of,788,789,800,801,1,0,0,1
S01E05,92,counted_remaining_error,substitute,ibns,ibms,pcs yeah but when it comes to <<ibns>> there's one guy who has all of,pcs yeah but when it comes to <<ibms>> there's one guy who has all of,831,832,843,844,1,0,0,1
S01E05,94,counted_remaining_error,insert,,mm mm,my assistant offend you in some way <<<gap>>> just met her did she glare at,my assistant offend you in some way <<mm mm>> just met her did she glare at,907,907,919,921,0,0,2,2
S01E05,96,counted_remaining_error,substitute,scoff,scarf,perchance or scoff she packs a wicked <<scoff>> neither one she hasn't done anything what,perchance or scoff she packs a wicked <<scarf>> neither one she hasn't done anything what,922,923,936,937,1,0,0,1
S01E05,98,counted_remaining_error,substitute,ya,you,a fair enough view awesome i'll message <<ya>> just give me me your e mail,a fair enough view awesome i'll message <<you>> just give me your email a festival,1015,1016,1029,1030,1,0,0,1
S01E05,100,counted_remaining_error,delete,me,,awesome i'll message ya just give me <<me>> your e mail a festival yup fireworks,awesome i'll message you just give me <<<gap>>> your email a festival yep fireworks and,1019,1020,1033,1033,0,1,0,1
S01E05,102,counted_remaining_error,substitute,e,email,message ya just give me me your <<e>> mail a festival yup fireworks and everything,i'll message you just give me your <<email>> a festival yep fireworks and everything it's,1021,1022,1034,1035,1,0,0,1
S01E05,103,counted_remaining_error,delete,mail,,ya just give me me your e <<mail>> a festival yup fireworks and everything it's,message you just give me your email <<<gap>>> a festival yep fireworks and everything it's,1022,1023,1035,1035,0,1,0,1
S01E05,105,counted_remaining_error,substitute,yup,yep,me me your e mail a festival <<yup>> fireworks and everything it's been so long,just give me your email a festival <<yep>> fireworks and everything it's been so long,1025,1026,1037,1038,1,0,0,1
S01E05,107,excluded_name_error,substitute,okarin,ocarine,oh uh well i guess look there's <<okarin>> too too roo homeward bound mm hm,oh uh well i guess look there's <<ocarine>> homeward bound mm hmm how did the,1045,1046,1057,1058,1,0,0,1
S01E05,108,counted_remaining_error,delete,too too roo,,uh well i guess look there's okarin <<too too roo>> homeward bound mm hm how did the,uh well i guess look there's ocarine <<<gap>>> homeward bound mm hmm how did the,1046,1049,1058,1058,0,3,0,3
S01E05,110,counted_remaining_error,substitute,hm,hmm,okarin too too roo homeward bound mm <<hm>> how did the parts hunt go total,guess look there's ocarine homeward bound mm <<hmm>> how did the parts hunt go total,1052,1053,1061,1062,1,0,0,1
S01E05,112,counted_remaining_error,substitute,ah,huh,parts hunt go total success of course <<ah>> so you guys're really going to keep,parts hunt go total success of course <<huh>> so you guys are really going to,1063,1064,1072,1073,1,0,0,1
S01E05,114,counted_remaining_error,insert,,guys,total success of course ah so you <<<gap>>> guys're really going to keep working this,total success of course huh so you <<guys>> are really going to keep working this,1066,1066,1075,1076,0,0,1,1
S01E05,115,counted_remaining_error,substitute,guys're,are,total success of course ah so you <<guys're>> really going to keep working this time,success of course huh so you guys <<are>> really going to keep working this time,1066,1067,1076,1077,1,0,0,1
S01E05,117,counted_remaining_error,insert,,that,time machine angle huh don't tell me <<<gap>>> you care now you do don't you,time machine angle huh don't tell me <<that>> you care now you do don't you,1080,1080,1090,1091,0,0,1,1
S01E05,119,counted_remaining_error,delete,a,,you do don't you no well maybe <<a>> just a tiny little bit but i,you do don't you no well maybe <<<gap>>> just a tiny little bit but i,1090,1091,1101,1101,0,1,0,1
S01E05,121,counted_remaining_error,substitute,prob'ly,probably,to the lab that's okay i should <<prob'ly>> be heading back home anyhow cool but,to the lab that's okay i should <<probably>> be heading back home anyhow cool but,1142,1143,1152,1153,1,0,0,1
S01E05,123,counted_remaining_error,substitute,e,email,didn't mean her genius here's my first <<e>> mail better than i imagined fireworks are,didn't mean her genius here's my first <<email>> better than i imagined fireworks are amazing,1243,1244,1253,1254,1,0,0,1
S01E05,124,counted_remaining_error,delete,mail,,mean her genius here's my first e <<mail>> better than i imagined fireworks are amazing,mean her genius here's my first email <<<gap>>> better than i imagined fireworks are amazing,1244,1245,1254,1254,0,1,0,1
S01E05,126,counted_remaining_error,substitute,uhhh,uh,to the very marrow it thrills me <<uhhh>> what the hell are you going on,to the very marrow it thrills me <<uh>> what the hell are you going on,1295,1296,1304,1305,1,0,0,1
S01E05,128,counted_remaining_error,insert,,consider the,of having dedicated their life to research <<<gap>>> it's kind of sexy every time you,of having dedicated their life to research <<consider the>> lab coat a gift every time you,1381,1381,1390,1392,0,0,2,2
S01E05,129,counted_remaining_error,substitute,it's kind of sexy,lab coat a gift,of having dedicated their life to research <<it's kind of sexy>> every time you wear it marvel anew,dedicated their life to research consider the <<lab coat a gift>> every time you wear it marvel anew,1381,1385,1392,1396,4,0,0,4
S01E05,131,counted_remaining_error,substitute,oh,ah,and that was a long time ago <<oh>> very well i'm feeling generous so dinner,and that was a long time ago <<ah>> very well i'm feeling generous so dinner,1424,1425,1435,1436,1,0,0,1
S01E05,133,counted_remaining_error,substitute,deign,dain,the windswept moors of america would ever <<deign>> in a cup mm hmm i suppose,the windswept moors of america would ever <<dain>> in a cup mm hmm i suppose,1478,1479,1489,1490,1,0,0,1
S01E05,135,counted_remaining_error,substitute,an',and,so what flavors do you have salt <<an'>> soy sauce i'll have the salt though,so what flavors do you have salt <<and>> soy sauce i'll have the salt though,1495,1496,1506,1507,1,0,0,1
S01E05,137,counted_remaining_error,insert,,and,fork no point stalling time runs out <<<gap>>> you lose anyway want to throw in,fork no point stalling time runs out <<and>> you lose anyway want to throw in,1515,1515,1526,1527,0,0,1,1
S01E05,139,counted_remaining_error,substitute,'cause that,because the,anyway want to throw in the towel <<'cause that>> one at the end is clearly a,anyway want to throw in the towel <<because the>> one at the end is clearly a,1524,1526,1536,1538,2,0,0,2
S01E05,141,counted_remaining_error,substitute,hah,ha,is clearly a virus card just saying <<hah>> whatever you think is going to get,is clearly a virus card just saying <<ha>> whatever you think is going to get,1537,1538,1549,1550,1,0,0,1
S01E05,143,counted_remaining_error,insert,,oh,so much easier last turn and go <<<gap>>> oho i see you're drinking that soda,so much easier last turn and go <<oh>> ho i see you're drinking that soda,1564,1564,1576,1577,0,0,1,1
S01E05,144,counted_remaining_error,substitute,oho,ho,so much easier last turn and go <<oho>> i see you're drinking that soda with,much easier last turn and go oh <<ho>> i see you're drinking that soda with,1564,1565,1577,1578,1,0,0,1
S01E05,146,counted_remaining_error,insert,,what do,aplomb uh seven years in the states <<<gap>>> whaddya expect we could go grab something,aplomb uh seven years in the states <<what do>> you expect we could go grab something,1580,1580,1593,1595,0,0,2,2
S01E05,147,counted_remaining_error,substitute,whaddya,you,aplomb uh seven years in the states <<whaddya>> expect we could go grab something harder,seven years in the states what do <<you>> expect we could go grab something harder,1580,1581,1595,1596,1,0,0,1
S01E05,149,counted_remaining_error,substitute,your,the,bigger picture you're so caught up in <<your>> whole damn the torpedoes deal that you,bigger picture you're so caught up in <<the>> whole damn the torpedoes deal that you,1683,1684,1698,1699,1,0,0,1
S01E05,151,counted_remaining_error,insert,,that,you call me assistant it doesn't mean <<<gap>>> i'm going to call you boss man,you call me assistant it doesn't mean <<that>> i'm going to call you boss man,1756,1756,1771,1772,0,0,1,1
S01E05,153,counted_remaining_error,insert,,ho,the last time christina my name is <<<gap>>> hououin i'd thank you to remember it,the last time christina my name is <<ho>> wing i'd thank you to remember it,1774,1774,1790,1791,0,0,1,1
S01E05,154,excluded_name_error,substitute,hououin,wing,the last time christina my name is <<hououin>> i'd thank you to remember it henceforth,last time christina my name is ho <<wing>> i'd thank you to remember it henceforth,1774,1775,1791,1792,1,0,0,1
S01E05,156,counted_remaining_error,insert,,ho,remember it henceforth you will call me <<<gap>>> hououin or if that's too hard kyoma,remember it henceforth you will call me <<ho>> wing or if that's too hard kiyoma,1786,1786,1803,1804,0,0,1,1
S01E05,157,excluded_name_error,substitute,hououin,wing,remember it henceforth you will call me <<hououin>> or if that's too hard kyoma is,it henceforth you will call me ho <<wing>> or if that's too hard kiyoma is,1786,1787,1804,1805,1,0,0,1
S01E05,159,excluded_name_error,substitute,kyoma,kiyoma,me hououin or if that's too hard <<kyoma>> is also acceptable hm are you crying,ho wing or if that's too hard <<kiyoma>> is also acceptable are you crying down,1792,1793,1810,1811,1,0,0,1
S01E05,161,counted_remaining_error,delete,hm,,that's too hard kyoma is also acceptable <<hm>> are you crying down there what's there,that's too hard kiyoma is also acceptable <<<gap>>> are you crying down there what's there,1796,1797,1814,1814,0,1,0,1
S01E05,163,counted_remaining_error,substitute,'cause,because,there what's there to cry about just <<'cause>> some maniac jumped out of his chair,there what's there to cry about just <<because>> some maniac jumped out of his chair,1808,1809,1825,1826,1,0,0,1
S01E05,165,counted_remaining_error,delete,yeah,,cables should shimmy on down through here <<yeah>> assistant no but go ahead maybe you,cables should shimmy on down through here <<<gap>>> assistant no but go ahead maybe you,1882,1883,1899,1899,0,1,0,1
S01E05,167,counted_remaining_error,insert,,out,if it doesn't work by morning i'm <<<gap>>> outta here shouldn't you at least call,if it doesn't work by morning i'm <<out>> of here shouldn't you at least call,1909,1909,1925,1926,0,0,1,1
S01E05,168,counted_remaining_error,substitute,outta,of,if it doesn't work by morning i'm <<outta>> here shouldn't you at least call your,it doesn't work by morning i'm out <<of>> here shouldn't you at least call your,1909,1910,1926,1927,1,0,0,1
S01E05,170,counted_remaining_error,substitute,aliiiiiiiiive,alive,am not swaddled weirdo it's alive it's <<aliiiiiiiiive>> you got it to work hashida daru,am not swaddled weirdo it's alive it's <<alive>> you got it to work hush you,1955,1956,1972,1973,1,0,0,1
S01E05,172,counted_remaining_error,insert,,hush you,it's aliiiiiiiiive you got it to work <<<gap>>> hashida daru for another win does any,it's alive you got it to work <<hush you>> to daru for another win does any,1961,1961,1978,1980,0,0,2,2
S01E05,173,excluded_name_error,substitute,hashida,to,it's aliiiiiiiiive you got it to work <<hashida>> daru for another win does any of,you got it to work hush you <<to>> daru for another win does any of,1961,1962,1980,1981,1,0,0,1
S01E05,175,counted_remaining_error,substitute,thing says,thing's a,haven't mucked around yet but hey this <<thing says>> z program so that file was created,haven't mucked around yet but hey this <<thing's a>> z program so that file was created,1980,1982,1999,2001,2,0,0,2
S01E05,177,counted_remaining_error,substitute,fifties fifty,50s 54,sern when was it founded in the <<fifties fifty>> four i think and this machine first,sern when was it founded in the <<50s 54>> i think and this machine first came,2001,2003,2020,2022,2,0,0,2
S01E05,178,counted_remaining_error,delete,four,,was it founded in the fifties fifty <<four>> i think and this machine first came,was it founded in the 50s 54 <<<gap>>> i think and this machine first came,2003,2004,2022,2022,0,1,0,1
S01E05,180,counted_remaining_error,substitute,nineteen,1975,came on the market in ooh me <<nineteen>> seventy five did sern actually smuggle a,came on the market in ooh me <<1975>> did sern actually smuggle a whole programming,2017,2018,2035,2036,1,0,0,1
S01E05,181,counted_remaining_error,delete,seventy five,,on the market in ooh me nineteen <<seventy five>> did sern actually smuggle a whole programming,on the market in ooh me 1975 <<<gap>>> did sern actually smuggle a whole programming,2018,2020,2036,2036,0,2,0,2
S01E05,183,counted_remaining_error,delete,ugh,,forced to drop this stupid conspiracy crap <<ugh>> this font is killing my eyes somebody,forced to drop this stupid conspiracy crap <<<gap>>> this font is killing my eyes somebody,2085,2086,2101,2101,0,1,0,1
S01E05,185,counted_remaining_error,insert,,in,tag in just be glad it's not <<<gap>>> french okay it reads the control of,tag in just be glad it's not <<in>> french okay it reads the control of,2100,2100,2115,2116,0,0,1,1
S01E05,187,counted_remaining_error,insert,,be,in his ear like that you might <<<gap>>> join the 2d ladies in daru's harem,in his ear like that you might <<be>> joining the 2d ladies in daru's harem,2135,2135,2151,2152,0,0,1,1
S01E05,188,counted_remaining_error,substitute,join,joining,in his ear like that you might <<join>> the 2d ladies in daru's harem yeah,his ear like that you might be <<joining>> the 2d ladies in daru's harem yeah,2135,2136,2152,2153,1,0,0,1
S01E05,190,counted_remaining_error,substitute,d' tre,d 'etre,future this will be the true raison <<d' tre>> of sern as we move into the,future this will be the true raison <<d 'etre>> of sern as we move into the,2165,2167,2182,2184,2,0,0,2
S01E05,192,counted_remaining_error,substitute,two,2d,tab down further down past the abstract <<two>> d girls aren't as bossy let's see,tab down further down past the abstract <<2d>> girls aren't as bossy let's see more,2194,2195,2211,2212,1,0,0,1
S01E05,193,counted_remaining_error,delete,d,,down further down past the abstract two <<d>> girls aren't as bossy let's see more,down further down past the abstract 2d <<<gap>>> girls aren't as bossy let's see more,2195,2196,2212,2212,0,1,0,1
S01E05,195,counted_remaining_error,insert,,come,let's see more fluff list of participants <<<gap>>> c'mon tell me what they actually did,let's see more fluff list of participants <<come>> on tell me what they actually did,2207,2207,2223,2224,0,0,1,1
S01E05,196,counted_remaining_error,substitute,c'mon,on,let's see more fluff list of participants <<c'mon>> tell me what they actually did here,see more fluff list of participants come <<on>> tell me what they actually did here,2207,2208,2224,2225,1,0,0,1
S01E05,198,excluded_name_error,substitute,sern's,cern's,travel no it doesn't i'm right dammit <<sern's>> been conducting clandestine time travel research for,travel no it doesn't i'm right dammit <<cern's>> been conducting clandestine time travel research for,2252,2253,2269,2270,1,0,0,1
S01E05,200,counted_remaining_error,insert,,number,okay no jumping to conclusions program phase <<<gap>>> one construction and utilization of large hadron,okay no jumping to conclusions program phase <<number>> one construction and utilization of large hadron,2277,2277,2294,2295,0,0,1,1
S01E05,202,counted_remaining_error,insert,,number,utilization of large hadron collider program phase <<<gap>>> two practical application and tuning of lifter,utilization of large hadron collider program phase <<number>> two practical application and tuning of lifter,2287,2287,2305,2306,0,0,1,1
S01E05,204,counted_remaining_error,substitute,principal,principle,remember all that buzz about ionocrafts same <<principal>> but with a less science you name,remember all that buzz about ionocrafts same <<principle>> but with a less science you name,2309,2310,2328,2329,1,0,0,1
S01E05,206,counted_remaining_error,insert,,number,black hole keep on reading program phase <<<gap>>> three is some kind of animal testing,black hole keep on reading program phase <<number>> three is some kind of animal testing,2382,2382,2401,2402,0,0,1,1
S01E05,208,counted_remaining_error,insert,,number,kind of animal testing and program phase <<<gap>>> four say it human testing which brings,kind of animal testing and program phase <<number>> four is say it human testing which,2392,2392,2412,2413,0,0,1,1
S01E05,210,counted_remaining_error,insert,,is,of animal testing and program phase four <<<gap>>> say it human testing which brings us,animal testing and program phase number four <<is>> say it human testing which brings us,2393,2393,2414,2415,0,0,1,1
S01E05,212,counted_remaining_error,delete,that,,in jellyman's report well it's high time <<that>> we gave it a look i say,in jellyman's report well it's high time <<<gap>>> we have a look i say you,2439,2440,2461,2461,0,1,0,1
S01E05,214,counted_remaining_error,substitute,gave,have,report well it's high time that we <<gave>> it a look i say you sure,jellyman's report well it's high time we <<have>> a look i say you sure my,2441,2442,2462,2463,1,0,0,1
S01E05,215,counted_remaining_error,delete,it,,well it's high time that we gave <<it>> a look i say you sure my,report well it's high time we have <<<gap>>> a look i say you sure my,2442,2443,2463,2463,0,1,0,1
S01E05,217,counted_remaining_error,substitute,bad,badass,well i mean i have been pretty <<bad>> ass so far if they haven't managed,well i mean i have been pretty <<badass>> so far if they haven't managed to,2592,2593,2612,2613,1,0,0,1
S01E05,218,counted_remaining_error,delete,ass,,i mean i have been pretty bad <<ass>> so far if they haven't managed to,i mean i have been pretty badass <<<gap>>> so far if they haven't managed to,2593,2594,2613,2613,0,1,0,1
S01E05,220,counted_remaining_error,substitute,laegjarn's,legyarn's,go down in lab history as operation <<laegjarn's>> chest what is that norse mythology why,go down in lab history as operation <<legyarn's>> chest what is that norse mythology why,2633,2634,2652,2653,1,0,0,1
S01E05,222,counted_remaining_error,substitute,hmm,huh,a broadside i'm on it more files <<hmm>> yeah fourteen of them i'll just pick,a broadside i'm on it more files <<huh>> yeah fourteen of them i'll just pick,2664,2665,2683,2684,1,0,0,1
S01E05,224,counted_remaining_error,insert,,number,i'll just pick one at random report <<<gap>>> ten subject james mccarthy birthplace america z,i'll just pick one at random report <<number>> ten subject james mccarthy birthplace america z,2676,2676,2695,2696,0,0,1,1
S01E05,226,counted_remaining_error,insert,,super,the subject was unable to withstand the <<<gap>>> supergravitationally induced compression or survive transmission through,the subject was unable to withstand the <<super>> gravitational induced compression or survive transmission through,2707,2707,2727,2728,0,0,1,1
S01E05,227,counted_remaining_error,substitute,supergravitationally,gravitational,the subject was unable to withstand the <<supergravitationally>> induced compression or survive transmission through the,subject was unable to withstand the super <<gravitational>> induced compression or survive transmission through the,2707,2708,2728,2729,1,0,0,1
S01E05,229,counted_remaining_error,substitute,nineteen,1921,god look at the date april 3rd <<nineteen>> 21 new york the corpse of a,god look at the date april 3rd <<1921>> new york the corpse of a man,2730,2731,2751,2752,1,0,0,1
S01E05,230,counted_remaining_error,delete,21,,look at the date april 3rd nineteen <<21>> new york the corpse of a man,look at the date april 3rd 1921 <<<gap>>> new york the corpse of a man,2731,2732,2752,2752,0,1,0,1
S01E05,232,counted_remaining_error,insert,,number,time travel lethally flawed but still report <<<gap>>> eight subject linda hill birthplace england z,time travel lethally flawed but still report <<number>> eight subject linda hill birthplace england z,2781,2781,2801,2802,0,0,1,1
S01E05,234,counted_remaining_error,substitute,2nd,two,2004 result human is dead mismatch october <<2nd>> 1972 the gelatinous body of a woman,2004 result human is dead mismatch october <<two>> 1972 the gelatinous body of a woman,2801,2802,2822,2823,1,0,0,1
S01E05,236,counted_remaining_error,insert,,number,tires of a passing car another report <<<gap>>> seven subject michael lang birthplace germany z,tires of a passing car another report <<number>> seven subject michael lang birthplace germany z,2837,2837,2858,2859,0,0,1,1
S01E05,238,counted_remaining_error,substitute,mt,mount,body found at the foot of kyoto's <<mt>> hiei and there are fourteen of these,body found at the foot of kyoto's <<mount>> hiei and there are fourteen of these,2866,2867,2888,2889,1,0,0,1
S01E05,240,counted_remaining_error,delete,i,,seen quite enough you okay man i <<i>> need some fresh air i've never seen,seen quite enough you okay man i <<<gap>>> need some fresh air i've never seen,2886,2887,2908,2908,0,1,0,1
S01E05,242,counted_remaining_error,substitute,when,what,subjects go all dessert cup judging from <<when>> i've read so far i think sern,subjects go all dessert cup judging from <<what>> i've read so far i think sern,2909,2910,2930,2931,1,0,0,1
S01E05,244,counted_remaining_error,insert,,into,pretty freaky huh what's wrong with squeezing <<<gap>>> int daru you're such a pervert says,pretty freaky huh what's wrong with squeezing <<into>> uh daru you're such a pervert says,3006,3006,3027,3028,0,0,1,1
S01E05,245,counted_remaining_error,substitute,int,uh,pretty freaky huh what's wrong with squeezing <<int>> daru you're such a pervert says the,freaky huh what's wrong with squeezing into <<uh>> daru you're such a pervert says the,3006,3007,3028,3029,1,0,0,1
S01E05,247,counted_remaining_error,insert,,but,wave real name tba do we not <<<gap>>> we will build a time machine first,wave real name tba do we not <<but>> we will build a time machine first,3088,3088,3110,3111,0,0,1,1
S01E05,249,counted_remaining_error,insert,,thank you thank you thank you you,why did i even bother to ask <<<gap>>>,why did i even bother to ask <<thank you thank you thank you you>>,3115,3115,3138,3145,0,0,7,7
S01E06,1,counted_remaining_error,insert,,first,street below in hopes of catching a <<<gap>>> firsthand glimpse and as no country has,street below in hopes of catching a <<first>> hand glimpse and as no country has,31,31,31,32,0,0,1,1
S01E06,2,counted_remaining_error,substitute,firsthand,hand,street below in hopes of catching a <<firsthand>> glimpse and as no country has yet,below in hopes of catching a first <<hand>> glimpse and as no country has yet,31,32,32,33,1,0,0,1
S01E06,4,counted_remaining_error,insert,,you thank you thank you,viewers at home where you've traveled from <<<gap>>> wowza are you kidding it's awesome this,viewers at home where you've traveled from <<you thank you thank you>> wowza are you kidding it's awesome this,87,87,88,93,0,0,5,5
S01E06,6,counted_remaining_error,substitute,well,will,the hype doesn't do them justice yes <<well>> you really ought to try it with,the hype doesn't do them justice yes <<will>> you really ought to try it with,112,113,118,119,1,0,0,1
S01E06,8,counted_remaining_error,substitute,egg,eggs,really ought to try it with raw <<egg>> sometime that is of course once you've,really ought to try it with raw <<eggs>> sometime that is of course once you've,121,122,127,128,1,0,0,1
S01E06,10,counted_remaining_error,insert,,un,is of course once you've mastered this <<<gap>>> unwarrior like phobia of eating out alone,is of course once you've mastered this <<un>> warrior like phobia of eating out alone,131,131,137,138,0,0,1,1
S01E06,11,counted_remaining_error,substitute,unwarrior,warrior,is of course once you've mastered this <<unwarrior>> like phobia of eating out alone daru,of course once you've mastered this un <<warrior>> like phobia of eating out alone eww,131,132,138,139,1,0,0,1
S01E06,13,counted_remaining_error,insert,,eww,unwarrior like phobia of eating out alone <<<gap>>> daru and i only dine together out,warrior like phobia of eating out alone <<eww>> daru and i only dine together out,138,138,145,146,0,0,1,1
S01E06,15,counted_remaining_error,substitute,the,a,totally skipped out and left me with <<the>> check i do concede that as a,totally skipped out and left me with <<a>> check i do concede that as a,179,180,187,188,1,0,0,1
S01E06,17,counted_remaining_error,insert,,where,possibility try a distinct damn right ability <<<gap>>> where're my greenbacks bogart not the day,possibility try a distinct damn right ability <<where>> are my greenbacks bogart not the day,195,195,203,204,0,0,1,1
S01E06,18,counted_remaining_error,substitute,where're,are,possibility try a distinct damn right ability <<where're>> my greenbacks bogart not the day to,try a distinct damn right ability where <<are>> my greenbacks bogart not the day to,195,196,204,205,1,0,0,1
S01E06,20,counted_remaining_error,insert,,with,wait what the organization is playing havoc <<<gap>>> please no cell phones er does it,wait what the organization is playing havoc <<with>> the nevis financial sector uh does it,235,235,244,245,0,0,1,1
S01E06,21,counted_remaining_error,substitute,please no cell phones er,the nevis financial sector uh,wait what the organization is playing havoc <<please no cell phones er>> does it count if the conversation's all,what the organization is playing havoc with <<the nevis financial sector uh>> does it count if the conversation's all,235,240,245,250,5,0,0,5
S01E06,23,counted_remaining_error,insert,,what am i supposed to do shut my hedge funds to,if the conversation's all in his head <<<gap>>> too too roo i didn't know you,if the conversation's all in his head <<what am i supposed to do shut my hedge funds to>> the cayman islands i didn't know you,250,250,260,271,0,0,11,11
S01E06,24,counted_remaining_error,substitute,too too roo,the cayman islands,if the conversation's all in his head <<too too roo>> i didn't know you were part of,to do shut my hedge funds to <<the cayman islands>> i didn't know you were part of,250,253,271,274,3,0,0,3
S01E06,26,counted_remaining_error,substitute,ol',old,now oh i was just on the <<ol'>> lunch break you know you'd should have,now oh i was just on the <<old>> lunch break you know you should have,269,270,290,291,1,0,0,1
S01E06,28,counted_remaining_error,substitute,you'd,you,on the ol' lunch break you know <<you'd>> should have come around earlier it would,on the old lunch break you know <<you>> should have come around earlier it would,274,275,295,296,1,0,0,1
S01E06,30,excluded_name_error,substitute,okarin's treat,ocarine street,do this again tomorrow all of us <<okarin's treat>> no no no don't put me on,do this again tomorrow all of us <<ocarine street>> no no no no don't put me,296,298,317,319,2,0,0,2
S01E06,32,counted_remaining_error,insert,,no,of us okarin's treat no no no <<<gap>>> don't put me on hold crisis or,of us ocarine street no no no <<no>> don't put me on hold crisis or,301,301,322,323,0,0,1,1
S01E06,34,counted_remaining_error,substitute,double,004,back online cool the gang's all here <<double>> o four well rested i trust don't,back online cool the gang's all here <<004>> well rested i trust don't start with,326,327,348,349,1,0,0,1
S01E06,35,counted_remaining_error,delete,o four,,online cool the gang's all here double <<o four>> well rested i trust don't start with,online cool the gang's all here 004 <<<gap>>> well rested i trust don't start with,327,329,349,349,0,2,0,2
S01E06,37,counted_remaining_error,substitute,pow,powwow,that like a thing a lab member <<pow>> wow indeed you make it sound like,that like a thing a lab member <<powwow>> indeed you make it sound like we,368,369,388,389,1,0,0,1
S01E06,38,counted_remaining_error,delete,wow,,like a thing a lab member pow <<wow>> indeed you make it sound like we,like a thing a lab member powwow <<<gap>>> indeed you make it sound like we,369,370,389,389,0,1,0,1
S01E06,40,counted_remaining_error,substitute,dilemme,dalim,must be to apprise mayuri of notre <<dilemme>> uh oh what's that in short my,must be to apprise mayuri of notre <<dalim>> uh oh what's that in short my,496,497,515,516,1,0,0,1
S01E06,42,excluded_name_error,substitute,sern's,cern's,my minions if we intend to nip <<sern's>> odious design in the proverbial bud perfecting,my minions if we intend to nip <<cern's>> odious design in the proverbial bud perfecting,510,511,529,530,1,0,0,1
S01E06,44,counted_remaining_error,substitute,tba,tba's,bud perfecting the phone wave real name <<tba>> 's incipient functionality is absolutely paramount awww,bud perfecting the phone wave real name <<tba's>> incipient functionality is absolutely paramount aww you,523,524,542,543,1,0,0,1
S01E06,45,counted_remaining_error,delete,'s,,perfecting the phone wave real name tba <<'s>> incipient functionality is absolutely paramount awww you,perfecting the phone wave real name tba's <<<gap>>> incipient functionality is absolutely paramount aww you,524,525,543,543,0,1,0,1
S01E06,47,counted_remaining_error,substitute,awww,aww,tba 's incipient functionality is absolutely paramount <<awww>> you use so many big words the,name tba's incipient functionality is absolutely paramount <<aww>> you use so many big words the,530,531,548,549,1,0,0,1
S01E06,49,counted_remaining_error,insert,,sir,let me put it this way then <<<gap>>> sern is very very bad okay but,let me put it this way then <<sir>> and it's very very bad okay but,553,553,571,572,0,0,1,1
S01E06,50,excluded_name_error,substitute,sern is,and it's,let me put it this way then <<sern is>> very very bad okay but what do,me put it this way then sir <<and it's>> very very bad okay but what do,553,555,572,574,2,0,0,2
S01E06,52,counted_remaining_error,substitute,phenomena,phenomenon,be inspired we must first christen the <<phenomena>> with a decent name how about cart,be inspired we must first christen the <<phenomenon>> with a decent name how about cart,649,650,668,669,1,0,0,1
S01E06,54,counted_remaining_error,insert,,rash will,helpful continue to mock me and my <<<gap>>> wrath shall hamme please you'd get sidetracked,helpful continue to mock me and my <<rash will>> hammer down upon please you get sidetracked,668,668,687,689,0,0,2,2
S01E06,55,counted_remaining_error,substitute,wrath shall hamme,hammer down upon,helpful continue to mock me and my <<wrath shall hamme>> please you'd get sidetracked thinking up a,to mock me and my rash will <<hammer down upon>> please you get sidetracked thinking up a,668,671,689,692,3,0,0,3
S01E06,57,counted_remaining_error,substitute,you'd,you,me and my wrath shall hamme please <<you'd>> get sidetracked thinking up a name for,my rash will hammer down upon please <<you>> get sidetracked thinking up a name for,672,673,693,694,1,0,0,1
S01E06,59,counted_remaining_error,substitute,nay,naysayer,excuse me prepare to eat your words <<nay>> sayer i've already plucked a name for,excuse me prepare to eat your words <<naysayer>> i've already plucked a name for the,689,690,710,711,1,0,0,1
S01E06,60,counted_remaining_error,delete,sayer,,me prepare to eat your words nay <<sayer>> i've already plucked a name for the,me prepare to eat your words naysayer <<<gap>>> i've already plucked a name for the,690,691,711,711,0,1,0,1
S01E06,62,counted_remaining_error,substitute,as if,is it,a name for the facts in question <<as if>> from thin air we shall call it,a name for the facts in question <<is it>> from thin air we shall call it,701,703,721,723,2,0,0,2
S01E06,64,excluded_name_error,substitute,kyouma's,kiyoma's,from thin air we shall call it <<kyouma's>> nostalgia drive i propose referring to it,from thin air we shall call it <<kiyoma's>> nostalgia drive i propose referring to it,710,711,730,731,1,0,0,1
S01E06,66,counted_remaining_error,insert,,k,drive i propose referring to it as <<<gap>>> knd for short catchy anagrams are far,drive i propose referring to it as <<k>> d for short catchy anagrams are far,719,719,739,740,0,0,1,1
S01E06,67,counted_remaining_error,substitute,knd,d,drive i propose referring to it as <<knd>> for short catchy anagrams are far more,i propose referring to it as k <<d>> for short catchy anagrams are far more,719,720,740,741,1,0,0,1
S01E06,69,counted_remaining_error,insert,,those of us,temporary assistant now if you'll just let <<<gap>>> i say we have a show of,temporary assistant now if you'll just let <<those of us>> i say we have a show of,743,743,764,767,0,0,3,3
S01E06,71,counted_remaining_error,substitute,here,here's,we have a show of hands who <<here>> is good with kyouma's nostalgia drive come,we have a show of hands who <<here's>> good with kiyoma's nostalgia drive huh oh,752,753,776,777,1,0,0,1
S01E06,72,counted_remaining_error,delete,is,,have a show of hands who here <<is>> good with kyouma's nostalgia drive come on,have a show of hands who here's <<<gap>>> good with kiyoma's nostalgia drive huh oh,753,754,777,777,0,1,0,1
S01E06,74,excluded_name_error,substitute,kyouma's,kiyoma's,of hands who here is good with <<kyouma's>> nostalgia drive come on neither of you,show of hands who here's good with <<kiyoma's>> nostalgia drive huh oh come on neither,756,757,779,780,1,0,0,1
S01E06,76,counted_remaining_error,insert,,huh oh,here is good with kyouma's nostalgia drive <<<gap>>> come on neither of you sorry i,who here's good with kiyoma's nostalgia drive <<huh oh>> come on neither of you sorry i,759,759,782,784,0,0,2,2
S01E06,78,excluded_name_error,substitute,'sides kyoma,sides kiyoma,makes me think of a charity yeah <<'sides kyoma>> nice try in the interest of keeping,makes me think of a charity yeah <<sides kiyoma>> nice try in the interest of keeping,790,792,815,817,2,0,0,2
S01E06,80,counted_remaining_error,insert,,it's,romance and concision then i'll squish it <<<gap>>> to time leaper except that now we,romance and concision then i'll squish it <<it's>> a time leaper except that now we,885,885,910,911,0,0,1,1
S01E06,81,counted_remaining_error,substitute,to,a,romance and concision then i'll squish it <<to>> time leaper except that now we don't,and concision then i'll squish it it's <<a>> time leaper except that now we don't,885,886,911,912,1,0,0,1
S01E06,83,counted_remaining_error,substitute,ah,oh,we could work banana in there somewhere <<ah>> can you imagine our logo too too,we could work banana in there somewhere <<oh>> can you imagine our logo do do,906,907,932,933,1,0,0,1
S01E06,85,counted_remaining_error,substitute,too too roo,do do do,somewhere ah can you imagine our logo <<too too roo>> ha just wait till you get a,somewhere oh can you imagine our logo <<do do do>> ha just wait till you get a,912,915,938,941,3,0,0,3
S01E06,87,counted_remaining_error,substitute,mail,male,of this one we call it flux <<mail>> capacitor are we implying that it runs,of this one we call it flux <<male>> capacitor are we implying that it runs,930,931,956,957,1,0,0,1
S01E06,89,counted_remaining_error,substitute,ooo ooo,ooh ooh,implying that it runs on plutonium now <<ooo ooo>> delorean mail that doesn't make sense close,implying that it runs on plutonium now <<ooh ooh>> delorean male that doesn't make sense close,941,943,967,969,2,0,0,2
S01E06,91,counted_remaining_error,substitute,mail,male,runs on plutonium now ooo ooo delorean <<mail>> that doesn't make sense close enough though,runs on plutonium now ooh ooh delorean <<male>> that doesn't make sense close enough though,944,945,970,971,1,0,0,1
S01E06,93,counted_remaining_error,substitute,mail,male,i'd suggest we shorten it to d <<mail>> oh that's a good one great we,i'd suggest we shorten it to d <<male>> oh that's a good one great we,964,965,990,991,1,0,0,1
S01E06,95,counted_remaining_error,substitute,dub,dubbed,the tba we've got it fine i <<dub>> this operation wyrd you can drop that,the tba we've got it fine i <<dubbed>> this operation weird you can drop that,995,996,1021,1022,1,0,0,1
S01E06,97,counted_remaining_error,substitute,wyrd,weird,got it fine i dub this operation <<wyrd>> you can drop that too i'd like,got it fine i dubbed this operation <<weird>> you can drop that too i'd like,998,999,1024,1025,1,0,0,1
S01E06,99,counted_remaining_error,substitute,d,email,condition involved to wit time the first <<d>> mail made its apparent leap backward between,condition involved to wit time the first <<email>> made its apparent leap backward between noon,1070,1071,1096,1097,1,0,0,1
S01E06,100,counted_remaining_error,delete,mail,,involved to wit time the first d <<mail>> made its apparent leap backward between noon,involved to wit time the first email <<<gap>>> made its apparent leap backward between noon,1071,1072,1097,1097,0,1,0,1
S01E06,102,counted_remaining_error,insert,,o,apparent leap backward between noon and one <<<gap>>> o'clock the second at approximately six in,apparent leap backward between noon and one <<o>> 'clock the second at approximately six in,1081,1081,1106,1107,0,0,1,1
S01E06,103,counted_remaining_error,substitute,o'clock,'clock,apparent leap backward between noon and one <<o'clock>> the second at approximately six in the,leap backward between noon and one o <<'clock>> the second at approximately six in the,1081,1082,1107,1108,1,0,0,1
S01E06,105,counted_remaining_error,insert,,aw,better i'm all ears mayuri banana me <<<gap>>> we're running kind of low on the,better i'm all ears mayuri banana me <<aw>> we're running kind of low on the,1134,1134,1160,1161,0,0,1,1
S01E06,107,counted_remaining_error,substitute,a,unknown,no the effect on bananas classifies as <<a>> known so if you'd be so good,no the effect on bananas classifies as <<unknown>> so if you'd be so good as,1167,1168,1194,1195,1,0,0,1
S01E06,108,counted_remaining_error,delete,known,,the effect on bananas classifies as a <<known>> so if you'd be so good as,the effect on bananas classifies as unknown <<<gap>>> so if you'd be so good as,1168,1169,1195,1195,0,1,0,1
S01E06,110,counted_remaining_error,substitute,promise,promised,i swear i'm sorry sweetie look i <<promise>> to buy you some more as soon,i swear i'm sorry sweetie look i <<promised>> to buy you some more as soon,1193,1194,1219,1220,1,0,0,1
S01E06,112,counted_remaining_error,substitute,aw,oh,more as soon as we're done here <<aw>> really these two guys never buy me,more as soon as we're done here <<oh>> really these two guys never buy me,1205,1206,1231,1232,1,0,0,1
S01E06,114,counted_remaining_error,substitute,oww,ow,you around the lab i can tell <<oww>> please enough with the show boating shut,you around the lab i can tell <<ow>> please enough with the showboating shut up,1227,1228,1253,1254,1,0,0,1
S01E06,116,counted_remaining_error,substitute,show,showboating,can tell oww please enough with the <<show>> boating shut up leave my friend alone,can tell ow please enough with the <<showboating>> shut up leave my friend alone ouchies,1232,1233,1258,1259,1,0,0,1
S01E06,117,counted_remaining_error,delete,boating,,tell oww please enough with the show <<boating>> shut up leave my friend alone ouchies,tell ow please enough with the showboating <<<gap>>> shut up leave my friend alone ouchies,1233,1234,1259,1259,0,1,0,1
S01E06,119,counted_remaining_error,substitute,ow,ao,bad put away the tea set princess <<ow>> there's work to do send me a,bad put away the tea set princess <<ao>> there's work to do send me a,1252,1253,1277,1278,1,0,0,1
S01E06,121,counted_remaining_error,substitute,wyrd,weird,good for the timer yes commence operation <<wyrd>> now yes that's it show me what,good for the timer yes commence operation <<weird>> now yes that's it show me what,1272,1273,1297,1298,1,0,0,1
S01E06,123,counted_remaining_error,substitute,gel,jilnana,got the fruit is where it's a <<gel>> nana it worked whoa just as i,got the fruit is where it's a <<jilnana>> it worked whoa just as i hypothesized,1288,1289,1313,1314,1,0,0,1
S01E06,124,counted_remaining_error,delete,nana,,the fruit is where it's a gel <<nana>> it worked whoa just as i hypothesized,the fruit is where it's a jilnana <<<gap>>> it worked whoa just as i hypothesized,1289,1290,1314,1314,0,1,0,1
S01E06,126,counted_remaining_error,insert,,ha,inclined to doubt you at first but <<<gap>>> forgiven it is quite enough to see,inclined to doubt you at first but <<ha>> forgiven it's quite enough to see that,1329,1329,1353,1354,0,0,1,1
S01E06,128,counted_remaining_error,substitute,it,it's,to doubt you at first but forgiven <<it>> is quite enough to see that you,doubt you at first but ha forgiven <<it's>> quite enough to see that you are,1330,1331,1355,1356,1,0,0,1
S01E06,129,counted_remaining_error,delete,is,,doubt you at first but forgiven it <<is>> quite enough to see that you are,you at first but ha forgiven it's <<<gap>>> quite enough to see that you are,1331,1332,1356,1356,0,1,0,1
S01E06,131,counted_remaining_error,substitute,nuh uh,mm mm,there's two did you send another one <<nuh uh>> just the one interesting it's been split,there's two did you send another one <<mm mm>> just the one interesting it's been split,1366,1368,1390,1392,2,0,0,2
S01E06,133,counted_remaining_error,insert,,of,off as a matter of fact and <<<gap>>> 'course it popped up five days earlier,off as a matter of fact and <<of>> course it popped up five days earlier,1420,1420,1444,1445,0,0,1,1
S01E06,134,counted_remaining_error,substitute,'course,course,off as a matter of fact and <<'course>> it popped up five days earlier i,as a matter of fact and of <<course>> it popped up five days earlier i,1420,1421,1445,1446,1,0,0,1
S01E06,136,counted_remaining_error,insert,,that,some physical law wait that would mean <<<gap>>> my head's full of air there is,some physical law wait that would mean <<that>> my head is full of air there,1438,1438,1463,1464,0,0,1,1
S01E06,138,counted_remaining_error,insert,,head,physical law wait that would mean my <<<gap>>> head's full of air there is no,law wait that would mean that my <<head>> is full of air there is no,1439,1439,1465,1466,0,0,1,1
S01E06,139,counted_remaining_error,substitute,head's,is,physical law wait that would mean my <<head's>> full of air there is no way,wait that would mean that my head <<is>> full of air there is no way,1439,1440,1466,1467,1,0,0,1
S01E06,141,counted_remaining_error,substitute,infernal,infertile,that that vile little minx and her <<infernal>> insults blast are you stocking up for,that that vile little minx and her <<infertile>> insults blasts are you stocking up for,1463,1464,1490,1491,1,0,0,1
S01E06,143,counted_remaining_error,substitute,blast,blasts,vile little minx and her infernal insults <<blast>> are you stocking up for the end,vile little minx and her infertile insults <<blasts>> are you stocking up for the end,1465,1466,1492,1493,1,0,0,1
S01E06,145,counted_remaining_error,delete,it,,of paraffin chocolate is more than enough <<it>> looks like you're amping up for a,of paraffin chocolate is more than enough <<<gap>>> looks like you're amping up for a,1487,1488,1514,1514,0,1,0,1
S01E06,147,counted_remaining_error,substitute,em,him,guy can't celebrate a successful experiment put <<em>> back lard silo screw you my god,guy can't celebrate a successful experiment put <<him>> back lord silo screw you my god,1505,1506,1531,1532,1,0,0,1
S01E06,149,counted_remaining_error,substitute,lard,lord,celebrate a successful experiment put em back <<lard>> silo screw you my god i was,celebrate a successful experiment put him back <<lord>> silo screw you my god but i,1507,1508,1533,1534,1,0,0,1
S01E06,151,counted_remaining_error,insert,,but,back lard silo screw you my god <<<gap>>> i was so excited about our success,back lord silo screw you my god <<but>> i was so excited about our success,1513,1513,1539,1540,0,0,1,1
S01E06,153,counted_remaining_error,insert,,on,we've uncovered here mayuri's knee deep in <<<gap>>> this too why on earth did i,we've uncovered here mayuri's knee deep in <<on>> this too why on earth did i,1535,1535,1562,1563,0,0,1,1
S01E06,155,counted_remaining_error,substitute,pen,penpal,her well if it isn't my old <<pen>> pal shining finger yes hi what is,her well if it isn't my old <<penpal>> shining finger yes hi what is wrong,1550,1551,1578,1579,1,0,0,1
S01E06,156,counted_remaining_error,delete,pal,,well if it isn't my old pen <<pal>> shining finger yes hi what is wrong,well if it isn't my old penpal <<<gap>>> shining finger yes hi what is wrong,1551,1552,1579,1579,0,1,0,1
S01E06,158,counted_remaining_error,insert,,suffice to say it's not here,currently central to ready when you are <<<gap>>> um boss who's this spank worthy er,currently central to ready when you are <<suffice to say it's not here>> um boss hmm who's this spank worthy,1593,1593,1620,1626,0,0,6,6
S01E06,160,counted_remaining_error,insert,,hmm,to ready when you are um boss <<<gap>>> who's this spank worthy er i mean,to say it's not here um boss <<hmm>> who's this spank worthy i mean totally,1595,1595,1628,1629,0,0,1,1
S01E06,162,counted_remaining_error,delete,er,,are um boss who's this spank worthy <<er>> i mean totally respectable young meatspace angel,um boss hmm who's this spank worthy <<<gap>>> i mean totally respectable young meatspace angel,1599,1600,1633,1633,0,1,0,1
S01E06,164,counted_remaining_error,substitute,the,a,mean totally respectable young meatspace angel with <<the>> knock out ass in front of me,mean totally respectable young meatspace angel with <<a>> knock out ass in front of you,1608,1609,1641,1642,1,0,0,1
S01E06,166,counted_remaining_error,substitute,me,you,the knock out ass in front of <<me>> how rude of me daru meet kiryuu,a knock out ass in front of <<you>> how rude of me daru meet kiryu,1615,1616,1648,1649,1,0,0,1
S01E06,168,excluded_name_error,substitute,kiryuu,kiryu,me how rude of me daru meet <<kiryuu>> moeka a k a shining finger hello,you how rude of me daru meet <<kiryu>> moeka a k a shining finger hello,1622,1623,1655,1656,1,0,0,1
S01E06,170,counted_remaining_error,insert,,bring,rpgs yo check it you party people <<<gap>>> bringing the ruckus or what in a,rpgs yo check it you party people <<bring>> in the ruckus or what in a,1657,1657,1690,1691,0,0,1,1
S01E06,171,counted_remaining_error,substitute,bringing,in,rpgs yo check it you party people <<bringing>> the ruckus or what in a manner,yo check it you party people bring <<in>> the ruckus or what in a manner,1657,1658,1691,1692,1,0,0,1
S01E06,173,counted_remaining_error,substitute,researches,researchers,what in a manner of speaking our <<researches>> will indeed bring as you say the,what in a manner of speaking our <<researchers>> will indeed bring as you say the,1668,1669,1702,1703,1,0,0,1
S01E06,175,counted_remaining_error,substitute,bald,baldcap,that's real crunk and all but papa <<bald>> cap is seriously pissed off at you,that's real crunk and all but papa <<baldcap>> is seriously pissed off at you guys,1684,1685,1718,1719,1,0,0,1
S01E06,176,counted_remaining_error,delete,cap,,real crunk and all but papa bald <<cap>> is seriously pissed off at you guys,real crunk and all but papa baldcap <<<gap>>> is seriously pissed off at you guys,1685,1686,1719,1719,0,1,0,1
S01E06,178,counted_remaining_error,substitute,says,so,is seriously pissed off at you guys <<says>> the vibrations from your floor are giving,is seriously pissed off at you guys <<so>> the vibrations from your floor are giving,1693,1694,1726,1727,1,0,0,1
S01E06,180,excluded_name_error,substitute,makise kurisu,makasei kurosu,it good luck not getting evicted is <<makise kurisu>> still up there huh she is but,it good luck not getting evicted is <<makasei kurosu>> still up there huh she is but,1755,1757,1788,1790,2,0,0,2
S01E06,182,counted_remaining_error,substitute,were,are,that could possibly mean to you why <<were>> you giving her the evil eye what,that could possibly mean to you why <<are>> you giving her the evil eye what,1775,1776,1808,1809,1,0,0,1
S01E06,184,counted_remaining_error,substitute,i'd,i've,finest red eared slider ever stop it <<i'd>> never seen her before why are you,finest red eared slider ever stop it <<i've>> never seen her before why are you,1816,1817,1849,1850,1,0,0,1
S01E06,186,counted_remaining_error,delete,i,,with me anyway shouldn't you be groveling <<i>> don't know what you're doing up there,with me anyway shouldn't you be groveling <<<gap>>> don't know what you're doing up there,1833,1834,1866,1866,0,1,0,1
S01E06,188,counted_remaining_error,substitute,she's,she,gone even when we weren't running tests <<she's>> was five feet from me for half,gone even when we weren't running tests <<she>> was five feet from me for half,1957,1958,1989,1990,1,0,0,1
S01E06,190,counted_remaining_error,insert,,who,feet from me for half of these <<<gap>>> who're you mad at oh just ignore,feet from me for half of these <<who>> are you mad at oh just ignore,1967,1967,1999,2000,0,0,1,1
S01E06,191,counted_remaining_error,substitute,who're,are,feet from me for half of these <<who're>> you mad at oh just ignore him,from me for half of these who <<are>> you mad at oh just ignore him,1967,1968,2000,2001,1,0,0,1
S01E06,193,counted_remaining_error,substitute,hon,hun,you mad at oh just ignore him <<hon>> he's running low on calcium i am,you mad at oh just ignore him <<hun>> he's running low on calcium i am,1975,1976,2008,2009,1,0,0,1
S01E06,195,counted_remaining_error,substitute,on,upon,like to find a way to improve <<on>> that if at all possible as it,like to find a way to improve <<upon>> that if at all possible as it,2078,2079,2111,2112,1,0,0,1
S01E06,197,counted_remaining_error,substitute,kerr,car,black hole thing i think you mean <<kerr>> black hole that's it a kerr black,black hole thing i think you mean <<car>> black hole that's it a car black,2127,2128,2160,2161,1,0,0,1
S01E06,199,counted_remaining_error,substitute,kerr,car,mean kerr black hole that's it a <<kerr>> black hole is too tight to let,mean car black hole that's it a <<car>> black hole is too tight to let,2133,2134,2166,2167,1,0,0,1
S01E06,201,counted_remaining_error,substitute,two,2nd,accomplished here today because of us august <<two>> 2010 is now a date that will,accomplished here today because of us august <<2nd>> 2010 is now a date that will,2185,2186,2218,2219,1,0,0,1
S01E06,203,counted_remaining_error,substitute,bridled,bridal,old as the hills for we have <<bridled>> time well except that sern kind of,old as the hills for we have <<bridal>> time well except that sern kind of,2221,2222,2254,2255,1,0,0,1
S01E06,205,counted_remaining_error,substitute,i,i'm,we're still stuck in the preliminary phase <<i>> am attempting to be poetic here must,we're still stuck in the preliminary phase <<i'm>> attempting to be poetic here must you,2248,2249,2281,2282,1,0,0,1
S01E06,206,counted_remaining_error,delete,am,,still stuck in the preliminary phase i <<am>> attempting to be poetic here must you,still stuck in the preliminary phase i'm <<<gap>>> attempting to be poetic here must you,2249,2250,2282,2282,0,1,0,1
S01E06,208,counted_remaining_error,substitute,sapping,slapping,be poetic here must you insist on <<sapping>> the thunder out of every single utterance,be poetic here must you insist on <<slapping>> the thunder out of every single utterance,2259,2260,2291,2292,1,0,0,1
S01E06,210,excluded_name_error,substitute,okarin,ocarine,the thunder out of every single utterance <<okarin>> i'm super proud of what we've all,the thunder out of every single utterance <<ocarine>> i'm super proud of what we've all,2267,2268,2299,2300,1,0,0,1
S01E06,212,counted_remaining_error,insert,,ho yin,aura of big bad legendary mad scientist <<<gap>>> hououin kyoma robs yet another innocent lamb,aura of big bad legendary mad scientist <<ho yin>> kyo ma robs yet another innocent lamb,2478,2478,2510,2512,0,0,2,2
S01E06,213,excluded_name_error,substitute,hououin kyoma,kyo ma,aura of big bad legendary mad scientist <<hououin kyoma>> robs yet another innocent lamb of her,big bad legendary mad scientist ho yin <<kyo ma>> robs yet another innocent lamb of her,2478,2480,2512,2514,2,0,0,2
S01E06,215,counted_remaining_error,insert,,i b,to uh well you know see the <<<gap>>> ibn very well but see is all,to uh well you know see the <<i b>> n very well but see is all,2505,2505,2539,2541,0,0,2,2
S01E06,216,excluded_name_error,substitute,ibn,n,to uh well you know see the <<ibn>> very well but see is all you,well you know see the i b <<n>> very well but see is all you,2505,2506,2541,2542,1,0,0,1
S01E06,218,counted_remaining_error,delete,uh,,of asking out loud may i please <<uh>> borrow it i'm afraid you're out of,of asking out loud may i please <<<gap>>> borrow it i'm afraid you're out of,2599,2600,2635,2635,0,1,0,1
S01E06,220,counted_remaining_error,substitute,we,he,very much had a couple ideas how <<we>> might tart up the phone wave a,very much had a couple ideas how <<he>> might tart up the phone wave a,2695,2696,2730,2731,1,0,0,1
S01E06,222,counted_remaining_error,substitute,eorfals du,airfalls dookri,mail to the past he said kending <<eorfals du>> cree clast ancient sumerian you see yes,mail to the past he said kending <<airfalls dookri>> clast ancient sumerian you see yes yes,2752,2754,2787,2789,2,0,0,2
S01E06,223,counted_remaining_error,delete,cree,,the past he said kending eorfals du <<cree>> clast ancient sumerian you see yes yes,the past he said kending airfalls dookri <<<gap>>> clast ancient sumerian you see yes yes,2754,2755,2789,2789,0,1,0,1
S01E06,225,counted_remaining_error,delete,it,,sumerian you see yes yes roughly translated <<it>> means would you care for an omelet,sumerian you see yes yes roughly translated <<<gap>>> means do do do good morning ocarine,2764,2765,2798,2798,0,1,0,1
S01E06,227,counted_remaining_error,substitute,would you care,do do do,see yes yes roughly translated it means <<would you care>> for an omelet good morning okarin mind,you see yes yes roughly translated means <<do do do>> good morning ocarine mind if i heat,2766,2769,2799,2802,3,0,0,3
S01E06,228,counted_remaining_error,delete,for an omelet,,roughly translated it means would you care <<for an omelet>> good morning okarin mind if i heat,yes roughly translated means do do do <<<gap>>> good morning ocarine mind if i heat,2769,2772,2802,2802,0,3,0,3
S01E06,230,excluded_name_error,substitute,okarin,ocarine,you care for an omelet good morning <<okarin>> mind if i heat up my chicken,translated means do do do good morning <<ocarine>> mind if i heat up my chicken,2774,2775,2804,2805,1,0,0,1
S01E06,232,counted_remaining_error,insert,,similar,us the organization know we're performing experiments <<<gap>>> simi damn it all i'm trying to,us the organization know we're performing experiments <<similar>> to damn it all i'm trying to,2845,2845,2875,2876,0,0,1,1
S01E06,233,counted_remaining_error,substitute,simi,to,us the organization know we're performing experiments <<simi>> damn it all i'm trying to have,the organization know we're performing experiments similar <<to>> damn it all i'm trying to have,2845,2846,2876,2877,1,0,0,1
S01E06,235,counted_remaining_error,insert,,uh,to have a conversation is it true <<<gap>>> f b very well i guess since,to have a conversation is it true <<uh>> f b very well i suppose since,2858,2858,2889,2890,0,0,1,1
S01E06,237,counted_remaining_error,substitute,guess,suppose,it true f b very well i <<guess>> since the cat's out of the bag,true uh f b very well i <<suppose>> since the cat's out of the bag,2863,2864,2895,2896,1,0,0,1
S01E06,239,excluded_name_error,substitute,kiryuu,kiriomoeka,bag i'm loath to do this however <<kiryuu>> moeka as of this moment i christen,bag i'm loath to do this however <<kiriomoeka>> as of this moment i christen you,2877,2878,2909,2910,1,0,0,1
S01E06,240,excluded_name_error,delete,moeka,,i'm loath to do this however kiryuu <<moeka>> as of this moment i christen you,i'm loath to do this however kiriomoeka <<<gap>>> as of this moment i christen you,2878,2879,2910,2910,0,1,0,1
S01E06,242,counted_remaining_error,insert,,005 thank you thank you,this moment i christen you lab member <<<gap>>> double o five,this moment i christen you lab member <<005 thank you thank you>> thank you you,2888,2888,2919,2924,0,0,5,5
S01E06,243,counted_remaining_error,substitute,double o five,thank you you,this moment i christen you lab member <<double o five>>,lab member 005 thank you thank you <<thank you you>>,2888,2891,2924,2927,3,0,0,3
S01E07,0,counted_remaining_error,substitute,curs d,curse it,<<curs d>> be these hands what granted you life,<<curse it>> be these hands what granted you life,0,2,0,2,2,0,0,2
S01E07,2,counted_remaining_error,substitute,sulphurous,sulfurous,what granted you life now honor our <<sulphurous>> contract writ in blood let the ebon,what granted you life now honor our <<sulfurous>> contract written blood let the ebon flames,12,13,12,13,1,0,0,1
S01E07,4,counted_remaining_error,substitute,writ,written,you life now honor our sulphurous contract <<writ>> in blood let the ebon flames burn,you life now honor our sulfurous contract <<written>> blood let the ebon flames burn black,14,15,14,15,1,0,0,1
S01E07,5,counted_remaining_error,delete,in,,life now honor our sulphurous contract writ <<in>> blood let the ebon flames burn black,life now honor our sulfurous contract written <<<gap>>> blood let the ebon flames burn black,15,16,15,15,0,1,0,1
S01E07,7,counted_remaining_error,substitute,o,oh,ebon flames burn black fulfill my wish <<o>> beast ahhhhh how'm i going to heat,ebon flames burn black fulfill my wish <<oh>> beast how am i going to heat,26,27,25,26,1,0,0,1
S01E07,9,counted_remaining_error,substitute,ahhhhh how'm,how am,burn black fulfill my wish o beast <<ahhhhh how'm>> i going to heat up my chicken,burn black fulfill my wish oh beast <<how am>> i going to heat up my chicken,28,30,27,29,2,0,0,2
S01E07,11,counted_remaining_error,insert,,and,butthead you should say that you're sorry <<<gap>>> then go out and buy me a,butthead you should say that you're sorry <<and>> then go out and buy me a,66,66,65,66,0,0,1,1
S01E07,13,excluded_name_error,substitute,phone,phonewave,check it ladies the upgrade is complete <<phone>> wave mark ii version one 03 is,check it ladies the upgrade is complete <<phonewave>> mark ii version one 03 is ready,100,101,100,101,1,0,0,1
S01E07,14,counted_remaining_error,delete,wave,,it ladies the upgrade is complete phone <<wave>> mark ii version one 03 is ready,it ladies the upgrade is complete phonewave <<<gap>>> mark ii version one 03 is ready,101,102,101,101,0,1,0,1
S01E07,16,counted_remaining_error,substitute,it,this,you're not to breathe a word of <<it>> to anyone i sure do hope mr,you're not to breathe a word of <<this>> to anyone i sure do hope mr,158,159,157,158,1,0,0,1
S01E07,18,excluded_name_error,substitute,prawn,braun,to anyone i sure do hope mr <<prawn>> doesn't get mad at us again part,to anyone i sure do hope mr <<braun>> doesn't get mad at us again part,166,167,165,166,1,0,0,1
S01E07,20,counted_remaining_error,insert,,do do,there hi this is no time for <<<gap>>> too too where's mr braun who's that,there hi this is no time for <<do do>> do do where's mr braun who's that,185,185,184,186,0,0,2,2
S01E07,21,counted_remaining_error,substitute,too too,do do,there hi this is no time for <<too too>> where's mr braun who's that daddy's name,this is no time for do do <<do do>> where's mr braun who's that daddy's name,185,187,186,188,2,0,0,2
S01E07,23,counted_remaining_error,insert,,you think weirdo,who's that daddy's name isn't mr braun <<<gap>>> oh you're talking about the big boss,who's that daddy's name isn't mr braun <<you think weirdo>> oh you're talking about the big boss,197,197,198,201,0,0,3,3
S01E07,25,counted_remaining_error,substitute,afternoon,afternoons,a house call for most of the <<afternoon>> house call why you think i'm fiddling,a house call for most of the <<afternoons>> house call why do you think i'm,218,219,222,223,1,0,0,1
S01E07,27,counted_remaining_error,insert,,do,most of the afternoon house call why <<<gap>>> you think i'm fiddling with my bike,most of the afternoons house call why <<do>> you think i'm fiddling with my bike,222,222,226,227,0,0,1,1
S01E07,29,counted_remaining_error,insert,,thank you thank you thank you,mayuri it's real hey what was that <<<gap>>> i betcha some juicy chicken tenders would,mayuri it's real hey what was that <<thank you thank you thank you>> i bet you some juicy chicken tenders,237,237,242,248,0,0,6,6
S01E07,31,counted_remaining_error,insert,,bet,it's real hey what was that i <<<gap>>> betcha some juicy chicken tenders would go,thank you thank you thank you i <<bet>> you some juicy chicken tenders would go,238,238,249,250,0,0,1,1
S01E07,32,counted_remaining_error,substitute,betcha,you,it's real hey what was that i <<betcha>> some juicy chicken tenders would go really,you thank you thank you i bet <<you>> some juicy chicken tenders would go really,238,239,250,251,1,0,0,1
S01E07,34,counted_remaining_error,substitute,wyrd,weird,them in yeah whatever starting now operation <<wyrd>> goes into the second phase of experimentation,them in yeah whatever starting now operation <<weird>> goes into the second phase of experimentation,358,359,370,371,1,0,0,1
S01E07,36,excluded_name_error,substitute,okarin,ocarine,how are you going to prove it <<okarin>> thank you so much for asking by,how are you going to prove it <<ocarine>> thank you so much for asking by,457,458,469,470,1,0,0,1
S01E07,38,counted_remaining_error,insert,,oh,picking the winning numbers in the lottery <<<gap>>> okarin i'm disappointed in you dude sick,picking the winning numbers in the lottery <<oh>> corrine i'm disappointed in you dude sick,485,485,497,498,0,0,1,1
S01E07,39,excluded_name_error,substitute,okarin,corrine,picking the winning numbers in the lottery <<okarin>> i'm disappointed in you dude sick i'm,the winning numbers in the lottery oh <<corrine>> i'm disappointed in you dude sick i'm,485,486,498,499,1,0,0,1
S01E07,41,counted_remaining_error,substitute,may's,mays,rolling up to the curb at queen <<may's>> in the earthbound equivalent of a star,rolling up to the curb at queen <<mays>> in the earthbound equivalent of a star,501,502,514,515,1,0,0,1
S01E07,43,counted_remaining_error,substitute,gus'es,gus's,a star destroyer instead of being greedy <<gus'es>> wouldn't it be a lot nicer if,a star destroyer instead of being greedy <<gus's>> wouldn't it be a lot nicer if,514,515,527,528,1,0,0,1
S01E07,45,counted_remaining_error,insert,,oop,we could give everyone on earth an <<<gap>>> oopa cushion seriously man way to be,we could give everyone on earth an <<oop>> a cushion seriously man way to be,536,536,549,550,0,0,1,1
S01E07,46,excluded_name_error,substitute,oopa,a,we could give everyone on earth an <<oopa>> cushion seriously man way to be a,could give everyone on earth an oop <<a>> cushion seriously man way to be a,536,537,550,551,1,0,0,1
S01E07,48,excluded_name_error,insert,,maki,don't you have a lotto to fix <<<gap>>> makise's right we should figure that out,don't you have a lotto to fix <<maki>> says right we should figure that out,611,611,625,626,0,0,1,1
S01E07,49,excluded_name_error,substitute,makise's,says,don't you have a lotto to fix <<makise's>> right we should figure that out which,you have a lotto to fix maki <<says>> right we should figure that out which,611,612,626,627,1,0,0,1
S01E07,51,counted_remaining_error,substitute,where is double o five,where's 005 dunno what are,one indeed what's the matter not sure <<where is double o five>> dunno what're you doing there ya go,one indeed what's the matter not sure <<where's 005 dunno what are>> you doing there you go can't take,632,637,647,652,5,0,0,5
S01E07,52,counted_remaining_error,delete,dunno what're,,not sure where is double o five <<dunno what're>> you doing there ya go can't take,not sure where's 005 dunno what are <<<gap>>> you doing there you go can't take,637,639,652,652,0,2,0,2
S01E07,54,counted_remaining_error,substitute,ya,you,o five dunno what're you doing there <<ya>> go can't take my eyes off of,005 dunno what are you doing there <<you>> go can't take my eyes off you,642,643,655,656,1,0,0,1
S01E07,56,counted_remaining_error,delete,of,,ya go can't take my eyes off <<of>> you for a second can i i,you go can't take my eyes off <<<gap>>> you for a second can i i,649,650,662,662,0,1,0,1
S01E07,58,excluded_name_error,substitute,moeka,moika,hey i'm not your guard dog poor <<moeka>> stuck on the couch would you like,hey i'm not your guard dog poor <<moika>> stuck on the couch would you like,688,689,700,701,1,0,0,1
S01E07,60,excluded_name_error,substitute,kurisu hmmm,kurosu hmm,if you don't believe me just ask <<kurisu hmmm>> now where to start how about the,if you don't believe me just ask <<kurosu hmm>> now where to start how about the,721,723,733,735,2,0,0,2
S01E07,62,counted_remaining_error,insert,,you,you're really going to do this if <<<gap>>> you've a better idea speak up the,you're really going to do this if <<you>> have a better idea speak up the,761,761,773,774,0,0,1,1
S01E07,63,counted_remaining_error,substitute,you've,have,you're really going to do this if <<you've>> a better idea speak up the numbers're,really going to do this if you <<have>> a better idea speak up the numbers,761,762,774,775,1,0,0,1
S01E07,65,counted_remaining_error,insert,,numbers,you've a better idea speak up the <<<gap>>> numbers're right here so we can do,have a better idea speak up the <<numbers>> are right here so we can do,768,768,781,782,0,0,1,1
S01E07,66,counted_remaining_error,substitute,numbers're,are,you've a better idea speak up the <<numbers're>> right here so we can do it,a better idea speak up the numbers <<are>> right here so we can do it,768,769,782,783,1,0,0,1
S01E07,68,counted_remaining_error,substitute,two,200,whenever looks like the current jackpot's at <<two>> hundred million two hundred million whoa daru,whenever looks like the current jackpot's at <<200>> million 200 million whoa daru hold on,783,784,797,798,1,0,0,1
S01E07,69,counted_remaining_error,delete,hundred,,looks like the current jackpot's at two <<hundred>> million two hundred million whoa daru hold,looks like the current jackpot's at 200 <<<gap>>> million 200 million whoa daru hold on,784,785,798,798,0,1,0,1
S01E07,71,counted_remaining_error,substitute,two,200,the current jackpot's at two hundred million <<two>> hundred million whoa daru hold on that's,like the current jackpot's at 200 million <<200>> million whoa daru hold on that's a,786,787,799,800,1,0,0,1
S01E07,72,counted_remaining_error,delete,hundred,,current jackpot's at two hundred million two <<hundred>> million whoa daru hold on that's a,the current jackpot's at 200 million 200 <<<gap>>> million whoa daru hold on that's a,787,788,800,800,0,1,0,1
S01E07,74,counted_remaining_error,substitute,wha,what,on that's a little much yeah say <<wha>> well hitting a jackpot of that size,on that's a little much yeah say <<what>> well hitting a jackpot of that size,799,800,811,812,1,0,0,1
S01E07,76,counted_remaining_error,substitute,ourselv,ourselves,only serve to draw unwanted attention to <<ourselv>> what a total chicken second prize oh,only serve to draw unwanted attention to <<ourselves>> what a total chicken second prize oh,815,816,827,828,1,0,0,1
S01E07,78,counted_remaining_error,substitute,seven hundred,700 000,good call only 23 million what's third <<seven hundred>> thousand perfect that one yes good form,good call only 23 million what's third <<700 000>> perfect that one yes good form there,830,832,842,844,2,0,0,2
S01E07,79,counted_remaining_error,delete,thousand,,only 23 million what's third seven hundred <<thousand>> perfect that one yes good form there,only 23 million what's third 700 000 <<<gap>>> perfect that one yes good form there,832,833,844,844,0,1,0,1
S01E07,81,excluded_name_error,substitute,thought this is an oopa cushion,bottom of a measly time paradox,who's quailing in her boots at the <<thought this is an oopa cushion>> if you ever feel oogy and you,who's quailing in her boots at the <<bottom of a measly time paradox>> if you ever feel oogie and you,853,859,864,870,6,0,0,6
S01E07,83,counted_remaining_error,substitute,oogy,oogie,an oopa cushion if you ever feel <<oogy>> and you need to some cheering up,measly time paradox if you ever feel <<oogie>> and you need some cheering up just,863,864,874,875,1,0,0,1
S01E07,85,counted_remaining_error,delete,to,,you ever feel oogy and you need <<to>> some cheering up just give them a,you ever feel oogie and you need <<<gap>>> some cheering up just give him a,867,868,878,878,0,1,0,1
S01E07,87,counted_remaining_error,substitute,them,him,need to some cheering up just give <<them>> a big hug next stop the lab,you need some cheering up just give <<him>> a big hug next stop the lab,873,874,883,884,1,0,0,1
S01E07,89,counted_remaining_error,substitute,double,005,may i time to earn your keep <<double>> o five here's your first future gadget,may i time to earn your keep <<005>> here's your very first future gadget lab,893,894,903,904,1,0,0,1
S01E07,90,counted_remaining_error,delete,o five,,i time to earn your keep double <<o five>> here's your first future gadget lab assignment,i time to earn your keep 005 <<<gap>>> here's your very first future gadget lab,894,896,904,904,0,2,0,2
S01E07,92,counted_remaining_error,insert,,very,your keep double o five here's your <<<gap>>> first future gadget lab assignment oh this,to earn your keep 005 here's your <<very>> first future gadget lab assignment oh this,898,898,906,907,0,0,1,1
S01E07,94,counted_remaining_error,insert,,for,oh this is exciting i would like <<<gap>>> you to compose the d mail message,oh this is exciting i would like <<for>> you to compose the d mail message,910,910,919,920,0,0,1,1
S01E07,96,counted_remaining_error,substitute,stein's,steinskate,and sweet okay ready when you are <<stein's>> gate will finally swing open to admit,and sweet okay ready when you are <<steinskate>> will finally swing open to admit me,957,958,967,968,1,0,0,1
S01E07,97,counted_remaining_error,delete,gate,,sweet okay ready when you are stein's <<gate>> will finally swing open to admit me,sweet okay ready when you are steinskate <<<gap>>> will finally swing open to admit me,958,959,968,968,0,1,0,1
S01E07,99,counted_remaining_error,insert,,you,again give the crazy the day off <<<gap>>> you're remarkably close minded for a scientist,again give the crazy the day off <<you>> are remarkably close minded for a scientist,975,975,984,985,0,0,1,1
S01E07,100,counted_remaining_error,substitute,you're,are,again give the crazy the day off <<you're>> remarkably close minded for a scientist you,give the crazy the day off you <<are>> remarkably close minded for a scientist you,975,976,985,986,1,0,0,1
S01E07,102,counted_remaining_error,substitute,nut,nutcase,both having fun fun dealing with this <<nut>> case they're the otp in the fan,both having fun fun dealing with this <<nutcase>> they're the otp and the fanfic i,994,995,1004,1005,1,0,0,1
S01E07,103,counted_remaining_error,delete,case,,having fun fun dealing with this nut <<case>> they're the otp in the fan fic,having fun fun dealing with this nutcase <<<gap>>> they're the otp and the fanfic i,995,996,1005,1005,0,1,0,1
S01E07,105,counted_remaining_error,substitute,in,and,with this nut case they're the otp <<in>> the fan fic i call my life,dealing with this nutcase they're the otp <<and>> the fanfic i call my life we,999,1000,1008,1009,1,0,0,1
S01E07,107,counted_remaining_error,substitute,fan,fanfic,nut case they're the otp in the <<fan>> fic i call my life we are,this nutcase they're the otp and the <<fanfic>> i call my life we are not,1001,1002,1010,1011,1,0,0,1
S01E07,108,counted_remaining_error,delete,fic,,case they're the otp in the fan <<fic>> i call my life we are not,nutcase they're the otp and the fanfic <<<gap>>> i call my life we are not,1002,1003,1011,1011,0,1,0,1
S01E07,110,counted_remaining_error,substitute,fan,fanfic,so you know the jargon of the <<fan>> fic community huh i don't know what,so you know the jargon of the <<fanfic>> community huh i don't know what you're,1019,1020,1027,1028,1,0,0,1
S01E07,111,counted_remaining_error,delete,fic,,you know the jargon of the fan <<fic>> community huh i don't know what you're,you know the jargon of the fanfic <<<gap>>> community huh i don't know what you're,1020,1021,1028,1028,0,1,0,1
S01E07,113,counted_remaining_error,insert,,yet,i don't know what you're talking about <<<gap>>> it rolled off your tongue so naturally,i don't know what you're talking about <<yet>> it rolled off your tongue so naturally,1030,1030,1037,1038,0,0,1,1
S01E07,115,counted_remaining_error,insert,,you,ready to fire up the phone wave <<<gap>>> we are not taking that kind of,ready to fire up the phone wave <<you>> we are not taking that kind of,1058,1058,1066,1067,0,0,1,1
S01E07,117,counted_remaining_error,substitute,what,but,are not taking that kind of risk <<what>> if it results in a time paradox,are not taking that kind of risk <<but>> if it results in a time paradox,1066,1067,1075,1076,1,0,0,1
S01E07,119,counted_remaining_error,substitute,psy congroo,sai kongru,come on fortune favors the bold el <<psy congroo>> okarin okarin hey are you in there,come on fortune favors the bold el <<sai kongru>> hey are you in there are you,1081,1083,1090,1092,2,0,0,2
S01E07,120,excluded_name_error,delete,okarin okarin,,fortune favors the bold el psy congroo <<okarin okarin>> hey are you in there are you,fortune favors the bold el sai kongru <<<gap>>> hey are you in there are you,1083,1085,1092,1092,0,2,0,2
S01E07,122,counted_remaining_error,delete,i,,you in there are you okay i <<i>> don't know how long how long have,you in there are you okay i <<<gap>>> don't know how long have i been,1094,1095,1101,1101,0,1,0,1
S01E07,124,counted_remaining_error,delete,how long,,okay i i don't know how long <<how long>> have i just been standing here um,you okay i don't know how long <<<gap>>> have i been just standing here like,1099,1101,1105,1105,0,2,0,2
S01E07,126,counted_remaining_error,insert,,been,know how long how long have i <<<gap>>> just been standing here um about thirty,i don't know how long have i <<been>> just standing here like this um about,1103,1103,1107,1108,0,0,1,1
S01E07,128,counted_remaining_error,delete,been,,how long how long have i just <<been>> standing here um about thirty seconds i,know how long have i been just <<<gap>>> standing here like this um about thirty,1104,1105,1109,1109,0,1,0,1
S01E07,130,counted_remaining_error,insert,,like this,long have i just been standing here <<<gap>>> um about thirty seconds i guess i,long have i been just standing here <<like this>> um about thirty seconds i guess i,1107,1107,1111,1113,0,0,2,2
S01E07,132,counted_remaining_error,insert,,ha,to the phone wave and you went <<<gap>>> hahhauah all breathy like hey mayushii do,to the phone wave and you went <<ha>> ha all breathy like hey mayushi do,1158,1158,1164,1165,0,0,1,1
S01E07,133,counted_remaining_error,substitute,hahhauah,ha,to the phone wave and you went <<hahhauah>> all breathy like hey mayushii do that,the phone wave and you went ha <<ha>> all breathy like hey mayushi do that,1158,1159,1165,1166,1,0,0,1
S01E07,135,excluded_name_error,substitute,mayushii,mayushi,you went hahhauah all breathy like hey <<mayushii>> do that breathy thing again yeah oh,went ha ha all breathy like hey <<mayushi>> do that breathy thing again yeah oh,1163,1164,1170,1171,1,0,0,1
S01E07,137,counted_remaining_error,insert,,oop,we could give everyone on earth an <<<gap>>> oopa cushion they really don't remember it,we could give everyone on earth an <<oop>> a cushion just think how happy they'd,1269,1269,1276,1277,0,0,1,1
S01E07,138,excluded_name_error,substitute,oopa,a,we could give everyone on earth an <<oopa>> cushion they really don't remember it at,could give everyone on earth an oop <<a>> cushion just think how happy they'd all,1269,1270,1277,1278,1,0,0,1
S01E07,140,counted_remaining_error,insert,,just think how happy they'd all,give everyone on earth an oopa cushion <<<gap>>> they really don't remember it at all,everyone on earth an oop a cushion <<just think how happy they'd all>> be i don't remember it at all,1271,1271,1279,1285,0,0,6,6
S01E07,141,counted_remaining_error,substitute,they really,be i,give everyone on earth an oopa cushion <<they really>> don't remember it at all it's open,cushion just think how happy they'd all <<be i>> don't remember it at all it's open,1271,1273,1285,1287,2,0,0,2
S01E07,143,counted_remaining_error,substitute,an',and,why here oh two and twelve eighteen <<an'>> all the rest rukako how'd you come,why here oh two and twelve eighteen <<and>> all the rest rukako how'd you come,1302,1303,1316,1317,1,0,0,1
S01E07,145,counted_remaining_error,insert,,oh my,guess it's been about a week now <<<gap>>> omigosh is your brain psychic okarin so,guess it's been about a week now <<oh my>> gosh is your brain psychic okaring so,1357,1357,1371,1373,0,0,2,2
S01E07,146,counted_remaining_error,substitute,omigosh,gosh,guess it's been about a week now <<omigosh>> is your brain psychic okarin so are,been about a week now oh my <<gosh>> is your brain psychic okaring so are,1357,1358,1373,1374,1,0,0,1
S01E07,148,excluded_name_error,substitute,okarin,okaring,week now omigosh is your brain psychic <<okarin>> so are we winner winner chicken dinner,oh my gosh is your brain psychic <<okaring>> so are we winner winner chicken dinner,1362,1363,1378,1379,1,0,0,1
S01E07,150,counted_remaining_error,substitute,where's,there's,use the phone wave to do this <<where's>> the bag with my soda i'm not,use the phone wave to do this <<there's>> the bag with my soda i'm not,1407,1408,1423,1424,1,0,0,1
S01E07,152,counted_remaining_error,insert,,they,perhaps my actions have rewritten the past <<<gap>>> they've no memory of the experiment we,perhaps my actions have rewritten the past <<they>> have no memory of the experiment we,1448,1448,1464,1465,0,0,1,1
S01E07,153,counted_remaining_error,substitute,they've,have,perhaps my actions have rewritten the past <<they've>> no memory of the experiment we discussed,my actions have rewritten the past they <<have>> no memory of the experiment we discussed,1448,1449,1465,1466,1,0,0,1
S01E07,155,counted_remaining_error,insert,,and,discussed it and carried it out together <<<gap>>> no one else remembers it i'm the,discussed it and carried it out together <<and>> no one else remembers it i'm the,1462,1462,1479,1480,0,0,1,1
S01E07,157,counted_remaining_error,insert,,what,just like that day come on think <<<gap>>> whatcha looking at something important to me,just like that day come on think <<what>> you looking at something important to me,1480,1480,1498,1499,0,0,1,1
S01E07,158,counted_remaining_error,substitute,whatcha,you,just like that day come on think <<whatcha>> looking at something important to me you,like that day come on think what <<you>> looking at something important to me you,1480,1481,1499,1500,1,0,0,1
S01E07,160,counted_remaining_error,substitute,a bit,but if,look that rough hell maybe i was <<a bit>> of brainwashing would certainly explain whatever's going,look that rough hell maybe i was <<but if>> brainwashing would certainly explain whatever's going on,1503,1505,1522,1524,2,0,0,2
S01E07,161,counted_remaining_error,delete,of,,rough hell maybe i was a bit <<of>> brainwashing would certainly explain whatever's going on,rough hell maybe i was but if <<<gap>>> brainwashing would certainly explain whatever's going on,1505,1506,1524,1524,0,1,0,1
S01E07,163,counted_remaining_error,delete,uhhh,,what the hell you haven't been chipped <<uhhh>> whatever it is nobody's brainwashed you good,what the hell you haven't been chipped <<<gap>>> whatever it is nobody's brainwashed you good,1520,1521,1538,1538,0,1,0,1
S01E07,165,counted_remaining_error,insert,,to you,truly would be happy to explain it <<<gap>>> maybe we'll hold off 'til she's a,truly would be happy to explain it <<to you>> maybe we'll hold off till she's a,1550,1550,1567,1569,0,0,2,2
S01E07,167,counted_remaining_error,substitute,'til,till,to explain it maybe we'll hold off <<'til>> she's a little less afraid of you,it to you maybe we'll hold off <<till>> she's a little less afraid of you,1554,1555,1573,1574,1,0,0,1
S01E07,169,counted_remaining_error,insert,,don't,felt another about ten minutes ago nope <<<gap>>> dunno how i could have missed it,felt another about ten minutes ago nope <<don't>> know how i could have missed it,1595,1595,1614,1615,0,0,1,1
S01E07,170,counted_remaining_error,substitute,dunno,know,felt another about ten minutes ago nope <<dunno>> how i could have missed it you,another about ten minutes ago nope don't <<know>> how i could have missed it you,1595,1596,1615,1616,1,0,0,1
S01E07,172,counted_remaining_error,insert,,come,you be any more of a perv <<<gap>>> c'mon they stick out nature wants me,you be any more of a perv <<come>> on they stick out nature wants me,1614,1614,1634,1635,0,0,1,1
S01E07,173,counted_remaining_error,substitute,c'mon,on,you be any more of a perv <<c'mon>> they stick out nature wants me to,be any more of a perv come <<on>> they stick out nature wants me to,1614,1615,1635,1636,1,0,0,1
S01E07,175,counted_remaining_error,substitute,ya,you,to look at them see i told <<ya>> it's easy to hear what's going on,to look at them see i told <<you>> it's easy to hear what's going on,1628,1629,1649,1650,1,0,0,1
S01E07,177,counted_remaining_error,insert,,you,going to go around blabbing about it <<<gap>>> y'know if it's a problem with the,going to go around blabbing about it <<you>> know if it's a problem with the,1672,1672,1693,1694,0,0,1,1
S01E07,178,counted_remaining_error,substitute,y'know,know,going to go around blabbing about it <<y'know>> if it's a problem with the time,to go around blabbing about it you <<know>> if it's a problem with the time,1672,1673,1694,1695,1,0,0,1
S01E07,180,counted_remaining_error,substitute,machine,machines,if it's a problem with the time <<machine>> that's got you all down in the,if it's a problem with the time <<machines>> that's got you all down in the,1680,1681,1702,1703,1,0,0,1
S01E07,182,counted_remaining_error,substitute,ol',old,the dumps why not try hitting up <<ol'>> john titor for advice in his earlier,the dumps why not try hitting up <<old>> john teeter for advice in his earlier,1694,1695,1716,1717,1,0,0,1
S01E07,184,excluded_name_error,substitute,titor,teeter,why not try hitting up ol' john <<titor>> for advice in his earlier posts titor,why not try hitting up old john <<teeter>> for advice in his earlier posts teeter,1696,1697,1718,1719,1,0,0,1
S01E07,186,excluded_name_error,substitute,titor,teeter,titor for advice in his earlier posts <<titor>> did mention that altering the past would,teeter for advice in his earlier posts <<teeter>> did mention that altering the past would,1703,1704,1725,1726,1,0,0,1
S01E07,188,counted_remaining_error,substitute,world,worldline,the d mail tossed us from a <<world>> line in which rukako didn't buy a,the d mail tossed us from a <<worldline>> in which rukako didn't buy a lottery,1765,1766,1787,1788,1,0,0,1
S01E07,189,counted_remaining_error,delete,line,,d mail tossed us from a world <<line>> in which rukako didn't buy a lottery,d mail tossed us from a worldline <<<gap>>> in which rukako didn't buy a lottery,1766,1767,1788,1788,0,1,0,1
S01E07,191,counted_remaining_error,delete,but,,never actually transpired yet i remember everything <<but>> how is that possible aw balls nae,never actually transpired yet i remember everything <<<gap>>> how is that possible ah balls nye,1822,1823,1843,1843,0,1,0,1
S01E07,193,counted_remaining_error,substitute,aw,ah,remember everything but how is that possible <<aw>> balls nae whatever you do don't tell,i remember everything how is that possible <<ah>> balls nye whatever you do don't tell,1827,1828,1847,1848,1,0,0,1
S01E07,195,excluded_name_error,substitute,nae,nye,but how is that possible aw balls <<nae>> whatever you do don't tell your daddy,everything how is that possible ah balls <<nye>> whatever you do don't tell your daddy,1829,1830,1849,1850,1,0,0,1
S01E07,197,counted_remaining_error,substitute,yay,yeah,stuff upstairs oh thanks son of a <<yay>> you're home okabe what the hell were,stuff upstairs oh thanks son of a <<yeah>> you're home okabe what the hell were,1870,1871,1890,1891,1,0,0,1
S01E07,199,counted_remaining_error,substitute,eying,eyeing,to me that's my baby girl you're <<eying>> so don't think you can run your,to me that's my baby girl you're <<eyeing>> so don't think you can run your,1904,1905,1924,1925,1,0,0,1
S01E07,201,excluded_name_error,substitute,suzuha,suzaha,a lab rat why don't you ask <<suzuha>> what we were doing she was out,a lab rat why don't you ask <<suzaha>> what we were doing she was out,1942,1943,1962,1963,1,0,0,1
S01E07,203,counted_remaining_error,insert,,even,for it what the hell am i <<<gap>>> paying you for all ya do is,for it what the hell am i <<even>> paying you for all you do is,1992,1992,2012,2013,0,0,1,1
S01E07,205,counted_remaining_error,substitute,ya,you,hell am i paying you for all <<ya>> do is goof off look at this,am i even paying you for all <<you>> do is goof off no i don't,1996,1997,2017,2018,1,0,0,1
S01E07,207,counted_remaining_error,insert,,no i don't,for all ya do is goof off <<<gap>>> look at this you haven't even started,for all you do is goof off <<no i don't>> look at this you haven't even started,2001,2001,2022,2025,0,0,3,3
S01E07,209,counted_remaining_error,delete,i,,haven't even started on this repair i <<i>> won't do it again due to unforeseen,haven't even started on this repair i <<<gap>>> won't do it again due to unforeseen,2012,2013,2036,2036,0,1,0,1
S01E07,211,counted_remaining_error,insert,,oh,phone wave test go home you guys <<<gap>>> okarin hey didn't you hear me assistant,phone wave test go home you guys <<oh>> corrine hey didn't you hear me assistant,2032,2032,2055,2056,0,0,1,1
S01E07,212,excluded_name_error,substitute,okarin,corrine,phone wave test go home you guys <<okarin>> hey didn't you hear me assistant you're,wave test go home you guys oh <<corrine>> hey didn't you hear me assistant you're,2032,2033,2056,2057,1,0,0,1
S01E07,214,counted_remaining_error,substitute,oh,ah,to go just doing a little thinking <<oh>> yes you'd rather sit there and stare,to go just doing a little thinking <<ah>> yes you'd rather sit there and stare,2048,2049,2072,2073,1,0,0,1
S01E07,216,counted_remaining_error,substitute,state,stateroom,return to the gilded cage of your <<state>> room right little miss moneybags quit calling,return to the gilded cage of your <<stateroom>> right little miss moneybags quit calling me,2067,2068,2091,2092,1,0,0,1
S01E07,217,counted_remaining_error,delete,room,,to the gilded cage of your state <<room>> right little miss moneybags quit calling me,to the gilded cage of your stateroom <<<gap>>> right little miss moneybags quit calling me,2068,2069,2092,2092,0,1,0,1
S01E07,219,counted_remaining_error,insert,,please,inarticulate brain starved moaning to a minimum <<<gap>>> zombie oh goody we're back to my,inarticulate brain starved moaning to a minimum <<please>> zombie oh goody we're back to my,2103,2103,2126,2127,0,0,1,1
S01E07,221,counted_remaining_error,insert,,who,from experience are we what's up anyway <<<gap>>> who're you texting john titor huh daru,from experience are we what's up anyway <<who>> are you texting john teeter huh huh,2133,2133,2157,2158,0,0,1,1
S01E07,222,counted_remaining_error,substitute,who're,are,from experience are we what's up anyway <<who're>> you texting john titor huh daru what's,experience are we what's up anyway who <<are>> you texting john teeter huh huh huh,2133,2134,2158,2159,1,0,0,1
S01E07,224,excluded_name_error,substitute,titor,teeter,what's up anyway who're you texting john <<titor>> huh daru what's going on okarin thank,up anyway who are you texting john <<teeter>> huh huh huh huh huh huh huh,2137,2138,2162,2163,1,0,0,1
S01E07,226,counted_remaining_error,insert,,huh huh huh huh huh huh huh huh huh huh huh,anyway who're you texting john titor huh <<<gap>>> daru what's going on okarin thank god,who are you texting john teeter huh <<huh huh huh huh huh huh huh huh huh huh huh>> daru what's going on ocarine thank god,2139,2139,2164,2175,0,0,11,11
S01E07,228,excluded_name_error,substitute,okarin,ocarine,john titor huh daru what's going on <<okarin>> thank god look i just realized i've,huh huh huh daru what's going on <<ocarine>> thank god look i just realized i've,2143,2144,2179,2180,1,0,0,1
S01E07,230,counted_remaining_error,substitute,was,is,realized i've made a terrible mistake what <<was>> it talk man it's all all my,realized i've made a terrible mistake what <<is>> it talk man it's all all my,2156,2157,2192,2193,1,0,0,1
S01E07,232,counted_remaining_error,substitute,may's,mays,at the lab what yeah and queen <<may's>> shut its doors to me i hate,at the lab what yeah and queen <<mays>> shut its doors to me i hate,2177,2178,2213,2214,1,0,0,1
S01E07,234,counted_remaining_error,insert,,you,doors to me i hate to ask <<<gap>>> but could you maybe too too roo,doors to me i hate to ask <<you>> but could you maybe do do do,2187,2187,2223,2224,0,0,1,1
S01E07,236,counted_remaining_error,substitute,too too roo,do do do,hate to ask but could you maybe <<too too roo>> hi okarin oh hello there mayuri daru's,to ask you but could you maybe <<do do do>> hi ocarine oh hello there mayuri daru's,2191,2194,2228,2231,3,0,0,3
S01E07,238,excluded_name_error,substitute,okarin,ocarine,could you maybe too too roo hi <<okarin>> oh hello there mayuri daru's going to,could you maybe do do do hi <<ocarine>> oh hello there mayuri daru's going to,2195,2196,2232,2233,1,0,0,1
S01E07,240,excluded_name_error,substitute,oopa,ooppa,i give you permission to hug my <<oopa>> cushion for as long as it takes,i give you permission to hug my <<ooppa>> cushion for as long as it takes,2242,2243,2279,2280,1,0,0,1
S01E07,242,counted_remaining_error,insert,,huh,okay don't forget to hug it okay <<<gap>>> you're all smiles again it's him i,okay don't forget to hug it okay <<huh>> you're all smiles again it's him i,2274,2274,2311,2312,0,0,1,1
S01E07,244,counted_remaining_error,substitute,you,you've,puzzle me though i don't understand how <<you>> have retained memories of your original past,puzzle me though i don't understand how <<you've>> retained memories of your original past it,2312,2313,2350,2351,1,0,0,1
S01E07,245,counted_remaining_error,delete,have,,me though i don't understand how you <<have>> retained memories of your original past it,me though i don't understand how you've <<<gap>>> retained memories of your original past it,2313,2314,2351,2351,0,1,0,1
S01E07,247,counted_remaining_error,substitute,e,email,which i hail the idea of using <<e>> mail to alter past events hasn't been,which i hail the idea of using <<email>> to alter past events hasn't been explored,2357,2358,2394,2395,1,0,0,1
S01E07,248,counted_remaining_error,delete,mail,,i hail the idea of using e <<mail>> to alter past events hasn't been explored,i hail the idea of using email <<<gap>>> to alter past events hasn't been explored,2358,2359,2395,2395,0,1,0,1
S01E07,250,counted_remaining_error,substitute,we've,we,us that said it operates within limits <<we've>> thought were absolute no one has ever,us that said it operates within limits <<we>> thought were absolute no one has ever,2388,2389,2424,2425,1,0,0,1
S01E07,252,excluded_name_error,substitute,kyoma,kiyoma,can i save the future that's absurd <<kyoma>> i ask you to be our savior,can i save the future that's absurd <<kiyoma>> i ask you to be our savior,2522,2523,2558,2559,1,0,0,1
S01E07,254,counted_remaining_error,insert,,thank you thank you thank you you,i ask you to be our savior <<<gap>>>,i ask you to be our savior <<thank you thank you thank you you>>,2530,2530,2566,2573,0,0,7,7
S01E08,0,counted_remaining_error,insert,,you,<<<gap>>> me humanity's savior nonsense i have chosen,<<you>> me humanity's savior nonsense i have chosen,0,0,0,1,0,0,1,1
S01E08,2,counted_remaining_error,substitute,vie,fight,the path of the mad scientist i <<vie>> for chaos and destruction dude you're freaking,the path of the mad scientist i <<fight>> for chaos and destruction dude you're freaking,14,15,15,16,1,0,0,1
S01E08,4,counted_remaining_error,substitute,wyrd,weird,me out we shall be recommencing operation <<wyrd>> without further delay okay but you know,me out we shall be recommencing operation <<weird>> without further delay okay but you know,29,30,30,31,1,0,0,1
S01E08,6,counted_remaining_error,insert,,my,of earlier today differ so significantly from <<<gap>>> mine oh yeah you mean that whole,of earlier today differ so significantly from <<my>> own oh yeah you mean that whole,130,130,131,132,0,0,1,1
S01E08,7,counted_remaining_error,substitute,mine,own,of earlier today differ so significantly from <<mine>> oh yeah you mean that whole lottery,earlier today differ so significantly from my <<own>> oh yeah you mean that whole lottery,130,131,132,133,1,0,0,1
S01E08,9,counted_remaining_error,insert,,sending,are you the only one who remembers <<<gap>>> us sending that d mail according to,are you the only one who remembers <<sending>> us that d mail according to teeter,158,158,160,161,0,0,1,1
S01E08,11,counted_remaining_error,delete,sending,,you the only one who remembers us <<sending>> that d mail according to titor i,the only one who remembers sending us <<<gap>>> that d mail according to teeter i,159,160,162,162,0,1,0,1
S01E08,13,excluded_name_error,substitute,titor,teeter,us sending that d mail according to <<titor>> i might have an unprecedented skill the,sending us that d mail according to <<teeter>> i might have an unprecedented skill the,165,166,167,168,1,0,0,1
S01E08,15,counted_remaining_error,substitute,are,or,with the new reality get erased mine <<are>> not i call it reading steiner check,with the new reality get erased mine <<or>> not i call it reading steiner thank,212,213,214,215,1,0,0,1
S01E08,17,counted_remaining_error,insert,,thank you thank you thank you,are not i call it reading steiner <<<gap>>> check it well nothing in the sent,or not i call it reading steiner <<thank you thank you thank you>> check it well nothing in the sent,219,219,221,227,0,0,6,6
S01E08,19,counted_remaining_error,insert,,what do,inbox five days ago so it worked <<<gap>>> whaddya think did i win if you,inbox five days ago so it worked <<what do>> you think did i win if you,245,245,253,255,0,0,2,2
S01E08,20,counted_remaining_error,substitute,whaddya,you,inbox five days ago so it worked <<whaddya>> think did i win if you had,days ago so it worked what do <<you>> think did i win if you had,245,246,255,256,1,0,0,1
S01E08,22,counted_remaining_error,insert,,ah,had won you wouldn't be asking me <<<gap>>> we sent a d mail five days,had won you wouldn't be asking me <<ah>> we sent a d mail five days,259,259,269,270,0,0,1,1
S01E08,24,excluded_name_error,substitute,faris,ferris,of the cards in his match with <<faris>> so he should have won hey mayuri,of the cards in his match with <<ferris>> so he should have won hey mayuri,280,281,291,292,1,0,0,1
S01E08,26,excluded_name_error,substitute,faris,ferris,question but when i went up against <<faris>> the other day did i sorry what,question but when i went up against <<ferris>> the other day did i sorry what,303,304,314,315,1,0,0,1
S01E08,28,counted_remaining_error,insert,,of,what was that kicked my butt yeah <<<gap>>> 'course sure thanks you too daru got,what was that kicked my butt yeah <<of>> course sure thanks you too daru got,317,317,328,329,0,0,1,1
S01E08,29,counted_remaining_error,substitute,'course,course,what was that kicked my butt yeah <<'course>> sure thanks you too daru got the,was that kicked my butt yeah of <<course>> sure thanks you too daru got the,317,318,329,330,1,0,0,1
S01E08,31,counted_remaining_error,insert,,a,not we've gone through that kind of <<<gap>>> shift really wait a sec that doesn't,not we've gone through that kind of <<a>> shift really wait a sec that doesn't,385,385,397,398,0,0,1,1
S01E08,33,counted_remaining_error,substitute,d,email,the one to send out our next <<d>> mail i don't want to still worried,the one to send out our next <<email>> i don't want to still worried about,453,454,466,467,1,0,0,1
S01E08,34,counted_remaining_error,delete,mail,,one to send out our next d <<mail>> i don't want to still worried about,one to send out our next email <<<gap>>> i don't want to still worried about,454,455,467,467,0,1,0,1
S01E08,36,counted_remaining_error,substitute,where,where'd,you're a scientist a mad one what <<where>> did you get that you've no qualms,you're a scientist a mad one what <<where'd>> you get that you've no qualms about,519,520,531,532,1,0,0,1
S01E08,37,counted_remaining_error,delete,did,,a scientist a mad one what where <<did>> you get that you've no qualms about,a scientist a mad one what where'd <<<gap>>> you get that you've no qualms about,520,521,532,532,0,1,0,1
S01E08,39,counted_remaining_error,substitute,that said,that's sad,attitude that sets mad scientists apart whatever <<that said>> in all seriousness anyway if we want,attitude that sets mad scientists apart whatever <<that's sad>> in all seriousness anyway if we want,551,553,562,564,2,0,0,2
S01E08,41,excluded_name_error,substitute,experim moeka,experiments moaka,we're going to have to conduct more <<experim moeka>> shut up can i you are a,we're going to have to conduct more <<experiments moaka>> shut up can i ah you are,578,580,589,591,2,0,0,2
S01E08,43,counted_remaining_error,insert,,ah,more experim moeka shut up can i <<<gap>>> you are a tenacious one shining finger,more experiments moaka shut up can i <<ah>> you are a tenacious one shining finger,584,584,595,596,0,0,1,1
S01E08,45,counted_remaining_error,substitute,haha those,this creeps,finger home again home again jiggity jig <<haha those>> crepes hit the spot yeah yeah do,finger home again home again jiggity jig <<this creeps>> hit the spot huh do you actually,597,599,609,611,2,0,0,2
S01E08,46,counted_remaining_error,delete,crepes,,again home again jiggity jig haha those <<crepes>> hit the spot yeah yeah do you,again home again jiggity jig this creeps <<<gap>>> hit the spot huh do you actually,599,600,611,611,0,1,0,1
S01E08,48,counted_remaining_error,substitute,yeah,huh,jig haha those crepes hit the spot <<yeah>> yeah do you ever actually go to,jiggity jig this creeps hit the spot <<huh>> do you actually ever go to class,603,604,614,615,1,0,0,1
S01E08,49,counted_remaining_error,delete,yeah,,haha those crepes hit the spot yeah <<yeah>> do you ever actually go to class,jig this creeps hit the spot huh <<<gap>>> do you actually ever go to class,604,605,615,615,0,1,0,1
S01E08,51,counted_remaining_error,insert,,actually,hit the spot yeah yeah do you <<<gap>>> ever actually go to class i'm awaiting,creeps hit the spot huh do you <<actually>> ever go to class i am awaiting,607,607,617,618,0,0,1,1
S01E08,53,counted_remaining_error,delete,actually,,the spot yeah yeah do you ever <<actually>> go to class i'm awaiting my compatriot,the spot huh do you actually ever <<<gap>>> go to class i am awaiting my,608,609,619,619,0,1,0,1
S01E08,55,counted_remaining_error,insert,,i,do you ever actually go to class <<<gap>>> i'm awaiting my compatriot hey what'd i,do you actually ever go to class <<i>> am awaiting my compatriot hey what did,612,612,622,623,0,0,1,1
S01E08,56,counted_remaining_error,substitute,i'm,am,do you ever actually go to class <<i'm>> awaiting my compatriot hey what'd i tell,you actually ever go to class i <<am>> awaiting my compatriot hey what did i,612,613,623,624,1,0,0,1
S01E08,58,counted_remaining_error,insert,,what,to class i'm awaiting my compatriot hey <<<gap>>> what'd i tell you about spooking my,class i am awaiting my compatriot hey <<what>> did i tell you about spooking my,617,617,628,629,0,0,1,1
S01E08,59,counted_remaining_error,substitute,what'd,did,to class i'm awaiting my compatriot hey <<what'd>> i tell you about spooking my kid,i am awaiting my compatriot hey what <<did>> i tell you about spooking my kid,617,618,629,630,1,0,0,1
S01E08,61,excluded_name_error,substitute,nae,nye,least little thing to her come on <<nae>> let's go inside before this loser freaks,least little thing to her come on <<nye>> let's go inside before this loser freaks,636,637,648,649,1,0,0,1
S01E08,63,counted_remaining_error,insert,,that's my yuri do,than he already has good morning yay <<<gap>>> it's mayuri too too roo brought you,than he already has good morning yay <<that's my yuri do>> do do do do do brought you,655,655,667,671,0,0,4,4
S01E08,64,excluded_name_error,substitute,it's mayuri too too roo,do do do do do,than he already has good morning yay <<it's mayuri too too roo>> brought you something wow my favorite and,good morning yay that's my yuri do <<do do do do do>> brought you something wow my favorite and,655,660,671,676,5,0,0,5
S01E08,66,counted_remaining_error,insert,,oak,brought you something wow my favorite and <<<gap>>> okarin gets one too whaaaaaaasup oh good,brought you something wow my favorite and <<oak>> green gets one too huh what's up,667,667,683,684,0,0,1,1
S01E08,67,excluded_name_error,substitute,okarin,green,brought you something wow my favorite and <<okarin>> gets one too whaaaaaaasup oh good morning,you something wow my favorite and oak <<green>> gets one too huh what's up oh,667,668,684,685,1,0,0,1
S01E08,69,counted_remaining_error,insert,,huh what's,my favorite and okarin gets one too <<<gap>>> whaaaaaaasup oh good morning suzuha good morning,favorite and oak green gets one too <<huh what's>> up oh good morning suzuha good morning,671,671,688,690,0,0,2,2
S01E08,70,counted_remaining_error,substitute,whaaaaaaasup,up,my favorite and okarin gets one too <<whaaaaaaasup>> oh good morning suzuha good morning part,oak green gets one too huh what's <<up>> oh good morning suzuha good morning part,671,672,690,691,1,0,0,1
S01E08,72,counted_remaining_error,insert,,did you,what do you mean time travel goofball <<<gap>>> d'y'ever get a hold of titor or,what do you mean time travel goofball <<did you>> ever get a hold of teeter or,699,699,718,720,0,0,2,2
S01E08,73,counted_remaining_error,substitute,d'y'ever,ever,what do you mean time travel goofball <<d'y'ever>> get a hold of titor or what,you mean time travel goofball did you <<ever>> get a hold of teeter or what,699,700,720,721,1,0,0,1
S01E08,75,excluded_name_error,substitute,titor,teeter,travel goofball d'y'ever get a hold of <<titor>> or what uhh he and i did,did you ever get a hold of <<teeter>> or what he and i did end,704,705,725,726,1,0,0,1
S01E08,77,counted_remaining_error,delete,uhh,,get a hold of titor or what <<uhh>> he and i did end up corresponding,get a hold of teeter or what <<<gap>>> he and i did end up corresponding,707,708,728,728,0,1,0,1
S01E08,79,counted_remaining_error,insert,,in,sure if i believe him anymore what <<<gap>>> the in hell why would you doubt,sure if i believe him anymore what <<in>> the hell why would you doubt him,728,728,748,749,0,0,1,1
S01E08,81,counted_remaining_error,delete,in,,if i believe him anymore what the <<in>> hell why would you doubt him um,i believe him anymore what in the <<<gap>>> hell why would you doubt him um,729,730,750,750,0,1,0,1
S01E08,83,excluded_name_error,substitute,titor,teeter,think somebody just outed herself as a <<titor>> fangirl yeah as if too too roo,think somebody just outed herself as a <<teeter>> fangirl as if it's cursew everyone good,755,756,775,776,1,0,0,1
S01E08,85,counted_remaining_error,delete,yeah,,just outed herself as a titor fangirl <<yeah>> as if too too roo it's kurisu,just outed herself as a teeter fangirl <<<gap>>> as if it's cursew everyone good morning,757,758,777,777,0,1,0,1
S01E08,87,counted_remaining_error,delete,too too roo,,as a titor fangirl yeah as if <<too too roo>> it's kurisu everyone good morning you guys,herself as a teeter fangirl as if <<<gap>>> it's cursew everyone good morning you guys,760,763,779,779,0,3,0,3
S01E08,89,excluded_name_error,substitute,kurisu,cursew,yeah as if too too roo it's <<kurisu>> everyone good morning you guys so she,as a teeter fangirl as if it's <<cursew>> everyone good morning you guys so she,764,765,780,781,1,0,0,1
S01E08,91,counted_remaining_error,substitute,ya,you,good morning you guys so she gave <<ya>> the ol' stink eye yet again huh,good morning you guys so she gave <<you>> the old stink eye yet again huh,773,774,789,790,1,0,0,1
S01E08,93,counted_remaining_error,substitute,ol',old,you guys so she gave ya the <<ol'>> stink eye yet again huh what's her,you guys so she gave you the <<old>> stink eye yet again huh what's her,775,776,791,792,1,0,0,1
S01E08,95,counted_remaining_error,insert,,actually,know whether or not the past has <<<gap>>> been changed i got this cell phone,know whether or not the past has <<actually>> been changed i got this cell phone,819,819,835,836,0,0,1,1
S01E08,97,counted_remaining_error,insert,,you,i don't like it so i want <<<gap>>> to tell the past me not to,i don't like it so i want <<you>> to tell the past me not to,837,837,854,855,0,0,1,1
S01E08,99,excluded_name_error,substitute,moeka,molika,it i get it if you see <<moeka>> and she's got a different cell phone,it i get it if you see <<molika>> and she's got a different cell phone,852,853,870,871,1,0,0,1
S01E08,101,counted_remaining_error,insert,,know,she's got a different cell phone you'll <<<gap>>> that know it worked you did tell,she's got a different cell phone you'll <<know>> that it worked you did tell her,861,861,879,880,0,0,1,1
S01E08,103,counted_remaining_error,delete,know,,got a different cell phone you'll that <<know>> it worked you did tell her to,a different cell phone you'll know that <<<gap>>> it worked you did tell her to,862,863,881,881,0,1,0,1
S01E08,105,counted_remaining_error,insert,,of,think you can forgive me oh yeah <<<gap>>> course i can no problem and my,think you can forgive me oh yeah <<of>> course i can no problem and my,922,922,940,941,0,0,1,1
S01E08,107,counted_remaining_error,delete,heh,,this slight misstep has bolstered your powers <<heh>> well thanks i'll get out of your,this slight misstep has bolstered your powers <<<gap>>> well thanks i'll get out of your,941,942,960,960,0,1,0,1
S01E08,109,counted_remaining_error,substitute,aw,oh,into that sort of thing you know <<aw>> i understand that's too bad though you'd,into that sort of thing you know <<oh>> i understand that's too bad though you'd,997,998,1015,1016,1,0,0,1
S01E08,111,counted_remaining_error,substitute,how'd,did,ask this time i felt it how <<how'd>> it change all this kind of blows,ask this time i felt it how <<did>> it change all this kind of blows,1031,1032,1049,1050,1,0,0,1
S01E08,113,counted_remaining_error,substitute,ya,you,this kind of blows my mind sometimes <<ya>> know something's different but wait where's shining,this kind of blows my mind sometimes <<you>> know something's different but wait where's shiningfinger,1042,1043,1060,1061,1,0,0,1
S01E08,115,counted_remaining_error,substitute,shining,shiningfinger,ya know something's different but wait where's <<shining>> finger she was just here what are,you know something's different but wait where's <<shiningfinger>> she was just here what are you,1049,1050,1067,1068,1,0,0,1
S01E08,116,counted_remaining_error,delete,finger,,know something's different but wait where's shining <<finger>> she was just here what are you,know something's different but wait where's shiningfinger <<<gap>>> she was just here what are you,1050,1051,1068,1068,0,1,0,1
S01E08,118,counted_remaining_error,substitute,nope,no,ruka happen to stop by my ruka <<nope>> why do you ask what about moeka,ruka happen to stop by my ruka <<no>> why do you ask what about moeka,1075,1076,1092,1093,1,0,0,1
S01E08,120,excluded_name_error,substitute,kiryuu,kiryo,don't think so do i know her <<kiryuu>> moeka the one i call shining finger,don't think so do i know her <<kiryo>> moeka the one i call shining finger,1097,1098,1114,1115,1,0,0,1
S01E08,122,counted_remaining_error,insert,,oh green the quiet,moeka the one i call shining finger <<<gap>>> okarin i don't know who you mean,moeka the one i call shining finger <<oh green the quiet>> girl i don't know who you mean,1105,1105,1122,1126,0,0,4,4
S01E08,123,excluded_name_error,substitute,okarin,girl,moeka the one i call shining finger <<okarin>> i don't know who you mean who,call shining finger oh green the quiet <<girl>> i don't know who you mean who,1105,1106,1126,1127,1,0,0,1
S01E08,125,counted_remaining_error,substitute,that's,it's,about now she messaged me right back <<that's>> very much in character so she's still,about now she messaged me right back <<it's>> very much in character so she's still,1180,1181,1201,1202,1,0,0,1
S01E08,127,counted_remaining_error,delete,she,,that you were asking about shining finger <<she>> sent herself a d mail and changed,that you were asking about shining finger <<<gap>>> sent herself a d mail and changed,1203,1204,1224,1224,0,1,0,1
S01E08,129,counted_remaining_error,insert,,bunch,how do the boys sleep in there <<<gap>>> buncha savages i guess that's what hackers,how do the boys sleep in there <<bunch>> of savages i guess that's what hackers,1327,1327,1347,1348,0,0,1,1
S01E08,130,counted_remaining_error,substitute,buncha,of,how do the boys sleep in there <<buncha>> savages i guess that's what hackers and,do the boys sleep in there bunch <<of>> savages i guess that's what hackers and,1327,1328,1348,1349,1,0,0,1
S01E08,132,counted_remaining_error,insert,,do do do,going to be so fun hey ruka <<<gap>>> too too roo whoa really blasphemy you,going to be so fun hey ruka <<do do do>> hmm hmm huh whoa really blasphemy you,1390,1390,1411,1414,0,0,3,3
S01E08,133,counted_remaining_error,substitute,too too roo,hmm hmm huh,going to be so fun hey ruka <<too too roo>> whoa really blasphemy you made the pilgrimage,so fun hey ruka do do do <<hmm hmm huh>> whoa really blasphemy you made the pilgrimage,1390,1393,1414,1417,3,0,0,3
S01E08,135,counted_remaining_error,insert,,well,of course you are my darling ruka <<<gap>>> it's too late to turn back now,of course you are my darling ruka <<well>> it's too late to turn back now,1448,1448,1472,1473,0,0,1,1
S01E08,137,counted_remaining_error,insert,,you,it's too late to turn back now <<<gap>>> y'know maybe this isn't now let's get,it's too late to turn back now <<you>> know maybe this isn't now let's get,1455,1455,1480,1481,0,0,1,1
S01E08,138,counted_remaining_error,substitute,y'know,know,it's too late to turn back now <<y'know>> maybe this isn't now let's get you,too late to turn back now you <<know>> maybe this isn't now let's get you,1455,1456,1481,1482,1,0,0,1
S01E08,140,counted_remaining_error,substitute,those,these,isn't now let's get you out of <<those>> clothes yeah you're going to be so,isn't now let's get you out of <<these>> clothes yeah you're going to be so,1465,1466,1491,1492,1,0,0,1
S01E08,142,counted_remaining_error,substitute,i can't do this if you're looking,but it's super tricky getting into this,swear just let me dress myself okay <<i can't do this if you're looking>> you'll need help no wait please don't,swear just let me dress myself okay <<but it's super tricky getting into this>> you'll need help no wait please don't,1494,1501,1520,1527,7,0,0,7
S01E08,144,counted_remaining_error,substitute,ya,you,blossom is mars not venus yeah but <<ya>> know that's even hotter ta da he's,blossom is mars not venus yeah but <<you>> know that's even hotter ta da he's,1528,1529,1554,1555,1,0,0,1
S01E08,146,counted_remaining_error,substitute,kirari,karari,know that's even hotter ta da he's <<kirari>> from the game rai net it fits,know that's even hotter ta da he's <<karari>> from the game rynet it fits perfectly,1536,1537,1562,1563,1,0,0,1
S01E08,148,counted_remaining_error,substitute,rai,rynet,ta da he's kirari from the game <<rai>> net it fits perfectly you look adorable,ta da he's karari from the game <<rynet>> it fits perfectly you look adorable i've,1540,1541,1566,1567,1,0,0,1
S01E08,149,counted_remaining_error,delete,net,,da he's kirari from the game rai <<net>> it fits perfectly you look adorable i've,da he's karari from the game rynet <<<gap>>> it fits perfectly you look adorable i've,1541,1542,1567,1567,0,1,0,1
S01E08,151,counted_remaining_error,substitute,or,are,boy these goofballs have ever seen balls <<or>> not man i would so hit that,boy these goofballs have ever seen balls <<are>> not man i would so hit that,1567,1568,1592,1593,1,0,0,1
S01E08,153,excluded_name_error,substitute,okarin,ocarine,so hit that what do you think <<okarin>> let's see here code red the organization's,so hit that what do you think <<ocarine>> let's see here code red the organization's,1579,1580,1604,1605,1,0,0,1
S01E08,155,counted_remaining_error,insert,,are,mind blowingly adorable cosplay curves and colors <<<gap>>> eating through my corpus callosum are you,mind blowingly adorable cosplay curves and colors <<are>> eating through my corpus callosum are you,1597,1597,1622,1623,0,0,1,1
S01E08,157,excluded_name_error,substitute,kyoma,koma,are you going to be all right <<kyoma>> oh give it a rest you big,are you going to be all right <<koma>> oh give it a rest you big,1609,1610,1635,1636,1,0,0,1
S01E08,159,counted_remaining_error,insert,,curse,a rest you big drama queen hey <<<gap>>> kurisu's here too too roo behold the,a rest you big drama queen hey <<curse>> is here behold the pervert undressing the,1620,1620,1646,1647,0,0,1,1
S01E08,160,excluded_name_error,substitute,kurisu's,is,a rest you big drama queen hey <<kurisu's>> here too too roo behold the pervert,rest you big drama queen hey curse <<is>> here behold the pervert undressing the poor,1620,1621,1647,1648,1,0,0,1
S01E08,162,counted_remaining_error,delete,too too roo,,you big drama queen hey kurisu's here <<too too roo>> behold the pervert undressing the poor dear,big drama queen hey curse is here <<<gap>>> behold the pervert undressing the poor deer,1622,1625,1649,1649,0,3,0,3
S01E08,164,counted_remaining_error,substitute,dear,deer,roo behold the pervert undressing the poor <<dear>> with her eyes no i'm not this,here behold the pervert undressing the poor <<deer>> with her eyes no i'm not this,1631,1632,1655,1656,1,0,0,1
S01E08,166,excluded_name_error,substitute,mayuri,myuri,you ready for the next cosplay outfit <<mayuri>> i have a confession i didn't actually,you ready for the next cosplay outfit <<myuri>> i have a confession i didn't actually,1679,1680,1703,1704,1,0,0,1
S01E08,168,counted_remaining_error,substitute,hold up,we did,we sent another d mail didn't we <<hold up>> what's different this time did we alter,we sent another d mail didn't we <<we did>> what's different this time did we alter,1798,1800,1822,1824,2,0,0,2
S01E08,170,excluded_name_error,substitute,moeka's,moika's,we alter the past so thoroughly that <<moeka's>> very existence was negated impossible i didn't,we alter the past so thoroughly that <<moika's>> very existence was negated impossible i didn't,1812,1813,1836,1837,1,0,0,1
S01E08,172,counted_remaining_error,insert,,look,felt awkward about the way i look <<<gap>>> i don't think it'd be a problem,felt awkward about the way i look <<look>> i don't think it'd be a problem,1879,1879,1903,1904,0,0,1,1
S01E08,174,counted_remaining_error,insert,,you,if the parts of me you see <<<gap>>> y'know matched the parts you can't wait,if the parts of me you see <<you>> know match the parts you can't wait,1893,1893,1918,1919,0,0,1,1
S01E08,175,counted_remaining_error,substitute,y'know matched,know match,if the parts of me you see <<y'know matched>> the parts you can't wait what time,the parts of me you see you <<know match>> the parts you can't wait what time,1893,1895,1919,1921,2,0,0,2
S01E08,177,counted_remaining_error,delete,hmph,,talking about not liking how she looks <<hmph>> alas my poor assistant allow me to,talking about not liking how she looks <<<gap>>> alas my poor assistant allow me to,1918,1919,1944,1944,0,1,0,1
S01E08,179,counted_remaining_error,substitute,that,the,my poor assistant allow me to shatter <<that>> candy coated bubble of naivet around you,my poor assistant allow me to shatter <<the>> candy coated bubble of naivete around you,1927,1928,1952,1953,1,0,0,1
S01E08,181,counted_remaining_error,substitute,naivet,naivete,to shatter that candy coated bubble of <<naivet>> around you naivet our dear rukako isn't,to shatter the candy coated bubble of <<naivete>> around you naivete our dear rukako isn't,1932,1933,1957,1958,1,0,0,1
S01E08,183,counted_remaining_error,substitute,naivet,naivete,candy coated bubble of naivet around you <<naivet>> our dear rukako isn't a female quite,candy coated bubble of naivete around you <<naivete>> our dear rukako isn't a female quite,1935,1936,1960,1961,1,0,0,1
S01E08,185,counted_remaining_error,insert,,do,a female quite the opposite how dumb <<<gap>>> d'you think i am come on oh,a female quite the opposite how dumb <<do>> you think i am come on oh,1947,1947,1972,1973,0,0,1,1
S01E08,186,counted_remaining_error,substitute,d'you,you,a female quite the opposite how dumb <<d'you>> think i am come on oh it's,female quite the opposite how dumb do <<you>> think i am come on oh it's,1947,1948,1973,1974,1,0,0,1
S01E08,188,counted_remaining_error,substitute,ya,you,be a boy sorry i'll just how <<ya>> doing there look this isn't a joke,be a boy sorry i'll just how <<you>> doing there look this isn't a joke,1985,1986,2011,2012,1,0,0,1
S01E08,190,excluded_name_error,substitute,kyoma,kiyama,your request shall be summarily granted oh <<kyoma>> thank you so much this is so,your request shall be summarily granted oh <<kiyama>> thank you so much this is so,2103,2104,2129,2130,1,0,0,1
S01E08,192,counted_remaining_error,insert,,very,don't know if changing someone's gender is <<<gap>>> smart some old wives' tale about food,don't know if changing someone's gender is <<very>> smart some old wives' tale about food,2132,2132,2158,2159,0,0,1,1
S01E08,194,counted_remaining_error,substitute,double,006,consent to become our newest lab member <<double>> o six yes now let us begin,consent to become our newest lab member <<006>> yes now let us begin without delay,2192,2193,2219,2220,1,0,0,1
S01E08,195,counted_remaining_error,delete,o six,,to become our newest lab member double <<o six>> yes now let us begin without delay,to become our newest lab member 006 <<<gap>>> yes now let us begin without delay,2193,2195,2220,2220,0,2,0,2
S01E08,197,counted_remaining_error,insert,,hey,yes now let us begin without delay <<<gap>>> you're seventeen years old this year if,yes now let us begin without delay <<hey>> you're seventeen years old this year if,2202,2202,2227,2228,0,0,1,1
S01E08,199,counted_remaining_error,insert,,why,you came into the world in 1993 <<<gap>>> why's it matter when ruka was born,you came into the world in 1993 <<why>> does it matter when ruko was born,2227,2227,2253,2254,0,0,1,1
S01E08,200,counted_remaining_error,substitute,why's,does,you came into the world in 1993 <<why's>> it matter when ruka was born and,came into the world in 1993 why <<does>> it matter when ruko was born and,2227,2228,2254,2255,1,0,0,1
S01E08,202,excluded_name_error,substitute,ruka,ruko,world in 1993 why's it matter when <<ruka>> was born and someone remind me what,in 1993 why does it matter when <<ruko>> was born and someone remind me what,2231,2232,2258,2259,1,0,0,1
S01E08,204,counted_remaining_error,substitute,be,become,it was when cell phones started to <<be>> popular in japan looks like it was,it was when cell phones started to <<become>> popular in japan looks like it was,2247,2248,2274,2275,1,0,0,1
S01E08,206,counted_remaining_error,substitute,'96,96,popular in japan looks like it was <<'96>> and we're talking bare bones telephony messaging,popular in japan looks like it was <<96>> and we're talking bare bones telephony messaging,2255,2256,2282,2283,1,0,0,1
S01E08,208,counted_remaining_error,substitute,'til,until,we're talking bare bones telephony messaging wasn't <<'til>> later so what we're saying is that,we're talking bare bones telephony messaging wasn't <<until>> later so what we're saying is that,2264,2265,2291,2292,1,0,0,1
S01E08,210,counted_remaining_error,substitute,'90s,90s,had a cell phone in the early <<'90s>> when she was pregnant with him wait,had a cell phone in the early <<90s>> when she was pregnant with him wait,2289,2290,2316,2317,1,0,0,1
S01E08,212,excluded_name_error,substitute,faris,ferris,oh yeah i can totally picture it <<faris>> at my command i've got it my,oh yeah i can totally picture it <<ferris>> at my command i've got it my,2338,2339,2365,2366,1,0,0,1
S01E08,214,counted_remaining_error,insert,,then,if cell phones are off the menu <<<gap>>> let's try sending it to a pager,if cell phones are off the menu <<then>> let's try sending it to a pager,2366,2366,2393,2394,0,0,1,1
S01E08,216,counted_remaining_error,substitute,let,let's,let's try sending it to a pager <<let>> see here pagers were miniature receivers to,let's try sending it to a pager <<let's>> see here pagers were miniature receivers to,2373,2374,2401,2402,1,0,0,1
S01E08,218,counted_remaining_error,substitute,zero,006,hope you're ready for your first assignment <<zero>> zero six it pertains to your wish,hope you're ready for your first assignment <<006>> it pertains to your wish ascertain if,2443,2444,2471,2472,1,0,0,1
S01E08,219,counted_remaining_error,delete,zero six,,you're ready for your first assignment zero <<zero six>> it pertains to your wish ascertain if,you're ready for your first assignment 006 <<<gap>>> it pertains to your wish ascertain if,2444,2446,2472,2472,0,2,0,2
S01E08,221,counted_remaining_error,substitute,remembered,remember,news kyoma she totally had one still <<remembered>> the number too excellent work double o,news kyoma she totally had one still <<remember>> the number too excellent work 006 have,2477,2478,2503,2504,1,0,0,1
S01E08,223,counted_remaining_error,substitute,double,006,still remembered the number too excellent work <<double>> o six have you decided what you're,still remember the number too excellent work <<006>> have you decided what you're going to,2483,2484,2509,2510,1,0,0,1
S01E08,224,counted_remaining_error,delete,o six,,remembered the number too excellent work double <<o six>> have you decided what you're going to,remember the number too excellent work 006 <<<gap>>> have you decided what you're going to,2484,2486,2510,2510,0,2,0,2
S01E08,226,counted_remaining_error,insert,,what,perfectly safe different but i remember everything <<<gap>>> does that mean i don't know anyone,perfectly safe different but i remember everything <<what>> does that mean i don't know anyone,2615,2615,2639,2640,0,0,1,1
S01E08,228,counted_remaining_error,delete,uh,,really cute in this ruka who me <<uh>> dude or not oh real nice keep,really cute in this ruka who me <<<gap>>> dude or not oh real nice keep,2647,2648,2672,2672,0,1,0,1
S01E08,230,counted_remaining_error,delete,uh,,keep your eyes on the face mister <<uh>> i was doing research now what i,keep your eyes on the face mister <<<gap>>> i was doing research now what i,2661,2662,2685,2685,0,1,0,1
S01E08,232,counted_remaining_error,delete,the,,i can't ask if ruka's a girl <<the>> poor thing would probably faint i guess,i can't ask if ruka's a girl <<<gap>>> poor thing would probably faint i guess,2675,2676,2698,2698,0,1,0,1
S01E08,234,excluded_name_error,substitute,okarin,ocarine,smile you're grossing me out yeah bad <<okarin>> that skeeziness from daru wouldn't surprise me,smile you're grossing me out yeah bad <<ocarine>> that kind of skeeziness from daru wouldn't,2709,2710,2731,2732,1,0,0,1
S01E08,236,counted_remaining_error,insert,,kind of,grossing me out yeah bad okarin that <<<gap>>> skeeziness from daru wouldn't surprise me but,grossing me out yeah bad ocarine that <<kind of>> skeeziness from daru wouldn't surprise me but,2711,2711,2733,2735,0,0,2,2
S01E08,238,counted_remaining_error,insert,,who,but i expect better from you hey <<<gap>>> who're you calling skeezy i'm just a,but i expect better from you hey <<who>> are you calling skeezy i'm just a,2724,2724,2748,2749,0,0,1,1
S01E08,239,counted_remaining_error,substitute,who're,are,but i expect better from you hey <<who're>> you calling skeezy i'm just a red,i expect better from you hey who <<are>> you calling skeezy i'm just a red,2724,2725,2749,2750,1,0,0,1
S01E08,241,counted_remaining_error,substitute,oooooh,oh,you want i've seen your hard drive <<oooooh>> yeah something something has changed from before,you want i've seen your hard drive <<oh>> yeah something something has changed from before,2745,2746,2770,2771,1,0,0,1
S01E08,243,counted_remaining_error,insert,,thank you thank you thank you you,different world line the question is what <<<gap>>>,different world line the question is what <<thank you thank you thank you you>>,2763,2763,2788,2795,0,0,7,7
S01E09,0,counted_remaining_error,insert,,all,<<<gap>>> alright we've established beyond a reasonable doubt,<<all>> right we've established beyond a reasonable doubt,0,0,0,1,0,0,1,1
S01E09,1,counted_remaining_error,substitute,alright,right,<<alright>> we've established beyond a reasonable doubt that,all <<right>> we've established beyond a reasonable doubt that,0,1,1,2,1,0,0,1
S01E09,3,excluded_name_error,substitute,faris in,ferris and,we didn't exactly improve my chances against <<faris in>> the rai net tourney now now we,we didn't exactly improve my chances against <<ferris and>> the rynette turney oh no we can't,26,28,27,29,2,0,0,2
S01E09,5,counted_remaining_error,substitute,rai net tourney now,rynette turney oh no,improve my chances against faris in the <<rai net tourney now>> now we can't work miracles sure in,improve my chances against ferris and the <<rynette turney oh no>> we can't work miracles sure in ruka's,29,33,30,34,4,0,0,4
S01E09,6,counted_remaining_error,delete,now,,faris in the rai net tourney now <<now>> we can't work miracles sure in ruka's,ferris and the rynette turney oh no <<<gap>>> we can't work miracles sure in ruka's,33,34,34,34,0,1,0,1
S01E09,8,counted_remaining_error,insert,,two,will be fully operational with one or <<<gap>>> time machine mind your business that's exactly,will be fully operational with one or <<two>> time machine mind your business that's exactly,60,60,60,61,0,0,1,1
S01E09,10,counted_remaining_error,substitute,awwww,aw,milk sugar or flavored syrup no thanks <<awwww>> having trouble choosing meow meow nuh uh,milk sugar or flavored syrup no thanks <<aw>> having trouble choosing meow meow nuh uh,88,89,89,90,1,0,0,1
S01E09,12,counted_remaining_error,substitute,gah,god,having trouble choosing meow meow nuh uh <<gah>> you get the come hither stare seriously,having trouble choosing meow meow nuh uh <<god>> you get the come hither stare seriously,96,97,97,98,1,0,0,1
S01E09,14,counted_remaining_error,insert,,and fire so badly right now,stare seriously i want you to die <<<gap>>> oh kyoma why keep secrets from each,stare seriously i want you to die <<and fire so badly right now>> oh kyu why keep secrets from each,109,109,110,116,0,0,6,6
S01E09,16,excluded_name_error,substitute,kyoma,kyu,seriously i want you to die oh <<kyoma>> why keep secrets from each other my,and fire so badly right now oh <<kyu>> why keep secrets from each other my,110,111,117,118,1,0,0,1
S01E09,18,counted_remaining_error,substitute,im,impervious,under such a paltry display you are <<im>> purrr vious sir how about you daru,under such a paltry display you are <<impervious>> sir how about you daru rest assured,133,134,140,141,1,0,0,1
S01E09,19,counted_remaining_error,delete,purrr vious,,such a paltry display you are im <<purrr vious>> sir how about you daru rest assured,such a paltry display you are impervious <<<gap>>> sir how about you daru rest assured,134,136,141,141,0,2,0,2
S01E09,21,counted_remaining_error,insert,,thank you thank you thank you,have you zero restraint really well now <<<gap>>> evidently a secret is what we tell,have you zero restraint really well now <<thank you thank you thank you>> evidently a secret is what we tell,167,167,172,178,0,0,6,6
S01E09,23,counted_remaining_error,delete,ugh,,that is not fair you can't just <<ugh>> why do you always have to be,that is not fair you can't just <<<gap>>> why do you always have to be,189,190,200,200,0,1,0,1
S01E09,25,counted_remaining_error,substitute,uh,what,you always have to be so predictable <<uh>> what'd i just so you know i,you always have to be so predictable <<what>> i just so you know i was,199,200,209,210,1,0,0,1
S01E09,26,counted_remaining_error,delete,what'd,,always have to be so predictable uh <<what'd>> i just so you know i was,always have to be so predictable what <<<gap>>> i just so you know i was,200,201,210,210,0,1,0,1
S01E09,28,counted_remaining_error,insert,,all,know i was not having an argument <<<gap>>> alright but you certainly fooled me and,know i was not having an argument <<all>> right but you certainly fooled me and,212,212,221,222,0,0,1,1
S01E09,29,counted_remaining_error,substitute,alright,right,know i was not having an argument <<alright>> but you certainly fooled me and your,i was not having an argument all <<right>> but you certainly fooled me and your,212,213,222,223,1,0,0,1
S01E09,31,counted_remaining_error,delete,ugh,,dirt in them or something shut up <<ugh>> could this be any more clich d,dirt in them or something shut up <<<gap>>> could this be any more cliched it,234,235,244,244,0,1,0,1
S01E09,33,counted_remaining_error,substitute,clich,cliched,up ugh could this be any more <<clich>> d it wasn't what it looked like,shut up could this be any more <<cliched>> it wasn't what it looked like things,240,241,249,250,1,0,0,1
S01E09,34,counted_remaining_error,delete,d,,ugh could this be any more clich <<d>> it wasn't what it looked like things,up could this be any more cliched <<<gap>>> it wasn't what it looked like things,241,242,250,250,0,1,0,1
S01E09,36,counted_remaining_error,substitute,breech,breach,even think about going there i didn't <<breech>> the wall you're the one who brought,even think about going there i didn't <<breach>> the wall you're the one who brought,260,261,268,269,1,0,0,1
S01E09,38,excluded_name_error,substitute,faris,ferris,nice work out there today yeah thanks <<faris>> you're probably on your way to see,nice work out there today yeah thanks <<ferris>> you're probably on your way to see,325,326,333,334,1,0,0,1
S01E09,40,excluded_name_error,substitute,kyoma,kiyoma,you're probably on your way to see <<kyoma>> now huh mhmm he wants me to,you're probably on your way to see <<kiyoma>> now huh mm hmm he wants me,333,334,341,342,1,0,0,1
S01E09,42,counted_remaining_error,insert,,mm,your way to see kyoma now huh <<<gap>>> mhmm he wants me to pick something,your way to see kiyoma now huh <<mm>> hmm he wants me to pick something,336,336,344,345,0,0,1,1
S01E09,43,counted_remaining_error,substitute,mhmm,hmm,your way to see kyoma now huh <<mhmm>> he wants me to pick something up,way to see kiyoma now huh mm <<hmm>> he wants me to pick something up,336,337,345,346,1,0,0,1
S01E09,45,counted_remaining_error,substitute,bleh,blech,the what all the lightning and cracklies <<bleh>> and the tingly bit it actually kind,the what all the lightning and cracklies <<blech>> and the tingly bit it actually kind,374,375,383,384,1,0,0,1
S01E09,47,counted_remaining_error,substitute,likes,like,know oh wow i bet it looks <<likes>> something straight out of a sci fi,know oh wow i bet it looks <<like>> something straight out of a sci fi,394,395,403,404,1,0,0,1
S01E09,49,counted_remaining_error,substitute,'cause,because,travel stuff how come well i guess <<'cause>> every time they use it it feels,travel stuff how come well i guess <<because>> every time they use it it feels,430,431,439,440,1,0,0,1
S01E09,51,excluded_name_error,substitute,okarin's,ocarines,time they use it it feels like <<okarin's>> further away this round table discussion will,time they use it it feels like <<ocarines>> further away this roundtable discussion will now,439,440,448,449,1,0,0,1
S01E09,53,counted_remaining_error,substitute,round,roundtable,it feels like okarin's further away this <<round>> table discussion will now commence me first,it feels like ocarines further away this <<roundtable>> discussion will now commence me first please,443,444,452,453,1,0,0,1
S01E09,54,counted_remaining_error,delete,table,,feels like okarin's further away this round <<table>> discussion will now commence me first please,feels like ocarines further away this roundtable <<<gap>>> discussion will now commence me first please,444,445,453,453,0,1,0,1
S01E09,56,excluded_name_error,substitute,mayushii,mayushi,please go on okay point of order <<mayushii>> said she wasn't cosplaying today but look,please go on okay point of order <<mayushi>> said she wasn't cosplaying today but look,458,459,466,467,1,0,0,1
S01E09,58,counted_remaining_error,substitute,she's not,she isn't,wasn't cosplaying today but look at her <<she's not>> cosplaying that's her school uniform i just,wasn't cosplaying today but look at her <<she isn't>> cosplaying that's her school uniform i just,468,470,476,478,2,0,0,2
S01E09,60,counted_remaining_error,substitute,if,it,eat aren't ya ah will you knock <<if>> off i'm trying to chair a meeting,eat aren't ya ah will you knock <<it>> off i'm trying to chair a meeting,513,514,521,522,1,0,0,1
S01E09,62,counted_remaining_error,substitute,'cause,because,said forgive him sweetie he's just upset <<'cause>> he's not sir galahad the topic of,said forgive him sweetie he's just upset <<because>> he's not sir galahad the topic of,541,542,549,550,1,0,0,1
S01E09,64,counted_remaining_error,substitute,toe,toehold,demoralized my constituency i can't get a <<toe>> hold on their diminishing attention spans with,demoralized my constituency i can't get a <<toehold>> on their diminishing attention spans with even,595,596,603,604,1,0,0,1
S01E09,65,counted_remaining_error,delete,hold,,my constituency i can't get a toe <<hold>> on their diminishing attention spans with even,my constituency i can't get a toehold <<<gap>>> on their diminishing attention spans with even,596,597,604,604,0,1,0,1
S01E09,67,counted_remaining_error,substitute,so what's new,let me show,with even the most grandiose of proclamations <<so what's new>> you guys you're each of you barbarians,with even the most grandiose of proclamations <<let me show>> you guys you're each of you barbarians,609,612,616,619,3,0,0,3
S01E09,69,counted_remaining_error,substitute,thirty,36,who's to say we can't i say <<thirty>> six bytes of information is our natural,who's to say we can't i say <<36>> bytes of information is our natural barrier,647,648,654,655,1,0,0,1
S01E09,70,counted_remaining_error,delete,six,,to say we can't i say thirty <<six>> bytes of information is our natural barrier,to say we can't i say 36 <<<gap>>> bytes of information is our natural barrier,648,649,655,655,0,1,0,1
S01E09,72,counted_remaining_error,substitute,that,the,should try shoving a whole person across <<that>> boundary go right ahead if you want,should try shoving a whole person across <<the>> boundary go right ahead if you want,677,678,683,684,1,0,0,1
S01E09,74,excluded_name_error,substitute,okarin,ocarine,want to risk turning into a gel <<okarin>> sounds pretty gross someone got schooled look,want to risk turning into a gel <<ocarine>> sounds pretty gross someone got schooled look,691,692,697,698,1,0,0,1
S01E09,76,excluded_name_error,substitute,sern's,cern's,sounds pretty gross someone got schooled look <<sern's>> already established how enormously difficult it is,sounds pretty gross someone got schooled look <<cern's>> already established how enormously difficult it is,699,700,705,706,1,0,0,1
S01E09,78,excluded_name_error,substitute,sern's,cern's,how what we do know is that <<sern's>> methods revolve around the conjunction of a,how what we do know is that <<cern's>> methods revolve around the conjunction of a,755,756,761,762,1,0,0,1
S01E09,80,counted_remaining_error,insert,,that,who knows add to that the fact <<<gap>>> we can only send out d mails,who knows add to that the fact <<that>> we can only send out d mails,806,806,812,813,0,0,1,1
S01E09,82,counted_remaining_error,delete,prepar,,to be a scientist you should be <<prepar>> i am decidedly not a scientist i,to be a scientist you should be <<<gap>>> i am decidedly not a scientist i,870,871,877,877,0,1,0,1
S01E09,84,counted_remaining_error,substitute,uh,excuse,could you be more of a wesley <<uh>> 'scuse me were you referencing look whatever,could you be more of a wesley <<excuse>> me were you just referencing look whatever,894,895,900,901,1,0,0,1
S01E09,85,counted_remaining_error,delete,'scuse,,you be more of a wesley uh <<'scuse>> me were you referencing look whatever you,you be more of a wesley excuse <<<gap>>> me were you just referencing look whatever,895,896,901,901,0,1,0,1
S01E09,87,counted_remaining_error,insert,,just,a wesley uh 'scuse me were you <<<gap>>> referencing look whatever you think i took,of a wesley excuse me were you <<just>> referencing look whatever you think i took,899,899,904,905,0,0,1,1
S01E09,89,counted_remaining_error,substitute,damn,dammit,kindly continue to investigate then nurse chapel <<damn>> it lay off so daru how's the,kindly continue to investigate then nurse chapel <<dammit>> lay off so daru how's the hacking,975,976,981,982,1,0,0,1
S01E09,90,counted_remaining_error,delete,it,,continue to investigate then nurse chapel damn <<it>> lay off so daru how's the hacking,continue to investigate then nurse chapel dammit <<<gap>>> lay off so daru how's the hacking,976,977,982,982,0,1,0,1
S01E09,92,counted_remaining_error,substitute,ziltch,zilch,how's the hacking coming along i got <<ziltch>> man sorry until we can crack the,how's the hacking coming along i got <<zilch>> man sorry until we can crack the,988,989,993,994,1,0,0,1
S01E09,94,excluded_name_error,substitute,ibn,ibm,our wheels is that not what the <<ibn>> is for you make it sound like,our wheels is that not what the <<ibm>> is for make it sound like we,1013,1014,1018,1019,1,0,0,1
S01E09,96,counted_remaining_error,delete,you,,that not what the ibn is for <<you>> make it sound like we got one,that not what the ibm is for <<<gap>>> make it sound like we got one,1016,1017,1021,1021,0,1,0,1
S01E09,98,counted_remaining_error,substitute,we'd,we,saying what are you saying i thought <<we'd>> deciphered the code already uh i'm good,saying what are you saying i thought <<we>> deciphered the code already uh i'm good,1036,1037,1040,1041,1,0,0,1
S01E09,100,counted_remaining_error,substitute,frack,fraction,the 5100 then dude how in the <<frack>> should i know nonsense okarin what's the,the 5100 then dude how in the <<fraction>> i know nonsense ocarine what's the matter,1059,1060,1063,1064,1,0,0,1
S01E09,101,counted_remaining_error,delete,should,,5100 then dude how in the frack <<should>> i know nonsense okarin what's the matter,5100 then dude how in the fraction <<<gap>>> i know nonsense ocarine what's the matter,1060,1061,1064,1064,0,1,0,1
S01E09,103,excluded_name_error,substitute,okarin,ocarine,in the frack should i know nonsense <<okarin>> what's the matter okay level with me,how in the fraction i know nonsense <<ocarine>> what's the matter okay level with me,1064,1065,1067,1068,1,0,0,1
S01E09,105,counted_remaining_error,delete,i,,the 5100 and brought it here i <<i>> don't see how we could have we,the 5100 and brought it here i <<<gap>>> don't see how we could have we,1084,1085,1087,1087,0,1,0,1
S01E09,107,counted_remaining_error,insert,,all,have the first clue where one is <<<gap>>> alright just for the sake of argument,have the first clue where one is <<all>> right just for the sake of argument,1100,1100,1102,1103,0,0,1,1
S01E09,108,counted_remaining_error,substitute,alright,right,have the first clue where one is <<alright>> just for the sake of argument let's,the first clue where one is all <<right>> just for the sake of argument let's,1100,1101,1103,1104,1,0,0,1
S01E09,110,excluded_name_error,substitute,rukako's,rukiko's,say we got one on loan from <<rukako's>> father yes exactly you and i carried,say we got one on loan from <<rukiko's>> father yes exactly you and i carried,1122,1123,1125,1126,1,0,0,1
S01E09,112,counted_remaining_error,substitute,someone,someone's,remembered but apparently it's gone missing great <<someone>> pilfered it of course they don't know,remembered but apparently it's gone missing great <<someone's>> pilfered it of course they don't know,1307,1308,1310,1311,1,0,0,1
S01E09,114,counted_remaining_error,substitute,'sides,besides,in a shrine seems weird to me <<'sides>> who would have known it was there,in a shrine seems weird to me <<besides>> who would have known it was there,1344,1345,1347,1348,1,0,0,1
S01E09,116,excluded_name_error,substitute,faris,ferris,would have known it was there hey <<faris>> yeah what's up well i've got all,would have known it was there hey <<ferris>> yeah what's up well i've got all,1353,1354,1356,1357,1,0,0,1
S01E09,118,counted_remaining_error,insert,,ought,tomorrow's maid swap here ten of them <<<gap>>> outta do the trick don't you think,tomorrow's maid swap here ten of them <<ought>> to do the trick don't you think,1371,1371,1374,1375,0,0,1,1
S01E09,119,counted_remaining_error,substitute,outta,to,tomorrow's maid swap here ten of them <<outta>> do the trick don't you think oooh,maid swap here ten of them ought <<to>> do the trick don't you think if,1371,1372,1375,1376,1,0,0,1
S01E09,121,counted_remaining_error,delete,oooh,,outta do the trick don't you think <<oooh>> if you could travel back in time,to do the trick don't you think <<<gap>>> if you could travel back in time,1378,1379,1382,1382,0,1,0,1
S01E09,123,counted_remaining_error,substitute,chose,choose,and redo one thing what would you <<chose>> and why what would your answer be,and redo one thing what would you <<choose>> and why what would your answer be,1393,1394,1396,1397,1,0,0,1
S01E09,125,excluded_name_error,substitute,meowrrlll faris,moral ferris,each sorry excuse me for a second <<meowrrlll faris>> speaking kyoma hey what's up is it,each sorry excuse me for a second <<moral ferris>> speaking kiyoma hey what's up is it,1441,1443,1444,1446,2,0,0,2
S01E09,127,excluded_name_error,substitute,kyoma,kiyoma,me for a second meowrrlll faris speaking <<kyoma>> hey what's up is it true that,me for a second moral ferris speaking <<kiyoma>> hey what's up is it true that,1444,1445,1447,1448,1,0,0,1
S01E09,129,excluded_name_error,substitute,ibn,ibm,it true that you once stored an <<ibn>> 5100 at the yanabayashi shrine for safe,it true that you once stored an <<ibm>> 5100 at the yonabiyashi shrine for safekeeping,1456,1457,1459,1460,1,0,0,1
S01E09,131,excluded_name_error,substitute,yanabayashi,yonabiyashi,once stored an ibn 5100 at the <<yanabayashi>> shrine for safe keeping i didn't no,once stored an ibm 5100 at the <<yonabiyashi>> shrine for safekeeping i didn't know but,1460,1461,1463,1464,1,0,0,1
S01E09,133,counted_remaining_error,substitute,safe,safekeeping,ibn 5100 at the yanabayashi shrine for <<safe>> keeping i didn't no but i mean,ibm 5100 at the yonabiyashi shrine for <<safekeeping>> i didn't know but i mean well,1463,1464,1466,1467,1,0,0,1
S01E09,134,counted_remaining_error,delete,keeping,,5100 at the yanabayashi shrine for safe <<keeping>> i didn't no but i mean well,5100 at the yonabiyashi shrine for safekeeping <<<gap>>> i didn't know but i mean well,1464,1465,1467,1467,0,1,0,1
S01E09,136,counted_remaining_error,substitute,no,know,yanabayashi shrine for safe keeping i didn't <<no>> but i mean well dad had a,the yonabiyashi shrine for safekeeping i didn't <<know>> but i mean well dad had a,1467,1468,1469,1470,1,0,0,1
S01E09,138,excluded_name_error,substitute,kyoma,kiyoma,computers so maybe it was him uh <<kyoma>> be straight not that it's any of,computers so maybe it was him uh <<kiyoma>> be straight not that it's any of,1485,1486,1487,1488,1,0,0,1
S01E09,140,counted_remaining_error,insert,,come,to do with you guys' time machine <<<gap>>> c'mon don't be shy is that what,to do with you guys' time machine <<come>> on don't be shy is that what,1506,1506,1508,1509,0,0,1,1
S01E09,141,counted_remaining_error,substitute,c'mon,on,to do with you guys' time machine <<c'mon>> don't be shy is that what i,do with you guys' time machine come <<on>> don't be shy is that what i,1506,1507,1509,1510,1,0,0,1
S01E09,143,counted_remaining_error,insert,,got,can stand there if you want i've <<<gap>>> things to do kay hang on a,can stand there if you want i've <<got>> things to do okay hang on a,1544,1544,1547,1548,0,0,1,1
S01E09,145,counted_remaining_error,substitute,kay,okay,if you want i've things to do <<kay>> hang on a sec hey daru coming,you want i've got things to do <<okay>> hang on a sec hey daru coming,1547,1548,1551,1552,1,0,0,1
S01E09,147,counted_remaining_error,substitute,stein's,steins,control hey like you say boss when <<stein's>> gate opens the stout of heart are,control hey like you say boss when <<steins>> gate opens the stout of heart are,1574,1575,1578,1579,1,0,0,1
S01E09,149,excluded_name_error,substitute,faris,ferris,i'm not letting you drop in on <<faris>> at home without me there if daru,i'm not letting you drop in on <<ferris>> at home without me there if daru,1634,1635,1638,1639,1,0,0,1
S01E09,151,counted_remaining_error,delete,ah,,in the first place hey it's kirari <<ah>> not again wait damn it all the,in the first place hey it's kirari <<<gap>>> not again wait damn it all it's,1670,1671,1674,1674,0,1,0,1
S01E09,153,counted_remaining_error,insert,,it's,ah not again wait damn it all <<<gap>>> the ibn 5100 shining finger i need,kirari not again wait damn it all <<it's>> the ibn 5100 shining finger i need,1677,1677,1680,1681,0,0,1,1
S01E09,155,counted_remaining_error,insert,,moika,need to talk to you please shining <<<gap>>> moeka kiryuu moeka why i don't understand,need to talk to you please shining <<moika>> kill you moika why i don't understand,1690,1690,1694,1695,0,0,1,1
S01E09,156,excluded_name_error,substitute,moeka kiryuu moeka,kill you moika,need to talk to you please shining <<moeka kiryuu moeka>> why i don't understand it's supposed to,to talk to you please shining moika <<kill you moika>> why i don't understand it's supposed to,1690,1693,1695,1698,3,0,0,3
S01E09,158,counted_remaining_error,insert,,i'd,understand it's supposed to be here you <<<gap>>> the ibn i heard you say please,understand it's supposed to be here you <<i'd>> be in i heard you say please,1703,1703,1708,1709,0,0,1,1
S01E09,159,excluded_name_error,substitute,the ibn,be in,understand it's supposed to be here you <<the ibn>> i heard you say please do you,it's supposed to be here you i'd <<be in>> i heard you say please do you,1703,1705,1709,1711,2,0,0,2
S01E09,161,counted_remaining_error,insert,,oh,i thought you you you don't know <<<gap>>> okarin where's she going i don't know,i thought you you you don't know <<oh>> corrine where's she going come on guys,1726,1726,1732,1733,0,0,1,1
S01E09,162,excluded_name_error,substitute,okarin,corrine,i thought you you you don't know <<okarin>> where's she going i don't know c'mon,thought you you you don't know oh <<corrine>> where's she going come on guys that,1726,1727,1733,1734,1,0,0,1
S01E09,164,counted_remaining_error,substitute,i don't,come on,you don't know okarin where's she going <<i don't>> know c'mon guys that girl really knows,don't know oh corrine where's she going <<come on>> guys that girl really knows how to,1730,1732,1737,1739,2,0,0,2
S01E09,165,counted_remaining_error,delete,know c'mon,,know okarin where's she going i don't <<know c'mon>> guys that girl really knows how to,oh corrine where's she going come on <<<gap>>> guys that girl really knows how to,1732,1734,1739,1739,0,2,0,2
S01E09,167,excluded_name_error,substitute,moeka,moaka,you brought her into the lab after <<moeka>> sent her d mail as far as,you brought her into the lab after <<moaka>> sent her d mail as far as,1788,1789,1793,1794,1,0,0,1
S01E09,169,excluded_name_error,substitute,moeka's,moaca's,existed now though when ruka sends one <<moeka's>> somehow back in the fold every time,existed now though when ruka sends one <<moaca's>> somehow back in the fold every time,1809,1810,1814,1815,1,0,0,1
S01E09,171,counted_remaining_error,substitute,realize,realized,moment please wait here well i suddenly <<realize>> why butler cafes haven't really caught on,moment please wait here well i suddenly <<realized>> why butler cafes haven't really caught on,1863,1864,1868,1869,1,0,0,1
S01E09,173,counted_remaining_error,substitute,live,life,caught on i've never seen a real <<live>> butler before look the people are like,caught on i've never seen a real <<life>> butler before look the people are like,1876,1877,1881,1882,1,0,0,1
S01E09,175,counted_remaining_error,substitute,getting',getting,a splendid view oh dear we're never <<getting'>> him back sorry to keep you waiting,a splendid view oh dear we're never <<getting>> him back sorry to keep you waiting,1895,1896,1900,1901,1,0,0,1
S01E09,177,counted_remaining_error,substitute,hey,hi,back sorry to keep you waiting ah <<hey>> there faris out of her maid getup,back sorry to keep you waiting ah <<hi>> there well ferris out of her maid,1904,1905,1909,1910,1,0,0,1
S01E09,179,counted_remaining_error,insert,,well,to keep you waiting ah hey there <<<gap>>> faris out of her maid getup my,to keep you waiting ah hi there <<well>> ferris out of her maid get up,1906,1906,1911,1912,0,0,1,1
S01E09,180,excluded_name_error,substitute,faris,ferris,to keep you waiting ah hey there <<faris>> out of her maid getup my life,keep you waiting ah hi there well <<ferris>> out of her maid get up my,1906,1907,1912,1913,1,0,0,1
S01E09,182,counted_remaining_error,insert,,get,hey there faris out of her maid <<<gap>>> getup my life is officially complete faris,there well ferris out of her maid <<get>> up my life is officially complete ferris,1911,1911,1917,1918,0,0,1,1
S01E09,183,counted_remaining_error,substitute,getup,up,hey there faris out of her maid <<getup>> my life is officially complete faris yes,well ferris out of her maid get <<up>> my life is officially complete ferris yes,1911,1912,1918,1919,1,0,0,1
S01E09,185,excluded_name_error,substitute,faris,ferris,maid getup my life is officially complete <<faris>> yes the opulence of your living quarters,get up my life is officially complete <<ferris>> yes the opulence of your living quarters,1917,1918,1924,1925,1,0,0,1
S01E09,187,counted_remaining_error,substitute,ummmm,um,rather obvious question do you not agree <<ummmm>> meow meow meow don't toy with me,rather obvious question do you not agree <<um>> meow meow meow don't toy with me,1934,1935,1941,1942,1,0,0,1
S01E09,189,excluded_name_error,substitute,faris,ferris,know her by no other name but <<faris>> stop acting like a petulant child it's,know her by no other name but <<ferris>> stop acting like a petulant child it's,2016,2017,2023,2024,1,0,0,1
S01E09,191,counted_remaining_error,insert,,all,acting like a petulant child it's quite <<<gap>>> alright actually moe culture thrives here mostly,acting like a petulant child it's quite <<all>> right actually moe culture thrives here mostly,2025,2025,2032,2033,0,0,1,1
S01E09,192,counted_remaining_error,substitute,alright,right,acting like a petulant child it's quite <<alright>> actually moe culture thrives here mostly because,like a petulant child it's quite all <<right>> actually moe culture thrives here mostly because,2025,2026,2033,2034,1,0,0,1
S01E09,194,counted_remaining_error,insert,,sort of,mostly because of my influence so it's <<<gap>>> a compliment wha you she has her,mostly because of my influence so it's <<sort of>> a compliment what you she has her,2038,2038,2046,2048,0,0,2,2
S01E09,196,counted_remaining_error,substitute,wha,what,of my influence so it's a compliment <<wha>> you she has her finger on the,influence so it's sort of a compliment <<what>> you she has her finger on the,2040,2041,2050,2051,1,0,0,1
S01E09,198,counted_remaining_error,substitute,manna,mana,cafe is the wellspring from which all <<manna>> flows i bow to her vision you're,cafe is the wellspring from which all <<mana>> flows i bow to her vision you're,2066,2067,2076,2077,1,0,0,1
S01E09,200,excluded_name_error,substitute,ol' faris,old ferris,everyone to treat me like the same <<ol' faris>> they know and love i will take,everyone to treat me like the same <<old ferris>> they know and love i will take,2101,2103,2111,2113,2,0,0,2
S01E09,202,counted_remaining_error,insert,,where,thank you meowster can the cat lingo <<<gap>>> where've you secreted the ibn 5100 oh,thank you meowster can the cat lingo <<where>> have you secreted the ibn 5100 oh,2122,2122,2132,2133,0,0,1,1
S01E09,203,counted_remaining_error,substitute,where've,have,thank you meowster can the cat lingo <<where've>> you secreted the ibn 5100 oh i'm,you meowster can the cat lingo where <<have>> you secreted the ibn 5100 oh i'm,2122,2123,2133,2134,1,0,0,1
S01E09,205,counted_remaining_error,substitute,a,an,you'd all be so kind i have <<a>> itty bitty widdle favor to ask ha,you'd all be so kind i have <<an>> itty bitty whittle favor to ask ha,2145,2146,2156,2157,1,0,0,1
S01E09,207,counted_remaining_error,substitute,widdle,whittle,so kind i have a itty bitty <<widdle>> favor to ask ha you intend to,so kind i have an itty bitty <<whittle>> favor to ask ha you intend to,2148,2149,2159,2160,1,0,0,1
S01E09,209,excluded_name_error,substitute,faris,ferris,we're comfortable yeah okay so we make <<faris>> a lab member and it's not really,we're comfortable yeah okay so we make <<ferris>> a lab member and it's not really,2214,2215,2225,2226,1,0,0,1
S01E09,211,counted_remaining_error,substitute,damn,dammit,an issue anymore out of the question <<damn>> it it's just we don't yet understand,an issue anymore out of the question <<dammit>> it's just we don't yet understand the,2229,2230,2240,2241,1,0,0,1
S01E09,212,counted_remaining_error,delete,it,,issue anymore out of the question damn <<it>> it's just we don't yet understand the,issue anymore out of the question dammit <<<gap>>> it's just we don't yet understand the,2230,2231,2241,2241,0,1,0,1
S01E09,214,excluded_name_error,substitute,faris,ferris,use it to win the lottery but <<faris>> that's crossing the line that's some b,use it to win the lottery but <<ferris>> that's crossing the line that's some bs,2252,2253,2262,2263,1,0,0,1
S01E09,216,counted_remaining_error,substitute,b,bs,faris that's crossing the line that's some <<b>> s man she just wants to use,ferris that's crossing the line that's some <<bs>> man she just wants to use it,2259,2260,2269,2270,1,0,0,1
S01E09,217,counted_remaining_error,delete,s,,that's crossing the line that's some b <<s>> man she just wants to use it,that's crossing the line that's some bs <<<gap>>> man she just wants to use it,2260,2261,2270,2270,0,1,0,1
S01E09,219,counted_remaining_error,substitute,ugh that's,that is,she just wants to use it once <<ugh that's>> not what this is about wait there's,she just wants to use it once <<that is>> not what this is about wait there's,2269,2271,2278,2280,2,0,0,2
S01E09,221,excluded_name_error,substitute,faris,ferris,again is even the right word now <<faris>> may be able to help very well,again is even the right word now <<ferris>> may be able to help very well,2296,2297,2305,2306,1,0,0,1
S01E09,223,counted_remaining_error,substitute,double o seven,007 akiharumi ah,as of this moment you are christened <<double o seven>> akiha rumi ahhh shut up there that,as of this moment you are christened <<007 akiharumi ah>> shut up there that ought to do,2330,2333,2339,2342,3,0,0,3
S01E09,224,counted_remaining_error,delete,akiha rumi ahhh,,moment you are christened double o seven <<akiha rumi ahhh>> shut up there that oughtta do it,moment you are christened 007 akiharumi ah <<<gap>>> shut up there that ought to do,2333,2336,2342,2342,0,3,0,3
S01E09,226,counted_remaining_error,insert,,ought,akiha rumi ahhh shut up there that <<<gap>>> oughtta do it and you're absolutely certain,007 akiharumi ah shut up there that <<ought>> to do it and you're absolutely certain,2340,2340,2346,2347,0,0,1,1
S01E09,227,counted_remaining_error,substitute,oughtta,to,akiha rumi ahhh shut up there that <<oughtta>> do it and you're absolutely certain you,akiharumi ah shut up there that ought <<to>> do it and you're absolutely certain you,2340,2341,2347,2348,1,0,0,1
S01E09,229,counted_remaining_error,delete,nyuh uh,,know what we're unleashing on the world <<nyuh uh>> boys aren't allowed to pry into a,know what we're unleashing on the world <<<gap>>> boys aren't allowed to pry into a,2393,2395,2400,2400,0,2,0,2
S01E09,231,counted_remaining_error,substitute,to,two,the deed is done hello assistant snap <<to>> i require a status report is that,the deed is done hello assistant snap <<two>> i require a status report is that,2432,2433,2437,2438,1,0,0,1
S01E09,233,counted_remaining_error,insert,,ho in,ugh that woman of all the hello <<<gap>>> hououin kyoma speaking don't hang up hououin,ugh that woman of all the hello <<ho in>> kyo ma speaking don't hang up ho,2454,2454,2459,2461,0,0,2,2
S01E09,234,excluded_name_error,substitute,hououin kyoma,kyo ma,ugh that woman of all the hello <<hououin kyoma>> speaking don't hang up hououin oh it's,woman of all the hello ho in <<kyo ma>> speaking don't hang up ho in oh,2454,2456,2461,2463,2,0,0,2
S01E09,236,counted_remaining_error,insert,,ho,hello hououin kyoma speaking don't hang up <<<gap>>> hououin oh it's you i thought i,in kyo ma speaking don't hang up <<ho>> in oh it's you i thought i,2460,2460,2467,2468,0,0,1,1
S01E09,237,excluded_name_error,substitute,hououin,in,hello hououin kyoma speaking don't hang up <<hououin>> oh it's you i thought i had,kyo ma speaking don't hang up ho <<in>> oh it's you i thought i had,2460,2461,2468,2469,1,0,0,1
S01E09,239,counted_remaining_error,insert,,what,thought i had a stalker or something <<<gap>>> i show up on your caller id,thought i had a stalker or something <<what>> i show up on caller id so,2472,2472,2480,2481,0,0,1,1
S01E09,241,counted_remaining_error,delete,your,,stalker or something i show up on <<your>> caller id so for all i knew,or something what i show up on <<<gap>>> caller id so for all i knew,2476,2477,2485,2485,0,1,0,1
S01E09,243,excluded_name_error,substitute,hououin,hoeing,of your phone a veiled confession that <<hououin>> strikes fear into your hear she does,of your phone a veiled confession that <<hoeing>> strikes fear into your heart she does,2499,2500,2507,2508,1,0,0,1
S01E09,245,counted_remaining_error,substitute,hear,heart,confession that hououin strikes fear into your <<hear>> she does that one more time i'm,confession that hoeing strikes fear into your <<heart>> she does that one more time i'm,2504,2505,2512,2513,1,0,0,1
S01E09,247,excluded_name_error,substitute,rintaro,rinturo,now you listen to me hello okabe <<rintaro>> calling for makise speaking uh yes i,now you listen to me hello okabe <<rinturo>> calling for makisei speaking uh yes i,2536,2537,2544,2545,1,0,0,1
S01E09,249,excluded_name_error,substitute,makise,makisei,to me hello okabe rintaro calling for <<makise>> speaking uh yes i was wondering if,to me hello okabe rinturo calling for <<makisei>> speaking uh yes i was wondering if,2539,2540,2547,2548,1,0,0,1
S01E09,251,counted_remaining_error,substitute,stopped,stop,incidentally don't you think it's time we <<stopped>> calling it the phone wave i mean,incidentally don't you think it's time we <<stop>> calling it the phone wave i mean,2613,2614,2621,2622,1,0,0,1
S01E09,253,counted_remaining_error,insert,,but never mind all that what were,trouble getting along so kind of yeah <<<gap>>> you know maybe this isn't such a,trouble getting along so kind of yeah <<but never mind all that what were>> you saying you know maybe this isn't,2656,2656,2664,2671,0,0,7,7
S01E09,255,counted_remaining_error,insert,,saying you,getting along so kind of yeah you <<<gap>>> know maybe this isn't such a good,never mind all that what were you <<saying you>> know maybe this isn't such a good,2657,2657,2672,2674,0,0,2,2
S01E09,257,excluded_name_error,substitute,faris,ferris,maybe this isn't such a good idea <<faris>> we have full discharge go for it,maybe this isn't such a good idea <<ferris>> we have full discharge go for it,2665,2666,2682,2683,1,0,0,1
S01E09,259,excluded_name_error,substitute,kyoma,kiyoma,now hello who are you daddy daddy <<kyoma>> wasn't bothering you was he no sorry,now hello who are you daddy daddy <<kiyoma>> wasn't bothering you was he no sorry,2680,2681,2697,2698,1,0,0,1
S01E09,261,excluded_name_error,substitute,faris,ferris,sophisticated type of guy duh he raised <<faris>> he's got to be like a secret,sophisticated type of guy duh he raised <<ferris>> he's got to be like a secret,2719,2720,2736,2737,1,0,0,1
S01E09,263,counted_remaining_error,substitute,super,superhero,he's got to be like a secret <<super>> hero or something sir are you familiar,he's got to be like a secret <<superhero>> or something sir are you familiar with,2727,2728,2744,2745,1,0,0,1
S01E09,264,counted_remaining_error,delete,hero,,got to be like a secret super <<hero>> or something sir are you familiar with,got to be like a secret superhero <<<gap>>> or something sir are you familiar with,2728,2729,2745,2745,0,1,0,1
S01E09,266,excluded_name_error,substitute,ibn,ibm,something sir are you familiar with the <<ibn>> 5100 by any chance well there's a,something sir are you familiar with the <<ibm>> 5100 by any chance well there's a,2737,2738,2753,2754,1,0,0,1
S01E09,268,excluded_name_error,substitute,faris,farah,day to you all okay so before <<faris>> sent her d mail the shrine'd had,day to you all okay so before <<farah>> sent her d mail the shrine had,2793,2794,2809,2810,1,0,0,1
S01E09,270,counted_remaining_error,substitute,shrine'd,shrine,before faris sent her d mail the <<shrine'd>> had the ibn in storage but it'd,before farah sent her d mail the <<shrine>> had had the ibn in storage but,2799,2800,2815,2816,1,0,0,1
S01E09,272,counted_remaining_error,insert,,had,sent her d mail the shrine'd had <<<gap>>> the ibn in storage but it'd gone,sent her d mail the shrine had <<had>> the ibn in storage but had gone,2801,2801,2817,2818,0,0,1,1
S01E09,274,counted_remaining_error,substitute,it'd,had,shrine'd had the ibn in storage but <<it'd>> gone missing but now apparently it was,had had the ibn in storage but <<had>> gone missing but now apparently it was,2806,2807,2823,2824,1,0,0,1
S01E09,276,counted_remaining_error,insert,,oak,if we've gone too far earth to <<<gap>>> okarin snap out of it silly i,if we've gone too far earth to <<oak>> green snap out of it silly i,2866,2866,2883,2884,0,0,1,1
S01E09,277,excluded_name_error,substitute,okarin,green,if we've gone too far earth to <<okarin>> snap out of it silly i want,we've gone too far earth to oak <<green>> snap out of it silly i want,2866,2867,2884,2885,1,0,0,1
S01E09,279,counted_remaining_error,substitute,an ai sword,a nice or,nakano before we head home to get <<an ai sword>> doujinshi 'member wait nakano you can't be,nakano before we head home to get <<a nice or>> doujinshi remember wait nakano you can't be,2884,2887,2902,2905,3,0,0,3
S01E09,281,counted_remaining_error,substitute,'member,remember,home to get an ai sword doujinshi <<'member>> wait nakano you can't be serious you,home to get a nice or doujinshi <<remember>> wait nakano you can't be serious you,2888,2889,2906,2907,1,0,0,1
S01E09,283,counted_remaining_error,insert,,that,you can't be serious you do know <<<gap>>> nakano's not exactly on the way home,you can't be serious you do know <<that>> nakano's not exactly on the way home,2898,2898,2916,2917,0,0,1,1
S01E09,285,counted_remaining_error,insert,,right,nakano's not exactly on the way home <<<gap>>> yeah sure be nice if they opened,nakano's not exactly on the way home <<right>> yeah sure it'd be nice if they,2905,2905,2924,2925,0,0,1,1
S01E09,287,counted_remaining_error,insert,,it'd,exactly on the way home yeah sure <<<gap>>> be nice if they opened up a,on the way home right yeah sure <<it'd>> be nice if they opened up a,2907,2907,2927,2928,0,0,1,1
S01E09,289,counted_remaining_error,insert,,thank you you,goofball sometimes forgotten where we live dude <<<gap>>>,goofball sometimes forgotten where we live dude <<thank you you>>,2944,2944,2965,2968,0,0,3,3
S01E10,1,excluded_name_error,substitute,okarin,ocarine,vanished from the streets of akihabara please <<okarin>> wait for us the hell dude i'm,vanished from the streets of akihabara please <<ocarine>> wait for us what the hell dude,17,18,17,18,1,0,0,1
S01E10,3,counted_remaining_error,insert,,what,of akihabara please okarin wait for us <<<gap>>> the hell dude i'm a hacker not,of akihabara please ocarine wait for us <<what>> the hell dude i'm a hacker not,21,21,21,22,0,0,1,1
S01E10,5,counted_remaining_error,insert,,hacker why'd you run off where,hell dude i'm a hacker not a <<<gap>>> hiker where'd toranoana and animate go huh,hell dude i'm a hacker not a <<hacker why'd you run off where>> toru no ana and animate go huh,29,29,30,36,0,0,6,6
S01E10,6,counted_remaining_error,substitute,hiker where'd toranoana,toru no ana,hell dude i'm a hacker not a <<hiker where'd toranoana>> and animate go huh where're mandarake and,a hacker why'd you run off where <<toru no ana>> and animate go huh where are mandarake,29,32,36,39,3,0,0,3
S01E10,8,counted_remaining_error,insert,,where,hiker where'd toranoana and animate go huh <<<gap>>> where're mandarake and gamers now you're just,toru no ana and animate go huh <<where>> are mandarake and gamers no you're just,36,36,43,44,0,0,1,1
S01E10,9,counted_remaining_error,substitute,where're,are,hiker where'd toranoana and animate go huh <<where're>> mandarake and gamers now you're just being,no ana and animate go huh where <<are>> mandarake and gamers no you're just being,36,37,44,45,1,0,0,1
S01E10,11,counted_remaining_error,substitute,now,no,animate go huh where're mandarake and gamers <<now>> you're just being silly you know we,go huh where are mandarake and gamers <<no>> you're just being silly you know we,40,41,48,49,1,0,0,1
S01E10,13,counted_remaining_error,substitute,doujin,doujins,all the way to nakano for my <<doujin>> wait a sec you still work part,all the way to nakano for my <<doujins>> wait a sec you still work part,68,69,76,77,1,0,0,1
S01E10,15,counted_remaining_error,substitute,may's,mei's,you still work part time at queen <<may's>> don't you huh what's a queen may's,you still work part time at queen <<mei's>> don't you huh what's a queen maze,79,80,87,88,1,0,0,1
S01E10,17,counted_remaining_error,substitute,may's,maze,may's don't you huh what's a queen <<may's>> our favorite maid caf impossible it's quite,mei's don't you huh what's a queen <<maze>> our favorite maid cafe impossible it's quite,86,87,94,95,1,0,0,1
S01E10,19,counted_remaining_error,substitute,caf,cafe,what's a queen may's our favorite maid <<caf>> impossible it's quite alright actually moe culture,what's a queen maze our favorite maid <<cafe>> impossible it's quite alright actually moe culture,90,91,98,99,1,0,0,1
S01E10,21,counted_remaining_error,insert,,thank you thank you thank you,city rewritten by a mere text message <<<gap>>> hard to believe may queen nyan nyan,city rewritten by a mere text message <<thank you thank you thank you>> hard to believe may queen yan yan,130,130,138,144,0,0,6,6
S01E10,23,counted_remaining_error,substitute,nyan nyan,yan yan,text message hard to believe may queen <<nyan nyan>> is no more may queen's a type,thank you hard to believe may queen <<yan yan>> is no more may queen's a type,135,137,149,151,2,0,0,2
S01E10,25,counted_remaining_error,substitute,caf,cafe,it as the name of a maid <<caf>> what are you some tuber savant wait,it as the name of a maid <<cafe>> what are you some tuber savant wait,156,157,170,171,1,0,0,1
S01E10,27,excluded_name_error,substitute,faris,ferris,existed then how did we first meet <<faris>> you can mock my random bits of,existed then how did we first meet <<ferris>> you can mock my random bits of,175,176,189,190,1,0,0,1
S01E10,29,excluded_name_error,substitute,faris,ferris,want but we wouldn't be friends with <<faris>> right now if it weren't for the,want but we wouldn't be friends with <<ferris>> right now if it weren't for the,193,194,207,208,1,0,0,1
S01E10,31,counted_remaining_error,substitute,rai,rye,going to kick some ass in the <<rai>> net tourney in ikebukuro but some bad,going to kick some ass in the <<rye>> net tourney in ikebukuro but some bad,218,219,232,233,1,0,0,1
S01E10,33,excluded_name_error,substitute,faris,ferris,and mayuri filled in for me against <<faris>> got both of your asses kicked in,and mayuri filled in for me against <<ferris>> got both of your asses kicked in,250,251,264,265,1,0,0,1
S01E10,35,counted_remaining_error,insert,,girls,in case you forgot that but the <<<gap>>> girls've been friends ever since so good,in case you forgot that but the <<girls>> have been friends ever since so good,264,264,278,279,0,0,1,1
S01E10,36,counted_remaining_error,substitute,girls've,have,in case you forgot that but the <<girls've>> been friends ever since so good times,case you forgot that but the girls <<have>> been friends ever since so good times,264,265,279,280,1,0,0,1
S01E10,38,counted_remaining_error,insert,,don't,cosplay oh afternoon okabe it's super cute <<<gap>>> don'tcha think whoa sedona so much detail,cosplay oh afternoon okabe it's super cute <<don't>> you think whoa sedona so much detail,343,343,358,359,0,0,1,1
S01E10,39,counted_remaining_error,substitute,don'tcha,you,cosplay oh afternoon okabe it's super cute <<don'tcha>> think whoa sedona so much detail and,oh afternoon okabe it's super cute don't <<you>> think whoa sedona so much detail and,343,344,359,360,1,0,0,1
S01E10,41,excluded_name_error,substitute,kurisu,curusu,beach some weekend you got to come <<kurisu>> school swimsuits for the win i dunno,beach some weekend you got to come <<curusu>> school swimsuits for the win i don't,399,400,415,416,1,0,0,1
S01E10,43,counted_remaining_error,insert,,don't,kurisu school swimsuits for the win i <<<gap>>> dunno us and the perv brigade aww,curusu school swimsuits for the win i <<don't>> know us and the perv brigade aw,406,406,422,423,0,0,1,1
S01E10,44,counted_remaining_error,substitute,dunno,know,kurisu school swimsuits for the win i <<dunno>> us and the perv brigade aww hey,school swimsuits for the win i don't <<know>> us and the perv brigade aw hey,406,407,423,424,1,0,0,1
S01E10,46,counted_remaining_error,substitute,aww,aw,i dunno us and the perv brigade <<aww>> hey i'm not saying we can't go,don't know us and the perv brigade <<aw>> hey i'm not saying we can't go,412,413,429,430,1,0,0,1
S01E10,48,counted_remaining_error,delete,hahaha,,for some beachside fun in the sun <<hahaha>> abandon this charade christina in truth you,for some beachside fun in the sun <<<gap>>> abandon the charade christina in truth you,439,440,456,456,0,1,0,1
S01E10,50,counted_remaining_error,substitute,this,the,beachside fun in the sun hahaha abandon <<this>> charade christina in truth you don't want,some beachside fun in the sun abandon <<the>> charade christina in truth you don't want,441,442,457,458,1,0,0,1
S01E10,52,counted_remaining_error,insert,,poor,were really girls only that would leave <<<gap>>> rukako high and dry huh how so,were really girls only that would leave <<poor>> rukako high and dry huh how so,482,482,498,499,0,0,1,1
S01E10,54,counted_remaining_error,insert,,to you,huh how so as i pointed out <<<gap>>> the other day ruka is shall we,huh how so as i pointed out <<to you>> the other day ruk is shall we,493,493,510,512,0,0,2,2
S01E10,56,excluded_name_error,substitute,ruka,ruk,as i pointed out the other day <<ruka>> is shall we say of the masculine,pointed out to you the other day <<ruk>> is shall we say of the masculine,496,497,515,516,1,0,0,1
S01E10,58,counted_remaining_error,insert,,uh uh huh,we say of the masculine persuasion huh <<<gap>>> what the hell's wrong with you calling,we say of the masculine persuasion huh <<uh uh huh>> what the hell is wrong with you,506,506,525,528,0,0,3,3
S01E10,60,counted_remaining_error,insert,,hell,of the masculine persuasion huh what the <<<gap>>> hell's wrong with you calling her a,persuasion huh uh uh huh what the <<hell>> is wrong with you calling her a,508,508,530,531,0,0,1,1
S01E10,61,counted_remaining_error,substitute,hell's,is,of the masculine persuasion huh what the <<hell's>> wrong with you calling her a boy,huh uh uh huh what the hell <<is>> wrong with you calling her a boy,508,509,531,532,1,0,0,1
S01E10,63,counted_remaining_error,insert,,why,stuff like that dude not cool wait <<<gap>>> why're you crying oh honestly you troglodyte,stuff like that dude not cool wait <<why>> are you crying oh honestly you troglodyte,538,538,561,562,0,0,1,1
S01E10,64,counted_remaining_error,substitute,why're,are,stuff like that dude not cool wait <<why're>> you crying oh honestly you troglodyte apologize,like that dude not cool wait why <<are>> you crying oh honestly you troglodyte apologize,538,539,562,563,1,0,0,1
S01E10,66,counted_remaining_error,delete,put a sock in it,,what else am i supposed to think <<put a sock in it>> you jackass i should go i'm sorry,what else am i supposed to think <<<gap>>> you jackass i should go i'm sorry,592,597,616,616,0,5,0,5
S01E10,68,counted_remaining_error,substitute,y'don't this has,you don't it's,jackass i should go i'm sorry no <<y'don't this has>> gone on long enough if ruka's really,jackass i should go i'm sorry no <<you don't it's>> gone on long enough if rukako's really,605,608,624,627,3,0,0,3
S01E10,70,excluded_name_error,substitute,ruka's,rukako's,this has gone on long enough if <<ruka's>> really the girl you say she is,don't it's gone on long enough if <<rukako's>> really the girl you say she is,613,614,632,633,1,0,0,1
S01E10,72,counted_remaining_error,insert,,just,damn time you look thrashed everything okay <<<gap>>> a little torture nothing a new pair,damn time you look thrashed everything okay <<just>> a little torture nothing a new pair,653,653,672,673,0,0,1,1
S01E10,74,excluded_name_error,insert,,maki,fix tortured i bet it was that <<<gap>>> makise chick yeah but i got it,fix tortured i bet it was that <<maki>> sei chick yeah but i got it,670,670,690,691,0,0,1,1
S01E10,75,excluded_name_error,substitute,makise,sei,fix tortured i bet it was that <<makise>> chick yeah but i got it all,tortured i bet it was that maki <<sei>> chick yeah but i got it all,670,671,691,692,1,0,0,1
S01E10,77,counted_remaining_error,insert,,don't,would have broken but not me i <<<gap>>> dunno that seems pretty darn low on,would have broken but not me i <<don't>> know that seems pretty darn low on,718,718,739,740,0,0,1,1
S01E10,78,counted_remaining_error,substitute,dunno,know,would have broken but not me i <<dunno>> that seems pretty darn low on the,have broken but not me i don't <<know>> that seems pretty darn low on the,718,719,740,741,1,0,0,1
S01E10,80,counted_remaining_error,substitute,torture,torturometer,that seems pretty darn low on the <<torture>> ometer is that so you sound alarmingly,that seems pretty darn low on the <<torturometer>> is that so you sound alarmingly like,726,727,748,749,1,0,0,1
S01E10,81,counted_remaining_error,delete,ometer,,seems pretty darn low on the torture <<ometer>> is that so you sound alarmingly like,seems pretty darn low on the torturometer <<<gap>>> is that so you sound alarmingly like,727,728,749,749,0,1,0,1
S01E10,83,counted_remaining_error,insert,,hmm,you feel like going for a ride <<<gap>>> i did assume you had a second,you feel like going for a ride <<hmm>> i did assume that you had a,769,769,790,791,0,0,1,1
S01E10,85,counted_remaining_error,insert,,that,going for a ride i did assume <<<gap>>> you had a second bike so i,for a ride hmm i did assume <<that>> you had a second bike so i,772,772,794,795,0,0,1,1
S01E10,87,counted_remaining_error,substitute,pin,pen,smoking gun but i have an old <<pin>> of his you might want to think,smoking gun but i have an old <<pen>> of his you might want to think,840,841,863,864,1,0,0,1
S01E10,89,counted_remaining_error,insert,,because,got to be getting to pretty soon <<<gap>>> 'cause y'know i'm a busy girl hell,got to be getting to pretty soon <<because>> you know i'm a busy girl hell,918,918,941,942,0,0,1,1
S01E10,90,counted_remaining_error,substitute,'cause y'know,you know,got to be getting to pretty soon <<'cause y'know>> i'm a busy girl hell if i,to be getting to pretty soon because <<you know>> i'm a busy girl hell if i,918,920,942,944,2,0,0,2
S01E10,92,counted_remaining_error,substitute,double,008,mad scientist henceforth you are lab member <<double>> zero eight resign yourself to being our,mad scientist henceforth you are lab member <<008>> resign yourself to being our newest guinea,972,973,996,997,1,0,0,1
S01E10,93,counted_remaining_error,delete,zero eight,,scientist henceforth you are lab member double <<zero eight>> resign yourself to being our newest guinea,scientist henceforth you are lab member 008 <<<gap>>> resign yourself to being our newest guinea,973,975,997,997,0,2,0,2
S01E10,95,counted_remaining_error,substitute,talk,top,of course for all your world dom <<talk>> you're just a big ol' softie all,of course for all your world dom <<top>> you're just a big ol' softy all,1107,1108,1129,1130,1,0,0,1
S01E10,97,counted_remaining_error,substitute,softie,softy,dom talk you're just a big ol' <<softie>> all right i will now summarize the,dom top you're just a big ol' <<softy>> all right i will now summarize the,1113,1114,1135,1136,1,0,0,1
S01E10,99,counted_remaining_error,substitute,eldhrimnir,eldrimir,will now summarize the basics of operation <<eldhrimnir>> in layman's terms what's with the norse,will now summarize the basics of operation <<eldrimir>> in layman's terms what's with the norse,1124,1125,1146,1147,1,0,0,1
S01E10,101,excluded_name_error,substitute,suzuha,susaha,terms what's with the norse mythology if <<suzuha>> locates her father we'll have a farewell,terms what's with the norse mythology if <<susaha>> locates her father we'll have a farewell,1134,1135,1156,1157,1,0,0,1
S01E10,103,excluded_name_error,substitute,faris,ferris,are you bribing him with food or <<faris>> either way that'll probably work huh but,are you bribing him with food or <<ferris>> either way that'll probably work huh but,1225,1226,1247,1248,1,0,0,1
S01E10,105,excluded_name_error,substitute,faris,ferris,either way that'll probably work huh but <<faris>> told me she couldn't be here tonight,either way that'll probably work huh but <<ferris>> told me she couldn't be here tonight,1233,1234,1255,1256,1,0,0,1
S01E10,107,counted_remaining_error,insert,,actually,willing to look beyond since she's never <<<gap>>> met suzuha but our resident hack's attendance,willing to look beyond since she's never <<actually>> met suza but our resident hacks attendance,1250,1250,1272,1273,0,0,1,1
S01E10,109,excluded_name_error,substitute,suzuha,suza,to look beyond since she's never met <<suzuha>> but our resident hack's attendance is decidedly,look beyond since she's never actually met <<suza>> but our resident hacks attendance is decidedly,1251,1252,1274,1275,1,0,0,1
S01E10,111,counted_remaining_error,substitute,hack's,hacks,she's never met suzuha but our resident <<hack's>> attendance is decidedly mandatory um actually i've,never actually met suza but our resident <<hacks>> attendance is decidedly mandatory um actually i've,1255,1256,1278,1279,1,0,0,1
S01E10,113,counted_remaining_error,substitute,aw,oh,see if her errant parent pops up <<aw>> come on don't go spying on their,see if her errant parent pops up <<oh>> come on don't go spying on their,1303,1304,1326,1327,1,0,0,1
S01E10,115,excluded_name_error,substitute,okarin,ocarine,on their father daughter bonding time yeah <<okarin>> why don't you just come on our,on their father daughter bonding time yeah <<ocarine>> why don't you just come on our,1316,1317,1339,1340,1,0,0,1
S01E10,117,excluded_name_error,substitute,suzuha,suza,on our shopping trip with us following <<suzuha>> is my it's not going to happen,on our shopping trip with us following <<suza>> is my it's not going to happen,1329,1330,1352,1353,1,0,0,1
S01E10,119,excluded_name_error,substitute,okarin,ocarine,we be off is something the matter <<okarin>> it's nothing what in the do you,we be off is something the matter <<ocarine>> it's nothing do you think we should,1373,1374,1396,1397,1,0,0,1
S01E10,121,counted_remaining_error,delete,what in the,,is something the matter okarin it's nothing <<what in the>> do you think we should go with,is something the matter ocarine it's nothing <<<gap>>> do you think we should go with,1376,1379,1399,1399,0,3,0,3
S01E10,123,counted_remaining_error,insert,,cause,with the hot one hmm good idea <<<gap>>> 'cause suzuha's a pretty spicy girl i,with the hot one hmm good idea <<cause>> zuzu has a pretty spicy girl i,1413,1413,1433,1434,0,0,1,1
S01E10,124,excluded_name_error,substitute,'cause suzuha's,zuzu has,with the hot one hmm good idea <<'cause suzuha's>> a pretty spicy girl i betcha she,the hot one hmm good idea cause <<zuzu has>> a pretty spicy girl i bet you,1413,1415,1434,1436,2,0,0,2
S01E10,126,counted_remaining_error,insert,,bet,'cause suzuha's a pretty spicy girl i <<<gap>>> betcha she can't even taste the mild,zuzu has a pretty spicy girl i <<bet>> you she can't even taste the mild,1420,1420,1441,1442,0,0,1,1
S01E10,127,counted_remaining_error,substitute,betcha,you,'cause suzuha's a pretty spicy girl i <<betcha>> she can't even taste the mild stuff,has a pretty spicy girl i bet <<you>> she can't even taste the mild stuff,1420,1421,1442,1443,1,0,0,1
S01E10,129,counted_remaining_error,substitute,doke,dokie,can't even taste the mild stuff okie <<doke>> next stop the meat aisle wow lookit,can't even taste the mild stuff okie <<dokie>> next up the meat aisle wow look,1429,1430,1451,1452,1,0,0,1
S01E10,131,counted_remaining_error,substitute,stop,up,taste the mild stuff okie doke next <<stop>> the meat aisle wow lookit these prices,taste the mild stuff okie dokie next <<up>> the meat aisle wow look at these,1431,1432,1453,1454,1,0,0,1
S01E10,133,counted_remaining_error,insert,,look,doke next stop the meat aisle wow <<<gap>>> lookit these prices they're sure proud of,dokie next up the meat aisle wow <<look>> at these prices they're sure proud of,1436,1436,1458,1459,0,0,1,1
S01E10,134,counted_remaining_error,substitute,lookit,at,doke next stop the meat aisle wow <<lookit>> these prices they're sure proud of their,next up the meat aisle wow look <<at>> these prices they're sure proud of their,1436,1437,1459,1460,1,0,0,1
S01E10,136,excluded_name_error,substitute,okarin,ocarine,they're sure proud of their stuff hey <<okarin>> you've been so quiet all night i,they're sure proud of their stuff hey <<ocarine>> you've been so quiet all night i,1446,1447,1469,1470,1,0,0,1
S01E10,138,counted_remaining_error,substitute,flare,flair,half off sales event lacks in nordic <<flare>> it's me they've sabotaged the beef supply,half off sales event lacks in nordic <<flair>> it's me they've sabotaged the beef supply,1493,1494,1516,1517,1,0,0,1
S01E10,140,counted_remaining_error,substitute,audumbla,audumbly,me they've sabotaged the beef supply operation <<audumbla>> is still viable albeit at a greater,me they've sabotaged the beef supply operation <<audumbly>> is still viable albeit at a greater,1502,1503,1525,1526,1,0,0,1
S01E10,142,excluded_name_error,substitute,okarin,ocarine,the night oh that's venus actually hey <<okarin>> remember back when we were little kids,the night oh that's venus actually hey <<ocarine>> remember back when we were little kids,1529,1530,1552,1553,1,0,0,1
S01E10,144,excluded_name_error,substitute,okarin,ocarine,it went i said don't take my <<okarin>> i said it three times in a,it went i said don't take my <<ocarine>> i said it three times in a,1611,1612,1634,1635,1,0,0,1
S01E10,146,counted_remaining_error,insert,,you,but i kind of saved your life <<<gap>>> y'know sorry but you didn't my surviving,but i kind of saved your life <<you>> know sorry but you didn't my surviving,1648,1648,1671,1672,0,0,1,1
S01E10,147,counted_remaining_error,substitute,y'know,know,but i kind of saved your life <<y'know>> sorry but you didn't my surviving that,i kind of saved your life you <<know>> sorry but you didn't my surviving that,1648,1649,1672,1673,1,0,0,1
S01E10,149,counted_remaining_error,substitute,stein's,steinsgate,surviving that fever was the decision of <<stein's>> gate yeah aw that's no fun i'm,surviving that fever was the decision of <<steinsgate>> yeah aw that's no fun i'm afraid,1661,1662,1685,1686,1,0,0,1
S01E10,150,counted_remaining_error,delete,gate,,that fever was the decision of stein's <<gate>> yeah aw that's no fun i'm afraid,that fever was the decision of steinsgate <<<gap>>> yeah aw that's no fun i'm afraid,1662,1663,1686,1686,0,1,0,1
S01E10,152,counted_remaining_error,substitute,you'd,you've,that the world felt all wiggly like <<you'd>> been zapped by lightning you told me,that the world felt all wiggly like <<you've>> been zapped by lightning you told me,1700,1701,1723,1724,1,0,0,1
S01E10,154,excluded_name_error,substitute,faris's,ferris's,sense anymore when we were back at <<faris's>> your face reminded me of then sick,sense anymore when we were back at <<ferris's>> your face reminded me of then sick,1719,1720,1742,1743,1,0,0,1
S01E10,156,counted_remaining_error,insert,,what,steiner ability hey hey you two huh <<<gap>>> what's that odor assailing my nose oh,steiner ability hey hey you two huh <<what>> is that odor assailing my nose oh,1767,1767,1790,1791,0,0,1,1
S01E10,157,counted_remaining_error,substitute,what's,is,steiner ability hey hey you two huh <<what's>> that odor assailing my nose oh that,ability hey hey you two huh what <<is>> that odor assailing my nose oh that,1767,1768,1791,1792,1,0,0,1
S01E10,159,counted_remaining_error,insert,,oh,to make an apple pie for us <<<gap>>> that stench is dessert i'd love to,to make an apple pie for us <<oh>> that stench is dessert i'd love to,1784,1784,1808,1809,0,0,1,1
S01E10,161,counted_remaining_error,substitute,into,in,let's see ooh i'll just pop them <<into>> the phone wave no mayuri don't they'll,let's see ooh i'll just pop them <<in>> the phone wave no mayuri don't they'll,1815,1816,1840,1841,1,0,0,1
S01E10,163,counted_remaining_error,substitute,aww,aw,there i can take care of it <<aww>> you can chop the mushrooms instead yeah,there i can take care of it <<aw>> you can chop up the mushrooms instead,1832,1833,1857,1858,1,0,0,1
S01E10,165,counted_remaining_error,insert,,up,care of it aww you can chop <<<gap>>> the mushrooms instead yeah yaaaay wait a,care of it aw you can chop <<up>> the mushrooms instead yeah yay wait a,1836,1836,1861,1862,0,0,1,1
S01E10,167,counted_remaining_error,substitute,yaaaay,yay,you can chop the mushrooms instead yeah <<yaaaay>> wait a second what manner of stygian,can chop up the mushrooms instead yeah <<yay>> wait a second what manner of stygian,1840,1841,1866,1867,1,0,0,1
S01E10,169,counted_remaining_error,delete,chop chop chop,,and mushroom salad goes with apple pie <<chop chop chop>> i'm calling a moratorium on the chop,and mushroom salad goes with apple pie <<<gap>>> i'm calling a moratorium on the chop,1881,1884,1907,1907,0,3,0,3
S01E10,171,counted_remaining_error,insert,,out,a moratorium on the chop chop chop <<<gap>>> outta the way woe betide me all,a moratorium on the chop chop chop <<out>> of the way chop chop chop whoa,1893,1893,1916,1917,0,0,1,1
S01E10,172,counted_remaining_error,substitute,outta,of,a moratorium on the chop chop chop <<outta>> the way woe betide me all the,moratorium on the chop chop chop out <<of>> the way chop chop chop whoa betide,1893,1894,1917,1918,1,0,0,1
S01E10,174,counted_remaining_error,insert,,chop chop chop,the chop chop chop outta the way <<<gap>>> woe betide me all the women have,chop chop chop out of the way <<chop chop chop>> whoa betide me all the women have,1896,1896,1920,1923,0,0,3,3
S01E10,175,counted_remaining_error,substitute,woe,whoa,the chop chop chop outta the way <<woe>> betide me all the women have turned,out of the way chop chop chop <<whoa>> betide me all the women have turned,1896,1897,1923,1924,1,0,0,1
S01E10,177,counted_remaining_error,substitute,loved,love,time please tell my parents that i <<loved>> them right up until the bitter end,time please tell my parents that i <<love>> them right up until the bitter end,1924,1925,1951,1952,1,0,0,1
S01E10,179,counted_remaining_error,substitute,'scuse,excuse,them right up until the bitter end <<'scuse>> me okabe is there a rice cooker,them right up until the bitter end <<excuse>> me okabe is there a rice cooker,1932,1933,1959,1960,1,0,0,1
S01E10,181,counted_remaining_error,substitute,heeeere's,here's,is there a rice cooker in here <<heeeere's>> daru wait a sec where's faris sorry,is there a rice cooker in here <<here's>> daru wait a sec where's ferris sorry,1942,1943,1969,1970,1,0,0,1
S01E10,183,excluded_name_error,substitute,faris,ferris,here heeeere's daru wait a sec where's <<faris>> sorry she can't make it to our,here here's daru wait a sec where's <<ferris>> sorry she can't make it to our,1948,1949,1975,1976,1,0,0,1
S01E10,185,counted_remaining_error,insert,,you,what son of a man you suck <<<gap>>> y'know truth is a very subjective phenomenon,what son of a man you suck <<you>> know truth is a very subjective phenomenon,1976,1976,2003,2004,0,0,1,1
S01E10,186,counted_remaining_error,substitute,y'know,know,what son of a man you suck <<y'know>> truth is a very subjective phenomenon fat,son of a man you suck you <<know>> truth is a very subjective phenomenon fat,1976,1977,2004,2005,1,0,0,1
S01E10,188,counted_remaining_error,substitute,meet,meetup,does me i skipped my time travel <<meet>> up for this time travel meet up,does me i skipped my time travel <<meetup>> for this time travel meetup don't judge,1995,1996,2023,2024,1,0,0,1
S01E10,189,counted_remaining_error,delete,up,,me i skipped my time travel meet <<up>> for this time travel meet up don't,me i skipped my time travel meetup <<<gap>>> for this time travel meetup don't judge,1996,1997,2024,2024,0,1,0,1
S01E10,191,counted_remaining_error,substitute,meet,meetup,travel meet up for this time travel <<meet>> up don't judge it's just a bunch,time travel meetup for this time travel <<meetup>> don't judge it's just a bunch of,2001,2002,2028,2029,1,0,0,1
S01E10,192,counted_remaining_error,delete,up,,meet up for this time travel meet <<up>> don't judge it's just a bunch of,travel meetup for this time travel meetup <<<gap>>> don't judge it's just a bunch of,2002,2003,2029,2029,0,1,0,1
S01E10,194,counted_remaining_error,substitute,kit,kid,as a guest tonight too this little <<kit>> is so cute what do you keep,as a guest tonight too this little <<kid>> is so cute what do you keep,2031,2032,2057,2058,1,0,0,1
S01E10,196,counted_remaining_error,substitute,moad,mode,that ruka it's future gadget numero four <<moad>> snake is that a claymore no no,that ruka it's future gadget numero four <<mode>> snake is that a claymore no no,2052,2053,2078,2079,1,0,0,1
S01E10,198,counted_remaining_error,insert,,ah,here we go no don't pull that <<<gap>>> i'm so sorry you guys what's done,here we go no don't pull that <<ah>> i'm so sorry you guys what's done,2078,2078,2104,2105,0,0,1,1
S01E10,200,counted_remaining_error,substitute,all,alright,watch what you touch from now on <<all>> right hey this might help with the,watch what you touch from now on <<alright>> hey this might help with the cleanup,2095,2096,2122,2123,1,0,0,1
S01E10,201,counted_remaining_error,delete,right,,what you touch from now on all <<right>> hey this might help with the clean,what you touch from now on alright <<<gap>>> hey this might help with the cleanup,2096,2097,2123,2123,0,1,0,1
S01E10,203,counted_remaining_error,substitute,clean,cleanup,right hey this might help with the <<clean>> up a vacuum yeah good thinking guess,alright hey this might help with the <<cleanup>> a vacuum yeah good thinking guess again,2103,2104,2129,2130,1,0,0,1
S01E10,204,counted_remaining_error,delete,up,,hey this might help with the clean <<up>> a vacuum yeah good thinking guess again,hey this might help with the cleanup <<<gap>>> a vacuum yeah good thinking guess again,2104,2105,2130,2130,0,1,0,1
S01E10,206,counted_remaining_error,substitute,'i've,i've,second one number five a k a <<'i've>> connected yet another trifling thing ' a,second one number five a k a <<i've>> connected yet another trifling thing a la,2128,2129,2153,2154,1,0,0,1
S01E10,208,counted_remaining_error,delete,',,a 'i've connected yet another trifling thing <<'>> a la goemon a k a a,a i've connected yet another trifling thing <<<gap>>> a la goemon a k a a,2134,2135,2159,2159,0,1,0,1
S01E10,210,counted_remaining_error,insert,,uh oh,else before you use it otherwise the <<<gap>>> breaker will trip yeah anybody know where,else before you use it otherwise the <<uh oh>> breaker will trip yeah anybody know where,2170,2170,2194,2196,0,0,2,2
S01E10,212,excluded_name_error,delete,what's with that giggle mayuri,,a cucumber so where's the fuse box <<what's with that giggle mayuri>> you're just going to trip over something,a cucumber so where's the fuse box <<<gap>>> you're just going to trip over something,2194,2199,2220,2220,0,5,0,5
S01E10,214,counted_remaining_error,delete,oww,,to trip over something told you so <<oww>> it's by the front door cool thanks,to trip over something told you so <<<gap>>> it's by the front door cool thanks,2209,2210,2230,2230,0,1,0,1
S01E10,216,counted_remaining_error,delete,hmm,,so funny sorry about that it's just <<hmm>> i thought of the lab i work,so funny sorry about that it's just <<<gap>>> i thought of the lab i work,2227,2228,2247,2247,0,1,0,1
S01E10,218,counted_remaining_error,insert,,you,at back in america it's top notch <<<gap>>> y'know we're talking wall to wall geniuses,at back in america it's top notch <<you>> know we're talking wall to wall geniuses,2242,2242,2261,2262,0,0,1,1
S01E10,219,counted_remaining_error,substitute,y'know,know,at back in america it's top notch <<y'know>> we're talking wall to wall geniuses but,back in america it's top notch you <<know>> we're talking wall to wall geniuses but,2242,2243,2262,2263,1,0,0,1
S01E10,221,counted_remaining_error,insert,,huh,i mean i'm still here aren't i <<<gap>>> and you know earlier when you said,i mean i'm still here aren't i <<huh>> and you know earlier when you said,2307,2307,2327,2328,0,0,1,1
S01E10,223,counted_remaining_error,substitute,try,tried,fall on your head wait what i <<try>> to say something nice and that's your,fall on your head wait what i <<tried>> to say something nice and that's your,2336,2337,2357,2358,1,0,0,1
S01E10,225,counted_remaining_error,insert,,just,a night why that little so she's <<<gap>>> going to slink off into the night,a night why that little so she's <<just>> going to slink off into the night,2414,2414,2435,2436,0,0,1,1
S01E10,227,excluded_name_error,substitute,hououin kyoma,oh inkyoma,fatherless and alone not on my watch <<hououin kyoma>> cannot abide this dammit where could she,fatherless and alone not on my watch <<oh inkyoma>> cannot abide this damn it where could,2428,2430,2450,2452,2,0,0,2
S01E10,229,counted_remaining_error,insert,,damn,my watch hououin kyoma cannot abide this <<<gap>>> dammit where could she be of course,my watch oh inkyoma cannot abide this <<damn>> it where could she be of course,2433,2433,2455,2456,0,0,1,1
S01E10,230,counted_remaining_error,substitute,dammit,it,my watch hououin kyoma cannot abide this <<dammit>> where could she be of course i'll,watch oh inkyoma cannot abide this damn <<it>> where could she be of course i'll,2433,2434,2456,2457,1,0,0,1
S01E10,232,excluded_name_error,substitute,suzuha,suzaha,a d mail instructing myself to tail <<suzuha>> this afternoon at all costs but after,a d mail instructing myself to tail <<suzaha>> this afternoon at all costs but after,2449,2450,2472,2473,1,0,0,1
S01E10,234,counted_remaining_error,insert,,ho,trembling in his lab coat i am <<<gap>>> hououin kyoma i look into the abyss,trembling in his lab coat i am <<ho>> huin kyoma i look into the abyss,2500,2500,2523,2524,0,0,1,1
S01E10,235,excluded_name_error,substitute,hououin,huin,trembling in his lab coat i am <<hououin>> kyoma i look into the abyss with,in his lab coat i am ho <<huin>> kyoma i look into the abyss with,2500,2501,2524,2525,1,0,0,1
S01E10,237,counted_remaining_error,insert,,susa,with nary a fear ignore assistant tail <<<gap>>> suzuha whassup it's good to see you're,with nary a fear ignore assistant tail <<susa>> what's up it's good to see you're,2514,2514,2538,2539,0,0,1,1
S01E10,238,excluded_name_error,substitute,suzuha whassup,what's up,with nary a fear ignore assistant tail <<suzuha whassup>> it's good to see you're so hard,nary a fear ignore assistant tail susa <<what's up>> it's good to see you're so hard,2514,2516,2539,2541,2,0,0,2
S01E10,240,counted_remaining_error,substitute,eh,huh,you're so hard at work late night <<eh>> no kidding that party really took on,you're so hard at work late night <<huh>> no kidding that party really took on,2527,2528,2552,2553,1,0,0,1
S01E10,242,counted_remaining_error,substitute,'cause,because,got around to the guinea pig part <<'cause>> i don't have my dad's contact info,got around to the guinea pig part <<because>> i don't have my dad's contact info,2582,2583,2607,2608,1,0,0,1
S01E10,244,counted_remaining_error,substitute,meet,meetup,was just leaving the time travel forum <<meet>> up when you time travel forum meet,was just leaving the time travel forum <<meetup>> when you time travel forum meetup when,2643,2644,2668,2669,1,0,0,1
S01E10,245,counted_remaining_error,delete,up,,just leaving the time travel forum meet <<up>> when you time travel forum meet up,just leaving the time travel forum meetup <<<gap>>> when you time travel forum meetup when,2644,2645,2669,2669,0,1,0,1
S01E10,247,counted_remaining_error,substitute,meet,meetup,meet up when you time travel forum <<meet>> up when you told me your father,forum meetup when you time travel forum <<meetup>> when you told me your father might,2650,2651,2674,2675,1,0,0,1
S01E10,248,counted_remaining_error,delete,up,,up when you time travel forum meet <<up>> when you told me your father might,meetup when you time travel forum meetup <<<gap>>> when you told me your father might,2651,2652,2675,2675,0,1,0,1
S01E10,250,counted_remaining_error,substitute,yup,yep,up somewhere is that what you meant <<yup>> on the message boards he posts under,up somewhere is that what you meant <<yep>> on the message boards he posts under,2667,2668,2690,2691,1,0,0,1
S01E10,252,excluded_name_error,substitute,titor,teeter,boards he posts under the user id <<titor>> wait john titor nuh uh sorry barrel,boards he posts under the user id <<teeter>> wait john teeter nuh uh sorry beryl,2678,2679,2701,2702,1,0,0,1
S01E10,254,excluded_name_error,substitute,titor,teeter,under the user id titor wait john <<titor>> nuh uh sorry barrel it's barrel titor,under the user id teeter wait john <<teeter>> nuh uh sorry beryl it's beryl teeter,2681,2682,2704,2705,1,0,0,1
S01E10,256,counted_remaining_error,substitute,barrel,beryl,titor wait john titor nuh uh sorry <<barrel>> it's barrel titor i told you at,teeter wait john teeter nuh uh sorry <<beryl>> it's beryl teeter i told you at,2685,2686,2708,2709,1,0,0,1
S01E10,258,excluded_name_error,substitute,barrel titor,beryl teeter,john titor nuh uh sorry barrel it's <<barrel titor>> i told you at the party remember,john teeter nuh uh sorry beryl it's <<beryl teeter>> i told you at the party remember,2687,2689,2710,2712,2,0,0,2
S01E10,260,counted_remaining_error,insert,,of,man last night was so much fun <<<gap>>> course it would have been better without,man last night was so much fun <<of>> course it would have been better without,2711,2711,2734,2735,0,0,1,1
S01E10,262,counted_remaining_error,substitute,i,it,in my whole life i felt like <<i>> really fit in come on up whenever,in my whole life i felt like <<it>> really fit in come on up whenever,2768,2769,2792,2793,1,0,0,1
S01E10,264,counted_remaining_error,insert,,feel like,fit in come on up whenever you <<<gap>>> want surely i needn't remind you you,fit in come on up whenever you <<feel like>> it surely i needn't remind you you,2777,2777,2801,2803,0,0,2,2
S01E10,265,counted_remaining_error,substitute,want,it,fit in come on up whenever you <<want>> surely i needn't remind you you are,come on up whenever you feel like <<it>> surely i needn't remind you you are,2777,2778,2803,2804,1,0,0,1
S01E10,267,counted_remaining_error,substitute,ol',old,maybe i'll stick around look for dear <<ol'>> dad a little bit more,maybe i'll stick around look for dear <<old>> dad a little bit more thank you,2799,2800,2825,2826,1,0,0,1
S01E10,269,counted_remaining_error,insert,,thank you thank you you,dear ol' dad a little bit more <<<gap>>>,dear old dad a little bit more <<thank you thank you you>>,2805,2805,2831,2836,0,0,5,5
S01E11,1,counted_remaining_error,insert,,those,doesn't work i'll bust out the guns <<<gap>>> those'll do double o eight is on,doesn't work i'll bust out the guns <<those>> will do 008 is on it you're,41,41,41,42,0,0,1,1
S01E11,2,counted_remaining_error,substitute,those'll,will,doesn't work i'll bust out the guns <<those'll>> do double o eight is on it,work i'll bust out the guns those <<will>> do 008 is on it you're starting,41,42,42,43,1,0,0,1
S01E11,4,counted_remaining_error,substitute,double,008,i'll bust out the guns those'll do <<double>> o eight is on it you're starting,bust out the guns those will do <<008>> is on it you're starting with the,43,44,44,45,1,0,0,1
S01E11,5,counted_remaining_error,delete,o eight,,bust out the guns those'll do double <<o eight>> is on it you're starting with charm,out the guns those will do 008 <<<gap>>> is on it you're starting with the,44,46,45,45,0,2,0,2
S01E11,7,counted_remaining_error,insert,,the,eight is on it you're starting with <<<gap>>> charm can't you tell fire at will,008 is on it you're starting with <<the>> charm right can't you tell fire at,52,52,51,52,0,0,1,1
S01E11,9,counted_remaining_error,insert,,right,is on it you're starting with charm <<<gap>>> can't you tell fire at will target,on it you're starting with the charm <<right>> can't you tell fire at will target,53,53,53,54,0,0,1,1
S01E11,11,counted_remaining_error,insert,,ngh ha,tell fire at will target in sight <<<gap>>> bullseye we're clear begin the experiment what,tell fire at will target in sight <<ngh ha>> bullseye we're clear begin the experiment what,62,62,63,65,0,0,2,2
S01E11,13,counted_remaining_error,delete,are,,hell bastard it didn't work my bad <<are>> they running a damn circus up there,hell bastard it didn't work my bad <<<gap>>> they running a damn circus up there,77,78,80,80,0,1,0,1
S01E11,15,counted_remaining_error,insert,,why,they running a damn circus up there <<<gap>>> why'd it stop they must've heard him,they running a damn circus up there <<why>> did it stop they must have heard,85,85,87,88,0,0,1,1
S01E11,16,counted_remaining_error,substitute,why'd,did,they running a damn circus up there <<why'd>> it stop they must've heard him unless,running a damn circus up there why <<did>> it stop they must have heard him,85,86,88,89,1,0,0,1
S01E11,18,counted_remaining_error,insert,,must,circus up there why'd it stop they <<<gap>>> must've heard him unless are you telling,up there why did it stop they <<must>> have heard him unless are you telling,89,89,92,93,0,0,1,1
S01E11,19,counted_remaining_error,substitute,must've,have,circus up there why'd it stop they <<must've>> heard him unless are you telling me,there why did it stop they must <<have>> heard him unless are you telling me,89,90,93,94,1,0,0,1
S01E11,21,counted_remaining_error,substitute,ya,you,unless are you telling me i'm telling <<ya>> huh for the last time wait so,unless are you telling me i'm telling <<you>> for the last time thank you thank,99,100,103,104,1,0,0,1
S01E11,22,counted_remaining_error,delete,huh,,are you telling me i'm telling ya <<huh>> for the last time wait so let,are you telling me i'm telling you <<<gap>>> for the last time thank you thank,100,101,104,104,0,1,0,1
S01E11,24,counted_remaining_error,insert,,thank you thank you,telling ya huh for the last time <<<gap>>> wait so let me get this straight,i'm telling you for the last time <<thank you thank you>> wait so let me get this straight,105,105,108,112,0,0,4,4
S01E11,26,counted_remaining_error,substitute,mails,mail,lifter all this time and only d <<mails>> sent out while it was on during,lifter all this time and only d <<mail>> sent out while it was on during,130,131,137,138,1,0,0,1
S01E11,28,counted_remaining_error,insert,,you,during business hours actually made it back <<<gap>>> y'know that explains a lot try to,during business hours actually made it back <<you>> know that explains a lot try to,144,144,151,152,0,0,1,1
S01E11,29,counted_remaining_error,substitute,y'know,know,during business hours actually made it back <<y'know>> that explains a lot try to connect,business hours actually made it back you <<know>> that explains a lot try to connect,144,145,152,153,1,0,0,1
S01E11,31,counted_remaining_error,insert,,it,more quietly would you your poor head <<<gap>>> 'twas brains against braun i can't believe,more quietly would you your poor head <<it>> was brains against brawn i can't believe,161,161,169,170,0,0,1,1
S01E11,32,counted_remaining_error,substitute,'twas,was,more quietly would you your poor head <<'twas>> brains against braun i can't believe he,quietly would you your poor head it <<was>> brains against brawn i can't believe he,161,162,170,171,1,0,0,1
S01E11,34,excluded_name_error,substitute,braun,brawn,you your poor head 'twas brains against <<braun>> i can't believe he actually hit me,your poor head it was brains against <<brawn>> i can't believe he actually hit me,164,165,173,174,1,0,0,1
S01E11,36,excluded_name_error,substitute,sern's,certain,down to 36 bytes you do remember <<sern's>> subjects turning to pudding don't you nobody,down to 36 bytes you do remember <<certain>> subjects turning into pudding don't you nobody,251,252,260,261,1,0,0,1
S01E11,38,counted_remaining_error,substitute,to,into,bytes you do remember sern's subjects turning <<to>> pudding don't you nobody likes a braggart,bytes you do remember certain subjects turning <<into>> pudding don't you nobody likes a braggart,254,255,263,264,1,0,0,1
S01E11,40,counted_remaining_error,substitute,work,workaround,to send their memories back as a <<work>> around into their phone no that's the,to send their memories back as a <<workaround>> into their phone no that's the thing,366,367,375,376,1,0,0,1
S01E11,41,counted_remaining_error,delete,around,,send their memories back as a work <<around>> into their phone no that's the thing,send their memories back as a workaround <<<gap>>> into their phone no that's the thing,367,368,376,376,0,1,0,1
S01E11,43,counted_remaining_error,insert,,all,it's me this is the culmination of <<<gap>>> our research the master plan is poised,it's me this is the culmination of <<all>> our research the master plan is poised,428,428,436,437,0,0,1,1
S01E11,45,counted_remaining_error,delete,hmmm,,onto the mind of your former self <<hmmm>> sounds kind of scary to me maybe,onto the mind of your former self <<<gap>>> sounds kind of scary to me maybe,597,598,606,606,0,1,0,1
S01E11,47,counted_remaining_error,substitute,came,come,back any better knowing the future they <<came>> from hopefully a person wouldn't choose to,back any better knowing the future they <<come>> from hopefully a a person wouldn't choose,648,649,656,657,1,0,0,1
S01E11,49,counted_remaining_error,insert,,a,the future they came from hopefully a <<<gap>>> person wouldn't choose to alter too much,the future they come from hopefully a <<a>> person wouldn't choose to alter too much,652,652,660,661,0,0,1,1
S01E11,51,counted_remaining_error,substitute,'cause,cause,you after your memories get sent back <<'cause>> your body's still here is your head,you after your memories get sent back <<cause>> your body's still here is your head,689,690,698,699,1,0,0,1
S01E11,53,counted_remaining_error,delete,hmm,,is your head all empty or what <<hmm>> that's a good question and also y'know,is your head all empty or what <<<gap>>> that's a good question and also you,701,702,710,710,0,1,0,1
S01E11,55,counted_remaining_error,insert,,you,hmm that's a good question and also <<<gap>>> y'know how we're having this conversation right,what that's a good question and also <<you>> know how we're having this conversation right,708,708,716,717,0,0,1,1
S01E11,56,counted_remaining_error,substitute,y'know,know,hmm that's a good question and also <<y'know>> how we're having this conversation right now,that's a good question and also you <<know>> how we're having this conversation right now,708,709,717,718,1,0,0,1
S01E11,58,excluded_name_error,substitute,okarin,ocarine,how we're having this conversation right now <<okarin>> yeah okay so pretend that my brain,how we're having this conversation right now <<ocarine>> yeah okay so pretend that my brain,716,717,725,726,1,0,0,1
S01E11,60,counted_remaining_error,substitute,nuh uh,mm mm,think that i would cry for me <<nuh uh>> for me silly ooh look it's moeka,think that i would cry for me <<mm mm>> for me silly oh look it's malika,804,806,813,815,2,0,0,2
S01E11,62,counted_remaining_error,substitute,ooh,oh,for me nuh uh for me silly <<ooh>> look it's moeka hey moeka shining finger,for me mm mm for me silly <<oh>> look it's malika huh hey malika hey,809,810,818,819,1,0,0,1
S01E11,64,counted_remaining_error,insert,,malika,uh for me silly ooh look it's <<<gap>>> moeka hey moeka shining finger you look,mm for me silly oh look it's <<malika>> huh hey malika hey malika do do,812,812,821,822,0,0,1,1
S01E11,65,excluded_name_error,substitute,moeka,huh,uh for me silly ooh look it's <<moeka>> hey moeka shining finger you look even,for me silly oh look it's malika <<huh>> hey malika hey malika do do do,812,813,822,823,1,0,0,1
S01E11,67,counted_remaining_error,insert,,malika hey malika do do,me silly ooh look it's moeka hey <<<gap>>> moeka shining finger you look even more,silly oh look it's malika huh hey <<malika hey malika do do>> do shining finger you look even more,814,814,824,829,0,0,5,5
S01E11,68,excluded_name_error,substitute,moeka,do,me silly ooh look it's moeka hey <<moeka>> shining finger you look even more serious,huh hey malika hey malika do do <<do>> shining finger you look even more serious,814,815,829,830,1,0,0,1
S01E11,70,counted_remaining_error,insert,,huh,you look even more serious than usual <<<gap>>> did you drop the time travel thing,you look even more serious than usual <<huh>> but you dropped the time travel thing,824,824,839,840,0,0,1,1
S01E11,71,counted_remaining_error,substitute,did,but,you look even more serious than usual <<did>> you drop the time travel thing nope,look even more serious than usual huh <<but>> you dropped the time travel thing nope,824,825,840,841,1,0,0,1
S01E11,73,counted_remaining_error,substitute,drop,dropped,even more serious than usual did you <<drop>> the time travel thing nope we're still,more serious than usual huh but you <<dropped>> the time travel thing nope we're still,826,827,842,843,1,0,0,1
S01E11,75,counted_remaining_error,substitute,an',and,travel thing nope we're still doing it <<an'>> guess what now we can do a,travel thing nope we're still doing it <<and>> guess what now we can do a,836,837,852,853,1,0,0,1
S01E11,77,counted_remaining_error,substitute,awww,aww,someone's memories don't just blurt it out <<awww>> but moeka's a lab member she's double,someone's memories don't just blurt it out <<aww>> but moika's a lab member she's 005,854,855,870,871,1,0,0,1
S01E11,79,excluded_name_error,substitute,moeka's,moika's,don't just blurt it out awww but <<moeka's>> a lab member she's double o five,don't just blurt it out aww but <<moika's>> a lab member she's 005 yeah but,856,857,872,873,1,0,0,1
S01E11,81,counted_remaining_error,substitute,double,005,awww but moeka's a lab member she's <<double>> o five yeah but still huh what,aww but moika's a lab member she's <<005>> yeah but still huh what do you,861,862,877,878,1,0,0,1
S01E11,82,counted_remaining_error,delete,o five,,but moeka's a lab member she's double <<o five>> yeah but still huh what do you,but moika's a lab member she's 005 <<<gap>>> yeah but still huh what do you,862,864,878,878,0,2,0,2
S01E11,84,counted_remaining_error,insert,,are,in time memories uh moeka wait where <<<gap>>> ya going i hope she's okay i,in time memories uh moeka wait where <<are>> you going i hope she's okay i,891,891,905,906,0,0,1,1
S01E11,85,counted_remaining_error,substitute,ya,you,in time memories uh moeka wait where <<ya>> going i hope she's okay i guess,time memories uh moeka wait where are <<you>> going i hope she's okay i guess,891,892,906,907,1,0,0,1
S01E11,87,counted_remaining_error,substitute,akibaoo,akebara,i hope she's okay i guess checking <<akibaoo>> first would make sense heya mayuri i'm,i hope she's okay i guess checking <<akebara>> first would make sense hey amai i'm,900,901,915,916,1,0,0,1
S01E11,89,excluded_name_error,substitute,heya mayuri,hey amai,guess checking akibaoo first would make sense <<heya mayuri>> i'm glad to see you too nae,guess checking akebara first would make sense <<hey amai>> i'm glad to see you too nye,905,907,920,922,2,0,0,2
S01E11,91,excluded_name_error,substitute,nae,nye,mayuri i'm glad to see you too <<nae>> where'd you come from how's it hanging,amai i'm glad to see you too <<nye>> where'd you come from how's it hanging,913,914,928,929,1,0,0,1
S01E11,93,excluded_name_error,substitute,'cause nae,because nye,saying is all anyway we're out here <<'cause nae>> has something to tell you s'that so,saying is all anyway we're out here <<because nye>> has something to tell you is that,978,980,993,995,2,0,0,2
S01E11,95,counted_remaining_error,insert,,is,'cause nae has something to tell you <<<gap>>> s'that so m hmmm i'm sorry my,because nye has something to tell you <<is>> that so mm hmm i'm sorry my,985,985,1000,1001,0,0,1,1
S01E11,96,counted_remaining_error,substitute,s'that,that,'cause nae has something to tell you <<s'that>> so m hmmm i'm sorry my dad,nye has something to tell you is <<that>> so mm hmm i'm sorry my dad,985,986,1001,1002,1,0,0,1
S01E11,98,counted_remaining_error,substitute,m hmmm,mm hmm,has something to tell you s'that so <<m hmmm>> i'm sorry my dad shouldn'ta been so,something to tell you is that so <<mm hmm>> i'm sorry my dad shouldn't have been,987,989,1003,1005,2,0,0,2
S01E11,100,counted_remaining_error,insert,,shouldn't,so m hmmm i'm sorry my dad <<<gap>>> shouldn'ta been so mean before it's okay,so mm hmm i'm sorry my dad <<shouldn't>> have been so mean before it's okay,993,993,1009,1010,0,0,1,1
S01E11,101,counted_remaining_error,substitute,shouldn'ta,have,so m hmmm i'm sorry my dad <<shouldn'ta>> been so mean before it's okay you,mm hmm i'm sorry my dad shouldn't <<have>> been so mean before it's okay you,993,994,1010,1011,1,0,0,1
S01E11,103,counted_remaining_error,insert,,just,before it's okay you tracked me down <<<gap>>> to tell me that aren't you a,before it's okay you tracked me down <<just>> to tell me that aren't you a,1004,1004,1021,1022,0,0,1,1
S01E11,105,excluded_name_error,substitute,okarin,ocarine,considerate little creature aw don't be rude <<okarin>> thank you nae but i've been a,considerate little creature aw don't be rude <<ocarine>> thank you nye but i've been a,1018,1019,1036,1037,1,0,0,1
S01E11,107,excluded_name_error,substitute,nae,nye,aw don't be rude okarin thank you <<nae>> but i've been a thorn in your,aw don't be rude ocarine thank you <<nye>> but i've been a thorn in your,1021,1022,1039,1040,1,0,0,1
S01E11,109,counted_remaining_error,substitute,suuuure,sure,you mean he's a very patient person <<suuuure>> well anyway i'll see both of you,you mean he's a very patient person <<sure>> well anyway i'll see both of you,1060,1061,1078,1079,1,0,0,1
S01E11,111,excluded_name_error,substitute,comima,kamima,i made her an outfit oh yeah <<comima>> is almost upon us yup i can't,i made her an outfit oh yeah <<kamima>> is almost upon us yep i can't,1093,1094,1111,1112,1,0,0,1
S01E11,113,counted_remaining_error,substitute,yup,yep,oh yeah comima is almost upon us <<yup>> i can't wait have a good afternoon,oh yeah kamima is almost upon us <<yep>> i can't wait have a good afternoon,1098,1099,1116,1117,1,0,0,1
S01E11,115,counted_remaining_error,substitute,too too roo,do do do,i can't wait have a good afternoon <<too too roo>> see ya well you want to head,i can't wait have a good afternoon <<do do do>> see ya well you want to head,1106,1109,1124,1127,3,0,0,3
S01E11,117,counted_remaining_error,substitute,knight,nightheart's,for sern christina a sern mole doubtful <<knight>> heart's been busy lately totally how long,for sern christina a sern mole doubtful <<nightheart's>> been busy lately totally how long have,1150,1151,1168,1169,1,0,0,1
S01E11,118,counted_remaining_error,delete,heart's,,sern christina a sern mole doubtful knight <<heart's>> been busy lately totally how long have,sern christina a sern mole doubtful nightheart's <<<gap>>> been busy lately totally how long have,1151,1152,1169,1169,0,1,0,1
S01E11,120,counted_remaining_error,insert,,dina,assistant whatever excellent i dub thee christina <<<gap>>> reigning queen of fan forums i don't,assistant whatever excellent i dub thee christina <<dina>> reigning queen of the fan forums i,1200,1200,1217,1218,0,0,1,1
S01E11,122,counted_remaining_error,insert,,the,i dub thee christina reigning queen of <<<gap>>> fan forums i don't need any more,dub thee christina dina reigning queen of <<the>> fan forums i don't need any more,1203,1203,1221,1222,0,0,1,1
S01E11,124,counted_remaining_error,insert,,zuzaha,a spy ha ha real funny well <<<gap>>> suzuha intimated that you were a sern,a spy ha ha real funny well <<zuzaha>> did intimate that you were a sern,1305,1305,1324,1325,0,0,1,1
S01E11,125,excluded_name_error,substitute,suzuha intimated,did intimate,a spy ha ha real funny well <<suzuha intimated>> that you were a sern operative when,spy ha ha real funny well zuzaha <<did intimate>> that you were a sern operative when,1305,1307,1325,1327,2,0,0,2
S01E11,127,counted_remaining_error,insert,,so,operative when i ran into her earlier <<<gap>>> you know damn well that i'm no,operative when i ran into her earlier <<so>> you know damn well i'm no such,1319,1319,1339,1340,0,0,1,1
S01E11,129,counted_remaining_error,delete,that,,into her earlier you know damn well <<that>> i'm no such thing that girl's being,her earlier so you know damn well <<<gap>>> i'm no such thing that girl's just,1323,1324,1344,1344,0,1,0,1
S01E11,131,counted_remaining_error,insert,,just,that i'm no such thing that girl's <<<gap>>> being ridiculous of course she is anyone,well i'm no such thing that girl's <<just>> being ridiculous of course she is anyone,1330,1330,1350,1351,0,0,1,1
S01E11,133,counted_remaining_error,substitute,could,can,being ridiculous of course she is anyone <<could>> see you're really a spy from the,being ridiculous of course she is anyone <<can>> see you're really a spy from the,1337,1338,1358,1359,1,0,0,1
S01E11,135,counted_remaining_error,delete,all,,evolution of the phone wave you know <<all>> those parts you had me buy oh,evolution of the phone wave you know <<<gap>>> those parts you had me by oh,1380,1381,1401,1401,0,1,0,1
S01E11,137,counted_remaining_error,substitute,buy,by,know all those parts you had me <<buy>> oh yeah that i'll get on it,you know those parts you had me <<by>> oh yeah that i'll get on it,1386,1387,1406,1407,1,0,0,1
S01E11,139,counted_remaining_error,substitute,stuck,struck,dad and i are kind of rough <<stuck>> by lightning on the wind swept veldt,dad and i are kind of rough <<struck>> by lightning on the windswept veld of,1474,1475,1494,1495,1,0,0,1
S01E11,141,counted_remaining_error,substitute,wind swept,windswept veld,of rough stuck by lightning on the <<wind swept>> veldt of arkansas your once doting father,of rough struck by lightning on the <<windswept veld>> of arkansas your once doting father succumbed,1479,1481,1499,1501,2,0,0,2
S01E11,142,counted_remaining_error,delete,veldt,,stuck by lightning on the wind swept <<veldt>> of arkansas your once doting father succumbe,struck by lightning on the windswept veld <<<gap>>> of arkansas your once doting father succumbed,1481,1482,1501,1501,0,1,0,1
S01E11,144,counted_remaining_error,insert,,succumbed to the dark side,veldt of arkansas your once doting father <<<gap>>> succumbe y'know what just forget it tell,veld of arkansas your once doting father <<succumbed to the dark side>> you know what just forget it tell,1488,1488,1507,1512,0,0,5,5
S01E11,145,counted_remaining_error,substitute,succumbe y'know,you know,veldt of arkansas your once doting father <<succumbe y'know>> what just forget it tell me more,doting father succumbed to the dark side <<you know>> what just forget it tell me more,1488,1490,1512,1514,2,0,0,2
S01E11,147,counted_remaining_error,substitute,of,on,papers and winning a bunch of awards <<of>> my own but i didn't care about,papers and winning a bunch of awards <<on>> my own but i didn't care about,1569,1570,1593,1594,1,0,0,1
S01E11,149,counted_remaining_error,substitute,e,email,was our thing we'd share papers over <<e>> mail debating ideas but then the e,was our thing we'd share papers over <<email>> debating ideas but then the email stopped,1590,1591,1614,1615,1,0,0,1
S01E11,150,counted_remaining_error,delete,mail,,our thing we'd share papers over e <<mail>> debating ideas but then the e mails,our thing we'd share papers over email <<<gap>>> debating ideas but then the email stopped,1591,1592,1615,1615,0,1,0,1
S01E11,152,counted_remaining_error,substitute,e,email,e mail debating ideas but then the <<e>> mails stopped suddenly nothing i had been,over email debating ideas but then the <<email>> stopped suddenly nothing i'd been knocking down,1597,1598,1620,1621,1,0,0,1
S01E11,153,counted_remaining_error,delete,mails,,mail debating ideas but then the e <<mails>> stopped suddenly nothing i had been knocking,email debating ideas but then the email <<<gap>>> stopped suddenly nothing i'd been knocking down,1598,1599,1621,1621,0,1,0,1
S01E11,155,counted_remaining_error,substitute,i,i'd,then the e mails stopped suddenly nothing <<i>> had been knocking down his theories one,but then the email stopped suddenly nothing <<i'd>> been knocking down his theories one after,1602,1603,1624,1625,1,0,0,1
S01E11,156,counted_remaining_error,delete,had,,the e mails stopped suddenly nothing i <<had>> been knocking down his theories one after,then the email stopped suddenly nothing i'd <<<gap>>> been knocking down his theories one after,1603,1604,1625,1625,0,1,0,1
S01E11,158,counted_remaining_error,delete,bitch,,on me i'm your dad you little <<bitch>> i don't think he can hate me,on me i'm your dad you little <<<gap>>> i don't think he can hate me,1666,1667,1687,1687,0,1,0,1
S01E11,160,counted_remaining_error,delete,and,,device i'm sure he'll find a way <<and>> that's why you've been dragging your feet,device i'm sure he'll find a way <<<gap>>> that's why you've been dragging your feet,1694,1695,1714,1714,0,1,0,1
S01E11,162,counted_remaining_error,insert,,ho,what other reply should one expect of <<<gap>>> hououin kyoma i shall not rest until,what other reply should one expect of <<ho>> in kioma i shall not rest until,1774,1774,1793,1794,0,0,1,1
S01E11,163,excluded_name_error,substitute,hououin kyoma,in kioma,what other reply should one expect of <<hououin kyoma>> i shall not rest until the world,other reply should one expect of ho <<in kioma>> i shall not rest until the world,1774,1776,1794,1796,2,0,0,2
S01E11,165,counted_remaining_error,substitute,aomori,almeri,is your father now huh oh in <<aomori>> why travel will be expensive but no,is your father now huh oh in <<almeri>> why travel will be expensive but no,1807,1808,1827,1828,1,0,0,1
S01E11,167,counted_remaining_error,substitute,you,you're,see my dad of course we are <<you>> are undoubtedly a top notch scientist but,see my dad of course we are <<you're>> undoubtedly a top notch scientist but my,1840,1841,1860,1861,1,0,0,1
S01E11,168,counted_remaining_error,delete,are,,my dad of course we are you <<are>> undoubtedly a top notch scientist but my,my dad of course we are you're <<<gap>>> undoubtedly a top notch scientist but my,1841,1842,1861,1861,0,1,0,1
S01E11,170,counted_remaining_error,substitute,regret,regrets,ambitions require you to be unfettered by <<regret>> to that end i hououin kyoma will,ambitions require you to be unfettered by <<regrets>> to that end i ho in kyoma,1856,1857,1875,1876,1,0,0,1
S01E11,172,counted_remaining_error,insert,,ho,unfettered by regret to that end i <<<gap>>> hououin kyoma will accompany you and broach,unfettered by regrets to that end i <<ho>> in kyoma will accompany you and broach,1861,1861,1880,1881,0,0,1,1
S01E11,173,excluded_name_error,substitute,hououin,in,unfettered by regret to that end i <<hououin>> kyoma will accompany you and broach the,by regrets to that end i ho <<in>> kyoma will accompany you and broach the,1861,1862,1881,1882,1,0,0,1
S01E11,175,counted_remaining_error,substitute,'twixt,twixt,so as to clear the noxious air <<'twixt>> father and child wait a sec so,so as to clear the noxious air <<twixt>> father and child wait a sec so,1880,1881,1900,1901,1,0,0,1
S01E11,177,counted_remaining_error,insert,,you,well only insofar as what's so funny <<<gap>>> y'know what the trouble is with you,well only insofar as what's so funny <<you>> know what the trouble is with you,1914,1914,1934,1935,0,0,1,1
S01E11,178,counted_remaining_error,substitute,y'know,know,well only insofar as what's so funny <<y'know>> what the trouble is with you sometimes,only insofar as what's so funny you <<know>> what the trouble is with you sometimes,1914,1915,1935,1936,1,0,0,1
S01E11,180,counted_remaining_error,delete,too too roo,,and screaming i doubt you'll have to <<too too roo>> are you okay mayuri those bags look,and screaming i doubt you'll have to <<<gap>>> are you okay maya those bags look,1961,1964,1982,1982,0,3,0,3
S01E11,182,excluded_name_error,substitute,mayuri,maya,to too too roo are you okay <<mayuri>> those bags look really heavy where's that,doubt you'll have to are you okay <<maya>> those bags look really heavy where's that,1967,1968,1985,1986,1,0,0,1
S01E11,184,excluded_name_error,substitute,okarin,ocarine,those bags look really heavy where's that <<okarin>> guy should have tagged along and made,those bags look really heavy where's that <<ocarine>> guy i should have tagged along and,1975,1976,1993,1994,1,0,0,1
S01E11,186,counted_remaining_error,insert,,i,look really heavy where's that okarin guy <<<gap>>> should have tagged along and made himself,look really heavy where's that ocarine guy <<i>> should have tagged along and made himself,1977,1977,1995,1996,0,0,1,1
S01E11,188,counted_remaining_error,substitute,nah,no,have tagged along and made himself useful <<nah>> i'm fine just a little bit farther,have tagged along and made himself useful <<no>> i'm fine just a little bit further,1985,1986,2004,2005,1,0,0,1
S01E11,190,counted_remaining_error,substitute,farther,further,nah i'm fine just a little bit <<farther>> don't give me that crap i wrote,no i'm fine just a little bit <<further>> don't give me that crap i wrote,1992,1993,2011,2012,1,0,0,1
S01E11,192,excluded_name_error,substitute,makise,makisei,don't give me that crap i wrote <<makise>> on here plain as day i assumed,don't give me that crap i wrote <<makisei>> on here plain as day i assumed,2000,2001,2019,2020,1,0,0,1
S01E11,194,excluded_name_error,substitute,makise,makisei,plain as day i assumed it meant <<makise>> pudding you know like a brand name,plain as day i assumed it meant <<makisei>> pudding you know like a brand name,2010,2011,2029,2030,1,0,0,1
S01E11,196,counted_remaining_error,insert,,perhaps,pudding you know like a brand name <<<gap>>> or perhaps some secret code as to,pudding you know like a brand name <<perhaps>> or some secret code as to its,2018,2018,2037,2038,0,0,1,1
S01E11,198,counted_remaining_error,delete,perhaps,,you know like a brand name or <<perhaps>> some secret code as to its pro,know like a brand name perhaps or <<<gap>>> some secret code as to its probiotic,2019,2020,2039,2039,0,1,0,1
S01E11,200,counted_remaining_error,substitute,pro,probiotic,perhaps some secret code as to its <<pro>> biotic properties you are so full of,or some secret code as to its <<probiotic>> properties you are so full of it,2026,2027,2045,2046,1,0,0,1
S01E11,201,counted_remaining_error,delete,biotic,,some secret code as to its pro <<biotic>> properties you are so full of it,some secret code as to its probiotic <<<gap>>> properties you are so full of it,2027,2028,2046,2046,0,1,0,1
S01E11,203,excluded_name_error,substitute,makise,makisei,so full of it who is this <<makise>> chap anyway it's me dammit well see,so full of it who is this <<makisei>> chap anyway it's me damn it well,2038,2039,2056,2057,1,0,0,1
S01E11,205,counted_remaining_error,insert,,damn,is this makise chap anyway it's me <<<gap>>> dammit well see there's the rub if,is this makisei chap anyway it's me <<damn>> it well see there's the rub if,2043,2043,2061,2062,0,0,1,1
S01E11,206,counted_remaining_error,substitute,dammit,it,is this makise chap anyway it's me <<dammit>> well see there's the rub if you'd,this makisei chap anyway it's me damn <<it>> well see there's the rub if only,2043,2044,2062,2063,1,0,0,1
S01E11,208,counted_remaining_error,insert,,only,dammit well see there's the rub if <<<gap>>> you'd only deigned to write christina on,it well see there's the rub if <<only>> you'd deigned to write christina on the,2050,2050,2069,2070,0,0,1,1
S01E11,210,counted_remaining_error,delete,only,,well see there's the rub if you'd <<only>> deigned to write christina on the lid,see there's the rub if only you'd <<<gap>>> deigned to write christina on the lid,2051,2052,2071,2071,0,1,0,1
S01E11,212,counted_remaining_error,substitute,one,won,have avoided this whole pudding fracas you've <<one>> too many aliases i shouldn't have to,have avoided this whole pudding fracas you've <<won>> too many aliases i shouldn't have to,2068,2069,2087,2088,1,0,0,1
S01E11,214,counted_remaining_error,substitute,ya,you,aliases i shouldn't have to write anything <<ya>> big mooch eat your own food wait,aliases i shouldn't have to write anything <<you>> big mooch eat your own food wait,2078,2079,2097,2098,1,0,0,1
S01E11,216,counted_remaining_error,insert,,oh,in triplicate before using the lab's forks <<<gap>>> hey it's me hey whatcha got there,in triplicate before using the lab's forks <<oh>> hey it's me hey what you got,2103,2103,2122,2123,0,0,1,1
S01E11,218,counted_remaining_error,insert,,what,the lab's forks hey it's me hey <<<gap>>> whatcha got there a bunch of cosplay,lab's forks oh hey it's me hey <<what>> you got there a bunch of cosplay,2107,2107,2127,2128,0,0,1,1
S01E11,219,counted_remaining_error,substitute,whatcha,you,the lab's forks hey it's me hey <<whatcha>> got there a bunch of cosplay materials,forks oh hey it's me hey what <<you>> got there a bunch of cosplay materials,2107,2108,2128,2129,1,0,0,1
S01E11,221,counted_remaining_error,substitute,yup,yep,all my sleepover stuff you're crashing here <<yup>> so i figured i'd bring some cosplay,all my sleepover stuff you're crashing here <<yep>> so i figured i'd bring some cosplay,2123,2124,2144,2145,1,0,0,1
S01E11,223,counted_remaining_error,delete,that,,to take a rain check it seems <<that>> we've got a pudding thief running around,to take a rain check it seems <<<gap>>> we've got a pudding thief running around,2180,2181,2201,2201,0,1,0,1
S01E11,225,counted_remaining_error,insert,,ho,we've got a pudding thief running around <<<gap>>> hououin something or other i really can't,we've got a pudding thief running around <<ho>> ween something or other i really can't,2188,2188,2208,2209,0,0,1,1
S01E11,226,excluded_name_error,substitute,hououin,ween,we've got a pudding thief running around <<hououin>> something or other i really can't be,got a pudding thief running around ho <<ween>> something or other i really can't be,2188,2189,2209,2210,1,0,0,1
S01E11,228,counted_remaining_error,insert,,ho,bothered to remember it exactly it's kyoma <<<gap>>> hououin kyoma pay attention oh like you're,bothered to remember it exactly it's kyoma <<ho>> ween kyoma pay attention oh like you're,2203,2203,2224,2225,0,0,1,1
S01E11,229,excluded_name_error,substitute,hououin,ween,bothered to remember it exactly it's kyoma <<hououin>> kyoma pay attention oh like you're such,to remember it exactly it's kyoma ho <<ween>> kyoma pay attention oh like you're such,2203,2204,2225,2226,1,0,0,1
S01E11,231,counted_remaining_error,delete,hmph,,errand boy what speak of the devil <<hmph>> don't get too cocky after all you,errand boy what speak of the devil <<<gap>>> don't get too cocky after all you,2288,2289,2310,2310,0,1,0,1
S01E11,233,counted_remaining_error,substitute,cocky,kaki,scientist yeah says the reigning king of <<cocky>> huh what now oh nothing don't worry,scientist yeah says the reigning king of <<kaki>> huh what now oh nothing don't worry,2308,2309,2329,2330,1,0,0,1
S01E11,235,counted_remaining_error,insert,,come,now oh nothing don't worry about it <<<gap>>> c'mon we got to do this before,now oh nothing don't worry about it <<come>> on we got to do this before,2318,2318,2339,2340,0,0,1,1
S01E11,236,counted_remaining_error,substitute,c'mon,on,now oh nothing don't worry about it <<c'mon>> we got to do this before okabe,oh nothing don't worry about it come <<on>> we got to do this before okabe,2318,2319,2340,2341,1,0,0,1
S01E11,238,counted_remaining_error,insert,,i don't know,assume oh my god mayuri mayuri mayuri <<<gap>>> you i can't believe you you are,assume oh my god mayuri mayuri mayuri <<i don't know>> you i can't believe you you are,2339,2339,2361,2364,0,0,3,3
S01E11,240,counted_remaining_error,insert,,any,us you didn't even remember to get <<<gap>>> snacks what is your problem anyway you,us you didn't even remember to get <<any>> snacks what is your problem anyway you,2380,2380,2405,2406,0,0,1,1
S01E11,242,excluded_name_error,substitute,okarin,ocarine,what is your problem anyway you okay <<okarin>> hey daru i thought you'd gone home,what is your problem anyway you okay <<ocarine>> hey daru i thought you'd gone home,2388,2389,2414,2415,1,0,0,1
S01E11,244,counted_remaining_error,substitute,'cause,because,what's the issue well it's spoken for <<'cause>> we're already connected to sern what so,what's the issue well it's spoken for <<because>> we're already connected to sern what so,2427,2428,2453,2454,1,0,0,1
S01E11,246,counted_remaining_error,substitute,all this,this whole,to sern what so we've been connected <<all this>> time maybe i dunno i'd like to,to sern what so we've been connected <<this whole>> time maybe i don't know i'd like,2438,2440,2464,2466,2,0,0,2
S01E11,248,counted_remaining_error,insert,,don't,been connected all this time maybe i <<<gap>>> dunno i'd like to chalk it up,been connected this whole time maybe i <<don't>> know i'd like to chalk it up,2443,2443,2469,2470,0,0,1,1
S01E11,249,counted_remaining_error,substitute,dunno,know,been connected all this time maybe i <<dunno>> i'd like to chalk it up to,connected this whole time maybe i don't <<know>> i'd like to chalk it up to,2443,2444,2470,2471,1,0,0,1
S01E11,251,counted_remaining_error,substitute,lhc could it be,lac from here so,on the upside we can use the <<lhc could it be>> them we can do that whatcha looking,on the upside we can use the <<lac from here so>> them we can do that what you,2534,2538,2561,2565,4,0,0,4
S01E11,253,counted_remaining_error,insert,,what,it be them we can do that <<<gap>>> whatcha looking at there a problem with,here so them we can do that <<what>> you looking at there a problem with,2543,2543,2570,2571,0,0,1,1
S01E11,254,counted_remaining_error,substitute,whatcha,you,it be them we can do that <<whatcha>> looking at there a problem with your,so them we can do that what <<you>> looking at there a problem with your,2543,2544,2571,2572,1,0,0,1
S01E11,256,counted_remaining_error,insert,,you thank you thank you you,with your phone no no it's nothing <<<gap>>>,with your phone no no it's nothing <<you thank you thank you you>>,2556,2556,2584,2590,0,0,6,6
S01E12,1,counted_remaining_error,substitute,but,though,were brought here by a time machine <<but>> you probably won't remember that yet i,were brought here by a time machine <<though>> you probably won't remember that yet i,19,20,19,20,1,0,0,1
S01E12,3,counted_remaining_error,substitute,world,worldlines,after you through so many mixed up <<world>> lines that i don't even remember how,after you through so many mixed up <<worldlines>> that i don't even remember how far,42,43,42,43,1,0,0,1
S01E12,4,counted_remaining_error,delete,lines,,you through so many mixed up world <<lines>> that i don't even remember how far,you through so many mixed up worldlines <<<gap>>> that i don't even remember how far,43,44,43,43,0,1,0,1
S01E12,6,counted_remaining_error,insert,,of,it was i lost count please i <<<gap>>> 'course the you i followed here is,it was i lost count please i <<of>> course the you i followed here is,59,59,58,59,0,0,1,1
S01E12,7,counted_remaining_error,substitute,'course,course,it was i lost count please i <<'course>> the you i followed here is just,was i lost count please i of <<course>> the you i followed here is just,59,60,59,60,1,0,0,1
S01E12,9,counted_remaining_error,substitute,i,i'm,of a bunch of versions too but <<i>> sure i'm the original version of me,of a bunch of versions too but <<i'm>> sure i'm the original version of me,98,99,98,99,1,0,0,1
S01E12,11,counted_remaining_error,insert,,okay ocarine,million years from now so it's okay <<<gap>>> okarin kurisu's mostly finished setting everything up,million years from now so it's okay <<okay ocarine>> huh kurisu's mostly finished setting everything up,154,154,154,156,0,0,2,2
S01E12,12,excluded_name_error,substitute,okarin,huh,million years from now so it's okay <<okarin>> kurisu's mostly finished setting everything up and,from now so it's okay okay ocarine <<huh>> kurisu's mostly finished setting everything up and,154,155,156,157,1,0,0,1
S01E12,14,counted_remaining_error,substitute,awesome,awesomer,you should come take a look even <<awesome>> er though my cosplay is almost done,you should come take a look even <<awesomer>> though my cosplay is almost done erta,171,172,173,174,1,0,0,1
S01E12,15,counted_remaining_error,delete,er,,should come take a look even awesome <<er>> though my cosplay is almost done huh,should come take a look even awesomer <<<gap>>> though my cosplay is almost done erta,172,173,174,174,0,1,0,1
S01E12,17,counted_remaining_error,insert,,erta ocarine thank you,er though my cosplay is almost done <<<gap>>> huh earth to okarin hey hold this,awesomer though my cosplay is almost done <<erta ocarine thank you>> thank you thank you hey hold this,179,179,180,184,0,0,4,4
S01E12,18,excluded_name_error,substitute,huh earth to okarin,thank you thank you,er though my cosplay is almost done <<huh earth to okarin>> hey hold this a second for me,is almost done erta ocarine thank you <<thank you thank you>> hey hold this a second for me,179,183,184,188,4,0,0,4
S01E12,20,counted_remaining_error,substitute,awww,aw,try to think like you're a clothesline <<awww>> what a pretty ribbon i know right,try to think like you're a clothesline <<aw>> what a pretty ribbon i know right,210,211,215,216,1,0,0,1
S01E12,22,excluded_name_error,substitute,mayushii,mayushi,traipse around in public wearing finished yay <<mayushii>> takes home the gold i beat you,traipse around in public wearing finished yay <<mayushi>> takes home the gold i beat you,258,259,263,264,1,0,0,1
S01E12,24,counted_remaining_error,substitute,genius',genius's,wow definitely looks like something an evil <<genius'>> bunker would have in the armory huh,wow definitely looks like something an evil <<genius's>> bunker would have in the armory huh,300,301,305,306,1,0,0,1
S01E12,26,counted_remaining_error,substitute,hmmm,hmm,bunker would have in the armory huh <<hmmm>> so it works kind of like the,bunker would have in the armory huh <<hmm>> so it works kind of like the,308,309,313,314,1,0,0,1
S01E12,28,counted_remaining_error,substitute,a,the,the phone wave except it comes with <<a>> headset it may not be a masterpiece,the phone wave except it comes with <<the>> headset it may not be a masterpiece,322,323,327,328,1,0,0,1
S01E12,30,counted_remaining_error,substitute,point,24,memory and converts them into terabytes three <<point>> two four terabytes to be exact the,memory and converts them into terabytes three <<24>> terabytes to be exact the phone wave,397,398,402,403,1,0,0,1
S01E12,31,counted_remaining_error,delete,two four,,and converts them into terabytes three point <<two four>> terabytes to be exact the phone wave,and converts them into terabytes three 24 <<<gap>>> terabytes to be exact the phone wave,398,400,403,403,0,2,0,2
S01E12,33,counted_remaining_error,substitute,thirty,36,exact the phone wave can only move <<thirty>> six bytes of data at a time,exact the phone wave can only move <<36>> bytes of data at a time so,410,411,413,414,1,0,0,1
S01E12,34,counted_remaining_error,delete,six,,the phone wave can only move thirty <<six>> bytes of data at a time so,the phone wave can only move 36 <<<gap>>> bytes of data at a time so,411,412,414,414,0,1,0,1
S01E12,36,counted_remaining_error,insert,,ho o,know what you think about it not <<<gap>>> hououin daru yo yo am i to,know what you think about it not <<ho o>> ween daru yo yo am i to,676,676,678,680,0,0,2,2
S01E12,37,excluded_name_error,substitute,hououin,ween,know what you think about it not <<hououin>> daru yo yo am i to understand,you think about it not ho o <<ween>> daru yo yo am i to understand,676,677,680,681,1,0,0,1
S01E12,39,counted_remaining_error,substitute,you've,we've,yo yo am i to understand that <<you've>> yet to puzzle out how we're connected,yo yo am i to understand that <<we've>> yet to puzzle out how we're connected,685,686,689,690,1,0,0,1
S01E12,41,counted_remaining_error,insert,,uh,to conquer time i have to know <<<gap>>> um maybe we can send a gel,to conquer time i have to know <<uh>> um maybe we could send a jilnana,744,744,748,749,0,0,1,1
S01E12,43,counted_remaining_error,substitute,can,could,i have to know um maybe we <<can>> send a gel nana back to the,have to know uh um maybe we <<could>> send a jilnana back to the past,747,748,752,753,1,0,0,1
S01E12,45,counted_remaining_error,substitute,gel,jilnana,know um maybe we can send a <<gel>> nana back to the past to see,uh um maybe we could send a <<jilnana>> back to the past to see if,750,751,755,756,1,0,0,1
S01E12,46,counted_remaining_error,delete,nana,,um maybe we can send a gel <<nana>> back to the past to see if,um maybe we could send a jilnana <<<gap>>> back to the past to see if,751,752,756,756,0,1,0,1
S01E12,48,counted_remaining_error,insert,,huh huh,have memories and ours aren't worth risking <<<gap>>> i think it fair to say we're,have memories and ours aren't worth risking <<huh huh>> i think it fair to say we're,785,785,789,791,0,0,2,2
S01E12,50,excluded_name_error,substitute,hashida's,hashita,do we know what kind of pizza <<hashida's>> ordered no idea well it's not a,do we know what kind of pizza <<hashita>> ordered no idea well it's not a,842,843,848,849,1,0,0,1
S01E12,52,counted_remaining_error,substitute,c'mon you,come on,holy am i looking at ground beef <<c'mon you>> don't like to mix it up a,holy am i looking at ground beef <<come on>> don't you like to mix it up,891,893,897,899,2,0,0,2
S01E12,54,counted_remaining_error,insert,,you,looking at ground beef c'mon you don't <<<gap>>> like to mix it up a little,looking at ground beef come on don't <<you>> like to mix it up a little,894,894,900,901,0,0,1,1
S01E12,56,counted_remaining_error,insert,,bit,like to mix it up a little <<<gap>>> grapefruit's like the equivalent of black anyway,like to mix it up a little <<bit>> grapefruit's like the equivalent of black anyways,901,901,908,909,0,0,1,1
S01E12,58,counted_remaining_error,substitute,anyway,anyways,little grapefruit's like the equivalent of black <<anyway>> it goes with everything excuse me have,bit grapefruit's like the equivalent of black <<anyways>> it goes with everything excuse me have,907,908,915,916,1,0,0,1
S01E12,60,counted_remaining_error,delete,of,,a busy woman like you the trouble <<of>> no thanks those are basically boxes of,a busy woman like you the trouble <<<gap>>> no thanks those are basically boxes of,946,947,954,954,0,1,0,1
S01E12,62,excluded_name_error,substitute,faris,ferris,it okay if we invite ruka and <<faris>> to the party 'cause we kind of,it okay if we invite ruka and <<ferris>> to the party because we kind of,1095,1096,1102,1103,1,0,0,1
S01E12,64,counted_remaining_error,substitute,'cause,because,invite ruka and faris to the party <<'cause>> we kind of already did when did,invite ruka and ferris to the party <<because>> we kind of already did when did,1099,1100,1106,1107,1,0,0,1
S01E12,66,counted_remaining_error,insert,,hmm,to let my mom know oh hell <<<gap>>> dad's going to find out i made,to let my mom know oh hell <<hmm>> dad's going to find out i made,1181,1181,1188,1189,0,0,1,1
S01E12,68,counted_remaining_error,substitute,aomori,almerie,enough deal that we'll have to put <<aomori>> on the back burner for a while,enough deal that we'll have to put <<almerie>> on the back burner for a while,1218,1219,1226,1227,1,0,0,1
S01E12,70,counted_remaining_error,insert,,uh,contact well i i mean sure oh <<<gap>>> i uh wait hold on you owww,contact well i i mean sure oh <<uh>> i uh wait hold on you ow,1272,1272,1280,1281,0,0,1,1
S01E12,72,counted_remaining_error,substitute,owww,ow,oh i uh wait hold on you <<owww>> what are you doing you're so out,uh i uh wait hold on you <<ow>> what are you doing you're so out,1278,1279,1287,1288,1,0,0,1
S01E12,74,counted_remaining_error,substitute,curve,curveballs,touch like you care stop throwing me <<curve>> balls i'm sorry which one of us,touch like you care stop throwing me <<curveballs>> i'm sorry which one of us is,1367,1368,1376,1377,1,0,0,1
S01E12,75,counted_remaining_error,delete,balls,,like you care stop throwing me curve <<balls>> i'm sorry which one of us is,like you care stop throwing me curveballs <<<gap>>> i'm sorry which one of us is,1368,1369,1377,1377,0,1,0,1
S01E12,77,counted_remaining_error,substitute,'cause,because,any words for what you are really <<'cause>> you just hurled a slew of them,any words for what you are really <<because>> you just hurled a slew of them,1406,1407,1414,1415,1,0,0,1
S01E12,79,counted_remaining_error,substitute,sec to,second i'll,salad fit for royalty give me a <<sec to>> toss all the bits together and we'll,salad fit for royalty give me a <<second i'll>> toss the bits together and we'll have,1489,1491,1497,1499,2,0,0,2
S01E12,81,counted_remaining_error,delete,all,,royalty give me a sec to toss <<all>> the bits together and we'll have proper,royalty give me a second i'll toss <<<gap>>> the bits together and we'll have proper,1492,1493,1500,1500,0,1,0,1
S01E12,83,counted_remaining_error,substitute,noms,numbers,the bits together and we'll have proper <<noms>> you let her buy produce i tried,the bits together and we'll have proper <<numbers>> you let her buy produce i tried,1500,1501,1507,1508,1,0,0,1
S01E12,85,counted_remaining_error,delete,damn it,,accident the rare miss of a gourmand <<damn it>> i forgot to buy radishes oh well,accident the rare miss of a gourmand <<<gap>>> i forgot to buy radishes oh well,1560,1562,1567,1567,0,2,0,2
S01E12,87,counted_remaining_error,insert,,shallots,i forgot to buy radishes oh well <<<gap>>> shallots'll do okay if i survive this,i forgot to buy radishes oh well <<shallots>> will do okay if i survive this,1569,1569,1574,1575,0,0,1,1
S01E12,88,counted_remaining_error,substitute,shallots'll,will,i forgot to buy radishes oh well <<shallots'll>> do okay if i survive this meal,forgot to buy radishes oh well shallots <<will>> do okay if i survive this meal,1569,1570,1575,1576,1,0,0,1
S01E12,90,counted_remaining_error,delete,i'm back,,of apology to everyone i've ever wronged <<i'm back>> we're saved mayuri darling could you scuttle,of apology to everyone i've ever wronged <<<gap>>> we're saved mayuri darling could you scuttle,1590,1592,1596,1596,0,2,0,2
S01E12,92,counted_remaining_error,insert,,what's,could you scuttle into the kitchen hey <<<gap>>> wassup party people wowza something in here,could you scuttle into the kitchen hey <<what's>> up party people wowza something in here,1603,1603,1607,1608,0,0,1,1
S01E12,93,counted_remaining_error,substitute,wassup,up,could you scuttle into the kitchen hey <<wassup>> party people wowza something in here smells,you scuttle into the kitchen hey what's <<up>> party people wowza something in here smells,1603,1604,1608,1609,1,0,0,1
S01E12,95,counted_remaining_error,substitute,'cause,because,edible did you guys order some pizza <<'cause>> i got chicken tenders too i thought,edible did you guys order some pizza <<because>> i got chicken tenders too i thought,1619,1620,1624,1625,1,0,0,1
S01E12,97,counted_remaining_error,delete,all,,member of this lab mind telling us <<all>> what you're doing here i'm a lab,member of this lab mind telling us <<<gap>>> what you're doing here i'm a lab,1647,1648,1652,1652,0,1,0,1
S01E12,99,excluded_name_error,substitute,sern,serve,she tells people i'm a mole for <<sern>> well hey if the shoe fits wear,she tells people i'm a mole for <<serve>> well hey if the shoe fits wear,1691,1692,1695,1696,1,0,0,1
S01E12,101,counted_remaining_error,substitute,back,backbiter,zombie i did not raise an insolent <<back>> biter you didn't raise me at all,zombie i did not raise an insolent <<backbiter>> you didn't raise me at all freak,1807,1808,1811,1812,1,0,0,1
S01E12,102,counted_remaining_error,delete,biter,,i did not raise an insolent back <<biter>> you didn't raise me at all freak,i did not raise an insolent backbiter <<<gap>>> you didn't raise me at all freak,1808,1809,1812,1812,0,1,0,1
S01E12,104,counted_remaining_error,substitute,appellation,appalachian,freak if you intend to don the <<appellation>> mad scientist you must first subdue your,freak if you intend to don the <<appalachian>> mad scientist you must first subdue your,1822,1823,1825,1826,1,0,0,1
S01E12,106,counted_remaining_error,substitute,part,park,i have no intention of donning it <<part>> timer you can point your finger at,i have no intention of donning it <<park>> timer you can point your finger at,1837,1838,1840,1841,1,0,0,1
S01E12,108,counted_remaining_error,insert,,should,an argument well perhaps i perhaps you <<<gap>>> shoulda just let them cat fight if,an argument well perhaps i perhaps you <<should>> have just let him catfight if you'd,1899,1899,1902,1903,0,0,1,1
S01E12,109,counted_remaining_error,substitute,shoulda,have,an argument well perhaps i perhaps you <<shoulda>> just let them cat fight if you'd,argument well perhaps i perhaps you should <<have>> just let him catfight if you'd like,1899,1900,1903,1904,1,0,0,1
S01E12,111,counted_remaining_error,substitute,them cat,him catfight,perhaps i perhaps you shoulda just let <<them cat>> fight if you'd like to jump in,i perhaps you should have just let <<him catfight>> if you'd like to jump in and,1902,1904,1906,1908,2,0,0,2
S01E12,112,counted_remaining_error,delete,fight,,perhaps you shoulda just let them cat <<fight>> if you'd like to jump in and,you should have just let him catfight <<<gap>>> if you'd like to jump in and,1904,1905,1908,1908,0,1,0,1
S01E12,114,counted_remaining_error,substitute,umm,um,contain this you are more than welcome <<umm>> please stop fighting i really hate it,contain this you are more than welcome <<um>> please stop fighting i really hate it,1921,1922,1924,1925,1,0,0,1
S01E12,116,counted_remaining_error,insert,,the,dilemma the cost of knowing may be <<<gap>>> forfeiture of dessert like i always say,dilemma the cost of knowing may be <<the>> forfeiture of dessert like i always say,1995,1995,1998,1999,0,0,1,1
S01E12,118,counted_remaining_error,insert,,ooh ha ha mu ha ha ha,at the enemy with all you've got <<<gap>>> like a rat in a trap three,at the enemy with all you've got <<ooh ha ha mu ha ha ha>> like a rat in a trap three,2013,2013,2017,2024,0,0,7,7
S01E12,120,excluded_name_error,substitute,okarin,ocarine,game face you're being mean to her <<okarin>> law of the jungle my dear hate,game face you're being mean to her <<ocarine>> law of the jungle my dear hate,2053,2054,2064,2065,1,0,0,1
S01E12,122,counted_remaining_error,substitute,a,of,all links he's not half as shrewd <<a>> player as he'd like everyone to believe,all links he's not half as shrewd <<of>> player as he'd like everyone to believe,2088,2089,2099,2100,1,0,0,1
S01E12,124,counted_remaining_error,delete,ah ha,,to believe take my word for it <<ah ha>> whoa good call damn you underlings are,to believe take my word for it <<<gap>>> whoa good call damn you underlings are,2101,2103,2112,2112,0,2,0,2
S01E12,126,counted_remaining_error,substitute,aww,aw,here let me give you a hand <<aww>> thanks sweetie actually if you wouldn't mind,here let me give you a hand <<aw>> thanks sweetie actually if you wouldn't mind,2141,2142,2150,2151,1,0,0,1
S01E12,128,counted_remaining_error,insert,,some,sweetie actually if you wouldn't mind making <<<gap>>> tea that'd be great you're a doll,sweetie actually if you wouldn't mind making <<some>> tea that'd be great you're a doll,2150,2150,2159,2160,0,0,1,1
S01E12,130,counted_remaining_error,insert,,all of,good but what you said earlier about <<<gap>>> us all liking each other we spend,good but what you said earlier about <<all of>> us liking each other we spend so,2203,2203,2213,2215,0,0,2,2
S01E12,132,counted_remaining_error,delete,all,,but what you said earlier about us <<all>> liking each other we spend so much,you said earlier about all of us <<<gap>>> liking each other we spend so much,2204,2205,2216,2216,0,1,0,1
S01E12,134,counted_remaining_error,substitute,see,know,in the dark you always seem to <<see>> what's important you know okabe never seems,in the dark you always seem to <<know>> what's important huh you know okabe never,2248,2249,2259,2260,1,0,0,1
S01E12,136,counted_remaining_error,insert,,huh,you always seem to see what's important <<<gap>>> you know okabe never seems more himself,you always seem to know what's important <<huh>> you know okabe never seems more himself,2251,2251,2262,2263,0,0,1,1
S01E12,138,counted_remaining_error,substitute,aww,aw,of creepy to tell you the truth <<aww>> that's not a very nice thing to,of creepy to tell you the truth <<aw>> that's not a very nice thing to,2275,2276,2287,2288,1,0,0,1
S01E12,140,counted_remaining_error,substitute,nah,no,going to give you the cherry but <<nah>> i will marshal my forces for round,going to give you the cherry but <<no>> i will marshal my forces for round,2319,2320,2331,2332,1,0,0,1
S01E12,142,excluded_name_error,substitute,okarin,ocarine,this one i can manage the tea <<okarin>> what on earth are you doing heh,this one i can manage the tea <<ocarine>> what on earth are you doing it's,2352,2353,2364,2365,1,0,0,1
S01E12,144,counted_remaining_error,delete,heh,,okarin what on earth are you doing <<heh>> it's dark i couldn't find a flashlight,ocarine what on earth are you doing <<<gap>>> it's dark i couldn't find a flashlight,2359,2360,2371,2371,0,1,0,1
S01E12,146,counted_remaining_error,delete,huh,,you're holding and it has nostalgic value <<huh>> plus it's nice and shiny you having,you're holding and it has nostalgic value <<<gap>>> plus it's nice and shiny you having,2382,2383,2393,2393,0,1,0,1
S01E12,148,counted_remaining_error,substitute,are,were,pizza was super tasty suzuha and kurisu <<are>> getting along hmph peachy we have a,pizza was super tasty suzuha and kurisu <<were>> getting along peachy we have a whole,2405,2406,2415,2416,1,0,0,1
S01E12,150,counted_remaining_error,delete,hmph,,tasty suzuha and kurisu are getting along <<hmph>> peachy we have a whole bunch of,tasty suzuha and kurisu were getting along <<<gap>>> peachy we have a whole bunch of,2408,2409,2418,2418,0,1,0,1
S01E12,152,counted_remaining_error,insert,,yeah,here is that a fact oh yeah <<<gap>>> we need uh well new dishes more,here is that a fact oh yeah <<yeah>> we need uh well new dishes more,2443,2443,2452,2453,0,0,1,1
S01E12,154,counted_remaining_error,substitute,discoveries,discovery,time once we've gone public with our <<discoveries>> somebody's bound to pay us handsomely then,time once we've gone public with our <<discovery>> somebody's bound to pay us handsomely then,2466,2467,2476,2477,1,0,0,1
S01E12,156,counted_remaining_error,insert,,hmm,tenders mayhap i'll take it under advisement <<<gap>>> it's funny how much things have changed,tenders mayhap i'll take it under advisement <<hmm>> it's funny how much things have changed,2528,2528,2538,2539,0,0,1,1
S01E12,158,excluded_name_error,insert,,maki,your computer then daru came along and <<<gap>>> makise too ruka came on board then,your computer then daru came along and <<maki>> sei too ruka came on board then,2569,2569,2580,2581,0,0,1,1
S01E12,159,excluded_name_error,substitute,makise,sei,your computer then daru came along and <<makise>> too ruka came on board then suzuha,computer then daru came along and maki <<sei>> too ruka came on board then suzuha,2569,2570,2581,2582,1,0,0,1
S01E12,161,excluded_name_error,substitute,faris,ferris,came on board then suzuha moeka and <<faris>> even mr braun and nae are like,came on board then suzuha moeka and <<ferris>> even mr brandon and i are like,2579,2580,2591,2592,1,0,0,1
S01E12,163,excluded_name_error,substitute,braun,brandon,then suzuha moeka and faris even mr <<braun>> and nae are like family now i,then suzuha moeka and ferris even mr <<brandon>> and i are like family now i,2582,2583,2594,2595,1,0,0,1
S01E12,165,excluded_name_error,substitute,nae,i,moeka and faris even mr braun and <<nae>> are like family now i suppose so,moeka and ferris even mr brandon and <<i>> are like family now i suppose so,2584,2585,2596,2597,1,0,0,1
S01E12,167,counted_remaining_error,substitute,somethin's,something's,your hostage hey guys come back in <<somethin's>> going on with the trains developments on,your hostage hey guys come back in <<something's>> going on with the trains developments on,2614,2615,2626,2627,1,0,0,1
S01E12,169,counted_remaining_error,insert,,from,repeat every line traveling to or away <<<gap>>> fr this terrorist crap is so ugh,repeat every line traveling to or away <<from>> the this terrorist crap is so i,2648,2648,2660,2661,0,0,1,1
S01E12,170,counted_remaining_error,substitute,fr,the,repeat every line traveling to or away <<fr>> this terrorist crap is so ugh i,every line traveling to or away from <<the>> this terrorist crap is so i mean,2648,2649,2661,2662,1,0,0,1
S01E12,172,counted_remaining_error,delete,ugh,,away fr this terrorist crap is so <<ugh>> i mean come on jeez i better,from the this terrorist crap is so <<<gap>>> i mean come on jeez i'd better,2654,2655,2667,2667,0,1,0,1
S01E12,174,counted_remaining_error,substitute,i,i'd,so ugh i mean come on jeez <<i>> better check in at home hey uh,is so i mean come on jeez <<i'd>> better check in at home hey uh,2660,2661,2672,2673,1,0,0,1
S01E12,176,counted_remaining_error,insert,,guys,about that now how deep have you <<<gap>>> hacked into sern well we're pretty much,about that now how deep have you <<guys>> hacked into sern well we're pretty much,2697,2697,2709,2710,0,0,1,1
S01E12,178,counted_remaining_error,substitute,lode,load,pretty much done digging hit the mother <<lode>> a while back what are you talking,pretty much done digging hit the mother <<load>> a while back what are you talking,2709,2710,2722,2723,1,0,0,1
S01E12,180,counted_remaining_error,insert,,all,i've got to get home huh suzu <<<gap>>> alrighty then that was subtle you got,i've got to get home huh suzu <<all>> righty then that was subtle you got,2736,2736,2749,2750,0,0,1,1
S01E12,181,counted_remaining_error,substitute,alrighty,righty,i've got to get home huh suzu <<alrighty>> then that was subtle you got money,got to get home huh suzu all <<righty>> then that was subtle you got money,2736,2737,2750,2751,1,0,0,1
S01E12,183,counted_remaining_error,delete,uhm,,you got money for a cab mayuri <<uhm>> not really no oh no i just,you got money for a cab mayuri <<<gap>>> not really oh no i just wound,2748,2749,2762,2762,0,1,0,1
S01E12,185,counted_remaining_error,delete,no,,for a cab mayuri uhm not really <<no>> oh no i just wound you don't,money for a cab mayuri not really <<<gap>>> oh no i just wound you don't,2751,2752,2764,2764,0,1,0,1
S01E12,187,counted_remaining_error,insert,,who,extra good care of you and everything <<<gap>>> oh god please don't what the hell,extra good care of you and everything <<who>> oh god please don't what the hell,2775,2775,2787,2788,0,0,1,1
S01E12,189,excluded_name_error,substitute,makise,makisei,sern hold on you can't just storm <<makise>> kurisu okabe rintaro hashida itaru you'll be,sern hold on you can't just storm <<makisei>> kurisu okabe rintaro hashida itaru you'll be,2813,2814,2826,2827,1,0,0,1
S01E12,191,counted_remaining_error,insert,,my,itaru you'll be coming with us and <<<gap>>> mayuri i'm sorry the little one isn't,itaru you'll be coming with us and <<my>> yuri i'm sorry the little one isn't,2825,2825,2838,2839,0,0,1,1
S01E12,192,excluded_name_error,substitute,mayuri,yuri,itaru you'll be coming with us and <<mayuri>> i'm sorry the little one isn't needed,you'll be coming with us and my <<yuri>> i'm sorry the little one isn't needed,2825,2826,2839,2840,1,0,0,1
S01E12,194,counted_remaining_error,insert,,f,needed please no i'm begging you for <<<gap>>> fb for for oh god mayuri please,needed please no i'm begging you for <<f>> b for for oh god mayuri please,2839,2839,2853,2854,0,0,1,1
S01E12,195,excluded_name_error,substitute,fb,b,needed please no i'm begging you for <<fb>> for for oh god mayuri please no,please no i'm begging you for f <<b>> for for oh god mayuri please no,2839,2840,2854,2855,1,0,0,1
S01E12,197,counted_remaining_error,insert,,thank you thank you thank you you,is this what the hell is this <<<gap>>>,is this what the hell is this <<thank you thank you thank you you>>,2855,2855,2870,2877,0,0,7,7
S01E13,1,excluded_name_error,substitute,makise,makisei,sern hold on you can't just storm <<makise>> kurisu okabe rintaro hashida itaru you'll be,sern hold on you can't just storm <<makisei>> kurisu okabe rintaro hashida itaru you'll be,14,15,14,15,1,0,0,1
S01E13,3,counted_remaining_error,insert,,my,itaru you'll be coming with us and <<<gap>>> mayuri i'm sorry the little one isn't,itaru you'll be coming with us and <<my>> yuri i'm sorry the little one isn't,26,26,26,27,0,0,1,1
S01E13,4,excluded_name_error,substitute,mayuri,yuri,itaru you'll be coming with us and <<mayuri>> i'm sorry the little one isn't needed,you'll be coming with us and my <<yuri>> i'm sorry the little one isn't needed,26,27,27,28,1,0,0,1
S01E13,6,counted_remaining_error,insert,,to you,kill you if you don't i swear <<<gap>>> on my life you will pay the,kill you if you don't i swear <<to you>> on my life you will pay the,68,68,69,71,0,0,2,2
S01E13,8,counted_remaining_error,insert,,why thank you thank you thank,goddammit do as i say okabe please <<<gap>>> work mayuri's grandma died when we were,goddammit do as i say okabe please <<why thank you thank you thank>> you mayuri's grandma died when we were,113,113,116,122,0,0,6,6
S01E13,9,counted_remaining_error,substitute,work,you,goddammit do as i say okabe please <<work>> mayuri's grandma died when we were young,please why thank you thank you thank <<you>> mayuri's grandma died when we were young,113,114,122,123,1,0,0,1
S01E13,11,counted_remaining_error,insert,,and,there her grandma's pocket watch in hand <<<gap>>> she'd gaze patiently into the sky as,there her grandma's pocket watch in hand <<and>> she'd gaze patiently into the sky as,156,156,165,166,0,0,1,1
S01E13,13,counted_remaining_error,delete,as if,,gaze patiently into the sky as if <<as if>> the woman was coming back for her,gaze patiently into the sky as if <<<gap>>> the woman was coming back for her,164,166,174,174,0,2,0,2
S01E13,15,counted_remaining_error,insert,,oh,i was about to lose her mayuri <<<gap>>> okarin i'm not letting them take you,i was about to lose her mayuri <<oh>> karin i'm not letting them take you,209,209,217,218,0,0,1,1
S01E13,16,excluded_name_error,substitute,okarin,karin,i was about to lose her mayuri <<okarin>> i'm not letting them take you you're,was about to lose her mayuri oh <<karin>> i'm not letting them take you you're,209,210,218,219,1,0,0,1
S01E13,18,counted_remaining_error,substitute,looks pretty cute,you're so crazy,okay grammy hey guys you know what <<looks pretty cute>> huh i've got to get her into,okay grammy hey guys you know what <<you're so crazy>> what's with you did you doze off,290,293,299,302,3,0,0,3
S01E13,19,excluded_name_error,delete,huh i've got to get her into cosplay one of these days i give you permission to hug my oopa cushion is your head all empty or what,,guys you know what looks pretty cute <<huh i've got to get her into cosplay one of these days i give you permission to hug my oopa cushion is your head all empty or what>> what's with you did you doze off,guys you know what you're so crazy <<<gap>>> what's with you did you doze off,293,321,302,302,0,28,0,28
S01E13,21,counted_remaining_error,insert,,o,what time hey chill it's almost five <<<gap>>> o'clock we're going shopping remember shopping but,what time hey chill it's almost five <<o>> 'clock we're going shopping remember shopping but,344,344,325,326,0,0,1,1
S01E13,22,counted_remaining_error,substitute,o'clock,'clock,what time hey chill it's almost five <<o'clock>> we're going shopping remember shopping but i,time hey chill it's almost five o <<'clock>> we're going shopping remember shopping but i,344,345,326,327,1,0,0,1
S01E13,24,counted_remaining_error,insert,,you,too much going on there i hear <<<gap>>> ya the time leap succeeded it's earlier,too much going on there i hear <<you>> so the time leap succeeded it's earlier,375,375,357,358,0,0,1,1
S01E13,25,counted_remaining_error,substitute,ya,so,too much going on there i hear <<ya>> the time leap succeeded it's earlier today,much going on there i hear you <<so>> the time leap succeeded it's earlier today,375,376,358,359,1,0,0,1
S01E13,27,counted_remaining_error,substitute,cancelled,canceled,you going solo the press conference is <<cancelled>> wait cancelled just like that something up,you going solo the press conference is <<canceled>> wait canceled just like that something up,425,426,408,409,1,0,0,1
S01E13,29,counted_remaining_error,substitute,cancelled,canceled,solo the press conference is cancelled wait <<cancelled>> just like that something up dude executive,solo the press conference is canceled wait <<canceled>> just like that something up dude executive,427,428,410,411,1,0,0,1
S01E13,31,counted_remaining_error,substitute,hell,how,to leave okay so just do it <<hell>> was that about he was fine until,to leave okay so just do it <<how>> was that about he was fine until,459,460,442,443,1,0,0,1
S01E13,33,counted_remaining_error,delete,too too roo,,cell phone went off his cell phone <<too too roo>> this is mayushii actually it's my phone,cell phone went off his cell phone <<<gap>>> this is mayushi actually it's my phone,475,478,458,458,0,3,0,3
S01E13,35,excluded_name_error,substitute,mayushii,mayushi,cell phone too too roo this is <<mayushii>> actually it's my phone so leave me,went off his cell phone this is <<mayushi>> actually it's my phone so leave me,480,481,460,461,1,0,0,1
S01E13,37,counted_remaining_error,substitute,ya,you,leave me a message okay i'll call <<ya>> back i don't see any discernible change,leave me a message okay i'll call <<you>> back i don't see any discernible change,493,494,473,474,1,0,0,1
S01E13,39,counted_remaining_error,substitute,clackety,clackity,back to five p m this afternoon <<clackety>> clack look mommy it's the bullet train,back to five p m this afternoon <<clackity>> clack look mommy it's the bullet train,521,522,501,502,1,0,0,1
S01E13,41,excluded_name_error,substitute,suzuha,suzaha,are white honey after this mayuri brings <<suzuha>> to the lab and then do i,are white honey after this mayuri brings <<suzaha>> to the lab and then do i,544,545,524,525,1,0,0,1
S01E13,43,counted_remaining_error,insert,,just,i go to the police no they'll <<<gap>>> toss me into the drunk tank or,i go to the police no they'll <<just>> toss me to the drunk tank or,558,558,538,539,0,0,1,1
S01E13,45,counted_remaining_error,substitute,into,to,to the police no they'll toss me <<into>> the drunk tank or a straightjacket who's,the police no they'll just toss me <<to>> the drunk tank or a straitjacket who's,560,561,541,542,1,0,0,1
S01E13,47,counted_remaining_error,substitute,straightjacket,straitjacket,me into the drunk tank or a <<straightjacket>> who's going to believe me god i,me to the drunk tank or a <<straitjacket>> who's going to believe me god i,566,567,547,548,1,0,0,1
S01E13,49,excluded_name_error,substitute,oh,ruka,three hours left to save her mayuri <<oh>> okabe i mean hey kyoma tell me,three hours left to save her mayuri <<ruka>> okabe i mean hey kyoma tell me,583,584,564,565,1,0,0,1
S01E13,51,excluded_name_error,insert,,mayuri,i mean hey kyoma tell me that <<<gap>>> mayuri's still here i i'm sorry she's,i mean hey kyoma tell me that <<mayuri>> is still here i'm sorry she's already,592,592,573,574,0,0,1,1
S01E13,52,excluded_name_error,substitute,mayuri's,is,i mean hey kyoma tell me that <<mayuri's>> still here i i'm sorry she's already,mean hey kyoma tell me that mayuri <<is>> still here i'm sorry she's already left,592,593,574,575,1,0,0,1
S01E13,54,counted_remaining_error,delete,i,,kyoma tell me that mayuri's still here <<i>> i'm sorry she's already left how long,tell me that mayuri is still here <<<gap>>> i'm sorry she's already left how long,595,596,577,577,0,1,0,1
S01E13,56,counted_remaining_error,delete,uh,,how long ago i need to know <<uh>> about half an hour ago i think,how long ago i need to know <<<gap>>> about half an hour ago i think,608,609,589,589,0,1,0,1
S01E13,58,counted_remaining_error,delete,um,,the lab hasn't she shown up yet <<um>> thanks by the way it was really,the lab hasn't she shown up yet <<<gap>>> thanks by the way it was really,630,631,610,610,0,1,0,1
S01E13,60,counted_remaining_error,substitute,buuut,but,to invite me to your party later <<buuut>> i don't think i'll be able to,to invite me to your party later <<but>> i don't think i'll be able to,648,649,627,628,1,0,0,1
S01E13,62,counted_remaining_error,insert,,here,but she look if she comes back <<<gap>>> you have her call me at once,but she look if she comes back <<here>> you have her call me at once,677,677,656,657,0,0,1,1
S01E13,64,excluded_name_error,substitute,faris's,faris',the hell is she hello you've reached <<faris's>> cell phone leave a meow ssage and,the hell is she hello you've reached <<faris'>> cell phone leave a meow sage and,723,724,703,704,1,0,0,1
S01E13,66,counted_remaining_error,substitute,ssage,sage,reached faris's cell phone leave a meow <<ssage>> and i'll call you ba damn it,reached faris' cell phone leave a meow <<sage>> and i'll call you damn it why,729,730,709,710,1,0,0,1
S01E13,68,counted_remaining_error,delete,ba,,a meow ssage and i'll call you <<ba>> damn it why the hell can't i,a meow sage and i'll call you <<<gap>>> damn it why the hell can't i,734,735,714,714,0,1,0,1
S01E13,70,counted_remaining_error,substitute,at,and,for today i need you to leave <<at>> not till you answer my question did,for today i need you to leave <<and>> not till you answer my question did,765,766,744,745,1,0,0,1
S01E13,72,counted_remaining_error,insert,,how,here from the future yes or no <<<gap>>> how'd you figure it out you answered,here from the future yes or no <<how>> did you figure it out you answered,784,784,763,764,0,0,1,1
S01E13,73,counted_remaining_error,substitute,how'd,did,here from the future yes or no <<how'd>> you figure it out you answered your,from the future yes or no how <<did>> you figure it out you answered your,784,785,764,765,1,0,0,1
S01E13,75,counted_remaining_error,insert,,i didn't know something,out i just connected the dots something <<<gap>>> happened didn't it something bad yeah but,out i just connected the dots something <<i didn't know something>> happened didn't it something bad yeah but,802,802,782,786,0,0,4,4
S01E13,77,counted_remaining_error,substitute,ochanomizu,ochonamizu,odds huh how do i get to <<ochanomizu>> i've got no have you seen mayuri,odds huh how do i get to <<ochonamizu>> have you seen mayuri dial back on,873,874,857,858,1,0,0,1
S01E13,78,counted_remaining_error,delete,i've got no,,huh how do i get to ochanomizu <<i've got no>> have you seen mayuri dial back on,huh how do i get to ochonamizu <<<gap>>> have you seen mayuri dial back on,874,877,858,858,0,3,0,3
S01E13,80,counted_remaining_error,substitute,a,her,the party tonight where was she hang <<a>> right at the corner hey at least,the party tonight where was she hang <<her>> right at the corner hey at least,900,901,881,882,1,0,0,1
S01E13,82,counted_remaining_error,substitute,ochanomizu,ochonamizu,corner hey at least tell me where <<ochanomizu>> is at i'm supposed to take nae,corner hey at least tell me where <<ochonamizu>> is at i'm supposed to take nye,911,912,892,893,1,0,0,1
S01E13,84,excluded_name_error,substitute,nae,nye,ochanomizu is at i'm supposed to take <<nae>> shopping later but sir cue ball didn't,ochonamizu is at i'm supposed to take <<nye>> shopping later but sir q ball didn't,918,919,899,900,1,0,0,1
S01E13,86,counted_remaining_error,substitute,cue,q,to take nae shopping later but sir <<cue>> ball didn't give me a map just,to take nye shopping later but sir <<q>> ball didn't give me a map just,923,924,904,905,1,0,0,1
S01E13,88,excluded_name_error,substitute,nae,nye,a map just ask a policeman keep <<nae>> out as late as you can do,a map just ask a policeman keep <<nye>> out as late as you can do,935,936,916,917,1,0,0,1
S01E13,90,counted_remaining_error,insert,,oh,you on about i'll explain everything later <<<gap>>> thank god mayuri okarin look it's the,you on about i'll explain everything later <<oh>> thank god mayuri ocarine look it's the,958,958,939,940,0,0,1,1
S01E13,92,excluded_name_error,substitute,okarin,ocarine,i'll explain everything later thank god mayuri <<okarin>> look it's the first star of the,explain everything later oh thank god mayuri <<ocarine>> look it's the first star of the,961,962,943,944,1,0,0,1
S01E13,94,counted_remaining_error,insert,,come on,others huh how come i'll explain later <<<gap>>> but i just invited suzuha and daru,others huh how come i'll explain later <<come on>> but i just invited suzuha and daru,1001,1001,983,985,0,0,2,2
S01E13,96,counted_remaining_error,substitute,rememb,remember,he was going to order some pizzas <<rememb>> dammit just do as i say please,he was going to order some pizzas <<remember>> dammit just do as i say please,1016,1017,1000,1001,1,0,0,1
S01E13,98,counted_remaining_error,substitute,leapt,left,all i guess you kind of time <<leapt>> after all huh yes i did it's,all i guess you kind of time <<left>> after all huh yes i did it's,1068,1069,1052,1053,1,0,0,1
S01E13,100,counted_remaining_error,insert,,of,go now i promise i'll explain all <<<gap>>> this yeah i'm sorry guess you just,go now i promise i'll explain all <<of>> this yeah i'm sorry guess you just,1101,1101,1085,1086,0,0,1,1
S01E13,102,counted_remaining_error,insert,,i apologize,a little bit that's all don't apologize <<<gap>>> you've done nothing wrong lotta folks here,a little bit that's all don't apologize <<i apologize>> you've done nothing wrong a lot of,1117,1117,1102,1104,0,0,2,2
S01E13,104,counted_remaining_error,insert,,a lot,all don't apologize you've done nothing wrong <<<gap>>> lotta folks here huh guess it's to,apologize i apologize you've done nothing wrong <<a lot>> of folks here huh guess it's to,1121,1121,1108,1110,0,0,2,2
S01E13,105,counted_remaining_error,substitute,lotta,of,all don't apologize you've done nothing wrong <<lotta>> folks here huh guess it's to be,apologize you've done nothing wrong a lot <<of>> folks here huh guess it's to be,1121,1122,1110,1111,1,0,0,1
S01E13,107,counted_remaining_error,substitute,in,into,the metro a terrorist bomb threat called <<in>> to local authorities just moments ago has,the metro a terrorist bomb threat called <<into>> local authorities just moments ago has shut,1153,1154,1142,1143,1,0,0,1
S01E13,108,counted_remaining_error,delete,to,,metro a terrorist bomb threat called in <<to>> local authorities just moments ago has shut,metro a terrorist bomb threat called into <<<gap>>> local authorities just moments ago has shut,1154,1155,1143,1143,0,1,0,1
S01E13,110,counted_remaining_error,substitute,when,and,shut down every line still no clue <<when>> the trains'll be up and running again,shut down every line still no clue <<and>> the trains will be up and running,1168,1169,1156,1157,1,0,0,1
S01E13,112,counted_remaining_error,insert,,trains,every line still no clue when the <<<gap>>> trains'll be up and running again shut,every line still no clue and the <<trains>> will be up and running again shut,1170,1170,1158,1159,0,0,1,1
S01E13,113,counted_remaining_error,substitute,trains'll,will,every line still no clue when the <<trains'll>> be up and running again shut down,line still no clue and the trains <<will>> be up and running again shut down,1170,1171,1159,1160,1,0,0,1
S01E13,115,counted_remaining_error,insert,,down,is that bad we need to get <<<gap>>> to the subway as quickly as we,is that bad we need to get <<down>> to the subway as quickly as we,1195,1195,1184,1185,0,0,1,1
S01E13,117,counted_remaining_error,substitute,c,can,to the subway as quickly as we <<c>> okabe rintaro yes something the matter you're,to the subway as quickly as we <<can>> okabe rintaro yes something the matter you're,1202,1203,1192,1193,1,0,0,1
S01E13,119,counted_remaining_error,insert,,why,something the matter you're coming with us <<<gap>>> why're you just standing in the middle,something the matter you're coming with us <<why>> are you just standing in the middle,1213,1213,1203,1204,0,0,1,1
S01E13,120,counted_remaining_error,substitute,why're,are,something the matter you're coming with us <<why're>> you just standing in the middle of,the matter you're coming with us why <<are>> you just standing in the middle of,1213,1214,1204,1205,1,0,0,1
S01E13,122,excluded_name_error,delete,okarin,,stop running why are they chasing us <<okarin>> don't worry about me just keep running,stop running why are they chasing us <<<gap>>> don't worry about me just keep running,1241,1242,1232,1232,0,1,0,1
S01E13,124,excluded_name_error,substitute,shiina,shina,about me just keep running reporting that <<shiina>> mayuri has been neutralized there was no,about me just keep running reporting that <<shina>> mayuri has been neutralized there was no,1251,1252,1241,1242,1,0,0,1
S01E13,126,excluded_name_error,substitute,braun's,brown's,have it on good authority that mr <<braun's>> in a vile mood today and he's,have it on good authority that mr <<brown's>> in a vile mood today and he's,1313,1314,1303,1304,1,0,0,1
S01E13,128,counted_remaining_error,insert,,don't,managed to piss him off again i <<<gap>>> dunno i guess but what about mayuri,managed to piss him off again i <<don't>> know i guess but what about mayeri,1339,1339,1329,1330,0,0,1,1
S01E13,129,counted_remaining_error,substitute,dunno,know,managed to piss him off again i <<dunno>> i guess but what about mayuri look,to piss him off again i don't <<know>> i guess but what about mayeri look,1339,1340,1330,1331,1,0,0,1
S01E13,131,excluded_name_error,substitute,mayuri,mayeri,i dunno i guess but what about <<mayuri>> look i plan to tell her about,don't know i guess but what about <<mayeri>> look i planned to tell her about,1345,1346,1336,1337,1,0,0,1
S01E13,133,counted_remaining_error,substitute,plan,planned,guess but what about mayuri look i <<plan>> to tell her about it the point,guess but what about mayeri look i <<planned>> to tell her about it the point,1348,1349,1339,1340,1,0,0,1
S01E13,135,counted_remaining_error,substitute,no,know,to get out of here asap and <<no>> this isn't my idea of a joke,to get out of here asap and <<know>> this isn't my idea of a joke,1367,1368,1358,1359,1,0,0,1
S01E13,137,counted_remaining_error,substitute,they,i,i didn't play that off very well <<they>> have to at least suspect i was,i didn't play that off very well <<i>> have to at least suspect i was,1382,1383,1373,1374,1,0,0,1
S01E13,139,counted_remaining_error,delete,too too roo,,can think whatever the hell they like <<too too roo>> this is mayushii actually it's my phone,can think whatever the hell they like <<<gap>>> this is mayushi actually it's my phone,1417,1420,1408,1408,0,3,0,3
S01E13,141,excluded_name_error,substitute,mayushii,mayushi,they like too too roo this is <<mayushii>> actually it's my phone so leave me,whatever the hell they like this is <<mayushi>> actually it's my phone so leave me,1422,1423,1410,1411,1,0,0,1
S01E13,143,counted_remaining_error,delete,listen,,she's just going back to the lab <<listen>> i am begging you to stop her,she's just going back to the lab <<<gap>>> i am begging you to stop her,1515,1516,1503,1503,0,1,0,1
S01E13,145,counted_remaining_error,substitute,clackety,clackity,her uh okay wait up mayuri huh <<clackety>> clack look mommy it's the bullet train,her uh okay wait up mayuri huh <<clackity>> clack look mommy it's the bullet train,1529,1530,1516,1517,1,0,0,1
S01E13,147,excluded_name_error,substitute,mayuri heya okarin,ayuri hey okarine,kind the bullet trains are white honey <<mayuri heya okarin>> too too roo you didn't have to,kind the bullet trains are white honey <<ayuri hey okarine>> you didn't have to run here silly,1548,1551,1535,1538,3,0,0,3
S01E13,148,counted_remaining_error,delete,too too roo,,trains are white honey mayuri heya okarin <<too too roo>> you didn't have to run here silly,trains are white honey ayuri hey okarine <<<gap>>> you didn't have to run here silly,1551,1554,1538,1538,0,3,0,3
S01E13,150,counted_remaining_error,substitute,re,restitch,did came undone so i'm going to <<re>> stitch it i'll be super quick that's,did came undone so i'm going to <<restitch>> it i'll be super quick that's why,1602,1603,1586,1587,1,0,0,1
S01E13,151,counted_remaining_error,delete,stitch,,came undone so i'm going to re <<stitch>> it i'll be super quick that's why,came undone so i'm going to restitch <<<gap>>> it i'll be super quick that's why,1603,1604,1587,1587,0,1,0,1
S01E13,153,counted_remaining_error,substitute,canc,cancel,party i had to go ahead and <<canc>> i had to postpone it awww how,party i had to go ahead and <<cancel>> i had to postpone it aw how,1648,1649,1631,1632,1,0,0,1
S01E13,155,counted_remaining_error,substitute,awww,aw,and canc i had to postpone it <<awww>> how come the lab is off limits,and cancel i had to postpone it <<aw>> how come the lab is off limits,1654,1655,1637,1638,1,0,0,1
S01E13,157,counted_remaining_error,substitute,let,letdown,it's out of my control that's a <<let>> down i know and i'm sorry but,it's out of my control that's a <<letdown>> i know and i'm sorry but for,1675,1676,1658,1659,1,0,0,1
S01E13,158,counted_remaining_error,delete,down,,out of my control that's a let <<down>> i know and i'm sorry but for,out of my control that's a letdown <<<gap>>> i know and i'm sorry but for,1676,1677,1659,1659,0,1,0,1
S01E13,160,counted_remaining_error,insert,,all,i need you to come with me <<<gap>>> alright but fubuki's hem it's just going,i need you to come with me <<all>> right but fubuki's him it's just going,1693,1693,1675,1676,0,0,1,1
S01E13,161,counted_remaining_error,substitute,alright,right,i need you to come with me <<alright>> but fubuki's hem it's just going to,need you to come with me all <<right>> but fubuki's him it's just going to,1693,1694,1676,1677,1,0,0,1
S01E13,163,counted_remaining_error,substitute,hem,him,to come with me alright but fubuki's <<hem>> it's just going to have to wait,come with me all right but fubuki's <<him>> it's just going to have to wait,1696,1697,1679,1680,1,0,0,1
S01E13,165,counted_remaining_error,insert,,kyo,important okay um is something the matter <<<gap>>> kyoma yeah but we're going to get,important okay um is something the matter <<kyo>> ma yeah but we're going to get,1714,1714,1697,1698,0,0,1,1
S01E13,166,excluded_name_error,substitute,kyoma,ma,important okay um is something the matter <<kyoma>> yeah but we're going to get it,okay um is something the matter kyo <<ma>> yeah but we're going to get it,1714,1715,1698,1699,1,0,0,1
S01E13,168,counted_remaining_error,substitute,that's,that,of you on a trip oh my <<that's>> sudden wow i guess i can help,of you on a trip oh my <<that>> sudden wow i guess i can go,1739,1740,1723,1724,1,0,0,1
S01E13,170,counted_remaining_error,insert,,go,that's sudden wow i guess i can <<<gap>>> help fubuki tomorrow but this is really,that sudden wow i guess i can <<go>> help fubuki tomorrow but this is really,1746,1746,1730,1731,0,0,1,1
S01E13,172,counted_remaining_error,insert,,okay,deal with all that on the way <<<gap>>> now shall we uh kay i'm coming,deal with all that on the way <<okay>> now shall we uh okay i'm coming,1796,1796,1781,1782,0,0,1,1
S01E13,174,counted_remaining_error,substitute,kay,okay,on the way now shall we uh <<kay>> i'm coming wait for me uh hey,the way okay now shall we uh <<okay>> i'm coming wait for me uh hey,1800,1801,1786,1787,1,0,0,1
S01E13,176,counted_remaining_error,substitute,ya,you,yeah have a good time okay see <<ya>> soon ruka aren't we taking the train,yeah have a good time okay see <<you>> soon ruka aren't we taking the train,1815,1816,1801,1802,1,0,0,1
S01E13,178,counted_remaining_error,substitute,'cause,because,soon ruka aren't we taking the train <<'cause>> the station is over there taking the,soon ruka aren't we taking the train <<because>> the station is over there taking the,1823,1824,1809,1810,1,0,0,1
S01E13,180,excluded_name_error,substitute,kurisu,kurosu,plans huh all clear on three just <<kurisu>> oh no i just wound you don't,plans huh all clear on three just <<kurosu>> oh no i just wound you don't,1867,1868,1853,1854,1,0,0,1
S01E13,182,counted_remaining_error,substitute,soubu,sobu,sure is crowded in here huh the <<soubu>> line is shut down so oh is,sure is crowded in here huh the <<sobu>> line is shut down so oh is,1899,1900,1885,1886,1,0,0,1
S01E13,184,counted_remaining_error,insert,,hmm,of bomb threat that's just horrible okarin <<<gap>>> listen there's a bunch of stuff i,of bomb threat that's just horrible okarin <<hmm>> listen there's a bunch of stuff i,1932,1932,1918,1919,0,0,1,1
S01E13,186,counted_remaining_error,substitute,i didn't,thank you,someday someday i know it mayuri surprise <<i didn't>> i didn't mean to i just wanted,someday someday i know it mayuri surprise <<thank you>> i didn't mean to i just wanted,2003,2005,1990,1992,2,0,0,2
S01E13,188,counted_remaining_error,insert,,thank you thank you you,care what it takes i swear it <<<gap>>>,care what it takes i swear it <<thank you thank you you>>,2038,2038,2025,2030,0,0,5,5
S01E14,1,counted_remaining_error,insert,,my,blur now but however hard i tried <<<gap>>> mayuri would always die right in front,blur now but however hard i tried <<my>> yuri would always die right in front,26,26,26,27,0,0,1,1
S01E14,2,excluded_name_error,substitute,mayuri,yuri,blur now but however hard i tried <<mayuri>> would always die right in front of,now but however hard i tried my <<yuri>> would always die right in front of,26,27,27,28,1,0,0,1
S01E14,4,counted_remaining_error,substitute,hold,holdup,did could change its mind what's the <<hold>> up this is ridiculous train lines have,did could change its mind what's the <<holdup>> this is ridiculous train lines have shut,68,69,69,70,1,0,0,1
S01E14,5,counted_remaining_error,delete,up,,could change its mind what's the hold <<up>> this is ridiculous train lines have shut,could change its mind what's the holdup <<<gap>>> this is ridiculous train lines have shut,69,70,70,70,0,1,0,1
S01E14,7,counted_remaining_error,substitute,that's,it's,an alley or something come on man <<that's>> not really an option sorry oh no,an alley or something come on man <<it's>> not really an option sorry oh no,89,90,89,90,1,0,0,1
S01E14,9,counted_remaining_error,insert,,of you,not fair i've taken extra good care <<<gap>>> not again please mayuri shiina mayuri is,not fair i've taken extra good care <<of you>> and everything please mayuri sheena mayuri is,114,114,114,116,0,0,2,2
S01E14,10,counted_remaining_error,substitute,not again,and everything,not fair i've taken extra good care <<not again>> please mayuri shiina mayuri is confirmed dead,i've taken extra good care of you <<and everything>> please mayuri sheena mayuri is confirmed dead,114,116,116,118,2,0,0,2
S01E14,12,excluded_name_error,substitute,shiina,sheena,extra good care not again please mayuri <<shiina>> mayuri is confirmed dead hoe oh een,care of you and everything please mayuri <<sheena>> mayuri is confirmed dead hoowin okabe rintaro,118,119,120,121,1,0,0,1
S01E14,14,counted_remaining_error,substitute,hoe,hoowin,please mayuri shiina mayuri is confirmed dead <<hoe>> oh een okabe rintaro rather has fled,please mayuri sheena mayuri is confirmed dead <<hoowin>> okabe rintaro rather has fled the scene,123,124,125,126,1,0,0,1
S01E14,15,counted_remaining_error,delete,oh een,,mayuri shiina mayuri is confirmed dead hoe <<oh een>> okabe rintaro rather has fled the scene,mayuri sheena mayuri is confirmed dead hoowin <<<gap>>> okabe rintaro rather has fled the scene,124,126,126,126,0,2,0,2
S01E14,17,counted_remaining_error,substitute,stein's,steins,is this is this the choice of <<stein's>> no no it's not get out of,is this is this the choice of <<steins>> no no it's not get out of,158,159,158,159,1,0,0,1
S01E14,19,counted_remaining_error,substitute,stein's,steins,crap is real not the organization not <<stein's>> gate none of it you're an idiot,crap is real not the organization not <<steins>> gate none of it you're an idiot,180,181,180,181,1,0,0,1
S01E14,21,counted_remaining_error,insert,,thank you thank you,gate none of it you're an idiot <<<gap>>> what's the deal explain it to me,gate none of it you're an idiot <<thank you thank you>> what's the deal explain it to me,188,188,188,192,0,0,4,4
S01E14,23,counted_remaining_error,substitute,arc,ark,you working for i just work for <<arc>> rewrite don't play games with me i,you working for i just work for <<ark>> rewrite don't play games with me i,300,301,304,305,1,0,0,1
S01E14,25,counted_remaining_error,substitute,god,goddamn,us okay how because i'm from the <<god>> damn future who are you answer me,us okay how because i'm from the <<goddamn>> future who are you answer me can,332,333,336,337,1,0,0,1
S01E14,26,counted_remaining_error,delete,damn,,okay how because i'm from the god <<damn>> future who are you answer me can,okay how because i'm from the goddamn <<<gap>>> future who are you answer me can,333,334,337,337,0,1,0,1
S01E14,28,excluded_name_error,substitute,ibn,ibm,what our mission is to retrieve the <<ibn>> 5100 haven't you psychos already made off,what our mission is to retrieve the <<ibm>> 5100 haven't you psychos already made off,367,368,370,371,1,0,0,1
S01E14,30,excluded_name_error,substitute,ibn's,ibm's,the lab in the first place the <<ibn's>> not even frigging there i answer me,the lab in the first place the <<ibm's>> not even fricking there i answer me,420,421,423,424,1,0,0,1
S01E14,32,counted_remaining_error,substitute,frigging,fricking,the first place the ibn's not even <<frigging>> there i answer me do you really,the first place the ibm's not even <<fricking>> there i answer me do you really,423,424,426,427,1,0,0,1
S01E14,34,counted_remaining_error,insert,,f,overlords at sern been on to us <<<gap>>> fb is the only authority i'll ever,overlords at sern been on to us <<f>> b is the only authority i'll ever,478,478,481,482,0,0,1,1
S01E14,35,excluded_name_error,substitute,fb,b,overlords at sern been on to us <<fb>> is the only authority i'll ever answer,at sern been on to us f <<b>> is the only authority i'll ever answer,478,479,482,483,1,0,0,1
S01E14,37,counted_remaining_error,insert,,f,and that's what like a splinter cell <<<gap>>> fb is my my everything where am,and that's what like a splinter cell <<f>> b is my my everything where am,494,494,498,499,0,0,1,1
S01E14,38,excluded_name_error,substitute,fb,b,and that's what like a splinter cell <<fb>> is my my everything where am i,that's what like a splinter cell f <<b>> is my my everything where am i,494,495,499,500,1,0,0,1
S01E14,40,excluded_name_error,substitute,titor,teeter,are you or are you not john <<titor>> that's the only explanation that fits no,are you or are you not john <<teeter>> that's the only explanation that fits no,511,512,516,517,1,0,0,1
S01E14,42,counted_remaining_error,insert,,trains,god bomb threat worked like a charm <<<gap>>> trains'll be stalled for a while we're,god bomb threat worked like a charm <<trains>> will be stalled for a while we're,527,527,532,533,0,0,1,1
S01E14,43,counted_remaining_error,substitute,trains'll,will,god bomb threat worked like a charm <<trains'll>> be stalled for a while we're good,bomb threat worked like a charm trains <<will>> be stalled for a while we're good,527,528,533,534,1,0,0,1
S01E14,45,excluded_name_error,substitute,makise,makisei,a while we're good to go secure <<makise>> kurisu and hashida itaru everyone else is,a while we're good to go secure <<makisei>> kurisu and hashida itaru everyone else is,538,539,544,545,1,0,0,1
S01E14,47,counted_remaining_error,insert,,my,hell you ask for just don't kill <<<gap>>> mayuri look i'm sorry i didn't know,hell you ask for just don't kill <<my>> uri look i'm sorry i didn't know,564,564,570,571,0,0,1,1
S01E14,48,excluded_name_error,substitute,mayuri,uri,hell you ask for just don't kill <<mayuri>> look i'm sorry i didn't know what,you ask for just don't kill my <<uri>> look i'm sorry i didn't know what,564,565,571,572,1,0,0,1
S01E14,50,counted_remaining_error,insert,,the,soul about this i swear to god <<<gap>>> commence operation i'm begging you not to,soul about this i swear to god <<the>> rent's operation i'm begging you not to,604,604,611,612,0,0,1,1
S01E14,51,counted_remaining_error,substitute,commence,rent's,soul about this i swear to god <<commence>> operation i'm begging you not to go,about this i swear to god the <<rent's>> operation i'm begging you not to go,604,605,612,613,1,0,0,1
S01E14,53,counted_remaining_error,substitute,clackety,clackity,focus on that party hey wait for <<clackety>> clack look mommy it's the bullet train,focus on that party hey wait for <<clackity>> clack look mommy it's the bullet train,703,704,711,712,1,0,0,1
S01E14,55,excluded_name_error,substitute,oka,okabe,look mommy it's the bullet train ah <<oka>> um i mean kyoma have you seen,look mommy it's the bullet train ah <<okabe>> um i mean kyoma have you seen,712,713,720,721,1,0,0,1
S01E14,57,counted_remaining_error,insert,,like,to invite you to the party tonight <<<gap>>> as we speak she's stopping off at,to invite you to the party tonight <<like>> as we speak she's stopping off at,741,741,749,750,0,0,1,1
S01E14,59,counted_remaining_error,substitute,en,and,her friend's place to fix a hem <<en>> route back to the lab i know,her friend's place to fix a hem <<and>> route back to the lab i know,755,756,764,765,1,0,0,1
S01E14,61,counted_remaining_error,insert,,i know,the lab i know i know everything <<<gap>>> i'm sorry i don't know what to,the lab i know i know everything <<i know>> i'm sorry i don't know what to,766,766,775,777,0,0,2,2
S01E14,63,counted_remaining_error,substitute,leapt,laped,going to happen uh huh you time <<leapt>> didn't you it's it's all my fault,going to happen uh huh you time <<laped>> didn't you it's it's all my fault,813,814,824,825,1,0,0,1
S01E14,65,excluded_name_error,substitute,moeka,molokai,begin with and the one who brought <<moeka>> into our lives i'm the reason that,begin with and the one who brought <<molokai>> into our lives i'm the reason that,861,862,872,873,1,0,0,1
S01E14,67,counted_remaining_error,substitute,humans,human,leap yourself right out of existence altogether <<humans>> beings are time haunted that's what heidegger,leap yourself right out of existence altogether <<human>> beings are time haunted that's what heidegger,913,914,924,925,1,0,0,1
S01E14,69,counted_remaining_error,substitute,lobes,lobe,it's like you're rooting through my frontal <<lobes>> note to self time leaping side effects,it's like you're rooting through my frontal <<lobe>> note to self time leaping side effects,964,965,975,976,1,0,0,1
S01E14,71,counted_remaining_error,insert,,seriously,leaping side effects include the ability to <<<gap>>> freak people out what am i going,leaping side effects include the ability to <<seriously>> freak people out what am i going,976,976,987,988,0,0,1,1
S01E14,73,counted_remaining_error,insert,,just,dying several ideas actually but sitting here <<<gap>>> brooding about them isn't going to do,dying several ideas actually but sitting here <<just>> brooding about them isn't going to do,1011,1011,1023,1024,0,0,1,1
S01E14,75,counted_remaining_error,substitute,i,i'm,isn't going to do anything come on <<i>> am not about to let a friend,isn't going to do anything come on <<i'm>> not about to let a friend get,1021,1022,1034,1035,1,0,0,1
S01E14,76,counted_remaining_error,delete,am,,going to do anything come on i <<am>> not about to let a friend get,going to do anything come on i'm <<<gap>>> not about to let a friend get,1022,1023,1035,1035,0,1,0,1
S01E14,78,counted_remaining_error,insert,,little,on giving the powers that be a <<<gap>>> run for their money right of course,on giving the powers that be a <<little>> run for their money right of course,1073,1073,1085,1086,0,0,1,1
S01E14,80,counted_remaining_error,substitute,set,said,course you are shut up okay i've <<set>> it for about five hours ago around,course you are shut up okay i've <<said>> it for about five hours ago around,1086,1087,1099,1100,1,0,0,1
S01E14,82,counted_remaining_error,substitute,re,retell,everyone to leave once it's finished and <<re>> tell me everything you told me earlier,everyone to leave once it's finished and <<retell>> me everything you told me earlier even,1131,1132,1144,1145,1,0,0,1
S01E14,83,counted_remaining_error,delete,tell,,to leave once it's finished and re <<tell>> me everything you told me earlier even,to leave once it's finished and retell <<<gap>>> me everything you told me earlier even,1132,1133,1145,1145,0,1,0,1
S01E14,85,counted_remaining_error,insert,,are,and i'm bound to believe you eventually <<<gap>>> you sure about that hey i know,and i'm bound to believe you eventually <<are>> you sure about that hey i know,1160,1160,1172,1173,0,0,1,1
S01E14,87,counted_remaining_error,insert,,kick,proud of the fact that i'm a <<<gap>>> kickass research scientist tell me i'm good,proud of the fact that i'm a <<kick>> ass research scientist tell me i'm good,1218,1218,1231,1232,0,0,1,1
S01E14,88,counted_remaining_error,substitute,kickass,ass,proud of the fact that i'm a <<kickass>> research scientist tell me i'm good at,of the fact that i'm a kick <<ass>> research scientist tell me i'm good at,1218,1219,1232,1233,1,0,0,1
S01E14,90,counted_remaining_error,substitute,clothes line,clothesline oh,out try to think like you're a <<clothes line>> aw mayuri what a pretty ribbon i,out try to think like you're a <<clothesline oh>> mayuri what a pretty ribbon i know,1341,1343,1355,1357,2,0,0,2
S01E14,91,counted_remaining_error,delete,aw,,to think like you're a clothes line <<aw>> mayuri what a pretty ribbon i know,to think like you're a clothesline oh <<<gap>>> mayuri what a pretty ribbon i know,1343,1344,1357,1357,0,1,0,1
S01E14,93,counted_remaining_error,insert,,hmm,have other outfits i can compete in <<<gap>>> it is kind of cute got the,have other outfits i can compete in <<hmm>> it is kind of cute got the,1370,1370,1383,1384,0,0,1,1
S01E14,95,excluded_name_error,substitute,mayushii,mayushi,final stitch in her outfit finished yay <<mayushii>> takes the gold i beat you oh,final stitch in her outfit finished yay <<mayushi>> takes home the gold i beat you,1421,1422,1435,1436,1,0,0,1
S01E14,97,counted_remaining_error,insert,,home,in her outfit finished yay mayushii takes <<<gap>>> the gold i beat you oh dear,in her outfit finished yay mayushi takes <<home>> the gold i beat you oh dear,1423,1423,1437,1438,0,0,1,1
S01E14,99,counted_remaining_error,insert,,huh,done we're not going through with it <<<gap>>> crap too sudden what are you talking,done we're not going through with it <<huh>> crap too sudden what are you talking,1457,1457,1472,1473,0,0,1,1
S01E14,101,counted_remaining_error,insert,,this,get your message until after i'd ordered <<<gap>>> just doesn't strike me as the sort,get your message until after i'd ordered <<this>> just doesn't strike me as the sort,1512,1512,1528,1529,0,0,1,1
S01E14,103,counted_remaining_error,insert,,amount of,stop you right there in the short <<<gap>>> time we've known each other have i,stop you right there in the short <<amount of>> time we've known each other have i,1633,1633,1650,1652,0,0,2,2
S01E14,105,counted_remaining_error,substitute,is,as,this way that i'm here at all <<is>> a testament to your ingenuity doesn't that,this way that i'm here at all <<as>> a testament to your ingenuity doesn't that,1669,1670,1688,1689,1,0,0,1
S01E14,107,counted_remaining_error,substitute,is,isn't,so why not damn it future me <<is>> in for such a royal ass kicking,so why not damn it future me <<isn't>> for such a royal ass kicking surely,1742,1743,1761,1762,1,0,0,1
S01E14,108,counted_remaining_error,delete,in,,why not damn it future me is <<in>> for such a royal ass kicking surely,why not damn it future me isn't <<<gap>>> for such a royal ass kicking surely,1743,1744,1762,1762,0,1,0,1
S01E14,110,excluded_name_error,substitute,moeka,moika,tightly on mayuri why not shift to <<moeka>> couldn't she and the rounders be dealt,tightly on mayuri why not shift to <<moika>> couldn't she and the rounders be dealt,1811,1812,1829,1830,1,0,0,1
S01E14,112,counted_remaining_error,insert,,even,the rounders be dealt with before they <<<gap>>> become an issue i've tried that the,the rounders be dealt with before they <<even>> become an issue i've tried that the,1822,1822,1840,1841,0,0,1,1
S01E14,114,counted_remaining_error,insert,,time,back so far as to leave the <<<gap>>> machine unfinished hold on we don't know,back so far as to leave the <<time>> machine unfinished hold on we don't know,2031,2031,2050,2051,0,0,1,1
S01E14,116,counted_remaining_error,insert,,that,machine unfinished hold on we don't know <<<gap>>> the machine isn't just another detail but,machine unfinished hold on we don't know <<that>> the machine isn't just another detail but,2038,2038,2058,2059,0,0,1,1
S01E14,118,counted_remaining_error,delete,to,,you know something if so please just <<to>> tell us you're right not wanting to,you know something if so please just <<<gap>>> tell us you're right not wanting to,2060,2061,2081,2081,0,1,0,1
S01E14,120,counted_remaining_error,insert,,this,my word for it when i say <<<gap>>> this'd be impossible without one you wouldn't,my word for it when i say <<this>> would be impossible without one you wouldn't,2080,2080,2100,2101,0,0,1,1
S01E14,121,counted_remaining_error,substitute,this'd,would,my word for it when i say <<this'd>> be impossible without one you wouldn't have,word for it when i say this <<would>> be impossible without one you wouldn't have,2080,2081,2101,2102,1,0,0,1
S01E14,123,counted_remaining_error,delete,percent,,past the divergence barrier that nagging one <<percent>> gap between world lines attached to the,past the divergence barrier that nagging one <<<gap>>> gap between world lines attached to the,2108,2109,2129,2129,0,1,0,1
S01E14,125,counted_remaining_error,substitute,hats,hat's,a trusty divergence meter nixie tubes my <<hats>> off to the taste of its inventor,a trusty divergence meter nixie tubes my <<hat's>> off to the taste of its inventor,2159,2160,2179,2180,1,0,0,1
S01E14,127,counted_remaining_error,delete,percent,,enough change to push past the one <<percent>> divergence barrier something that'll derail you off,enough change to push past the one <<<gap>>> divergence barrier something that'll derail you off,2337,2338,2357,2357,0,1,0,1
S01E14,129,counted_remaining_error,insert,,down,up a rope ugh fine then wait <<<gap>>> here i'll be back in a second,up a rope ugh fine then wait <<down>> here i'll be back in a second,2383,2383,2402,2403,0,0,1,1
S01E14,131,counted_remaining_error,substitute,shimmy,shimmier,in a second what is she professional <<shimmy>> er perhaps i dunno the coast is,in a second what is she professional <<shimmier>> perhaps i don't know the coast is,2394,2395,2414,2415,1,0,0,1
S01E14,132,counted_remaining_error,delete,er,,a second what is she professional shimmy <<er>> perhaps i dunno the coast is clear,a second what is she professional shimmier <<<gap>>> perhaps i don't know the coast is,2395,2396,2415,2415,0,1,0,1
S01E14,134,counted_remaining_error,insert,,don't,is she professional shimmy er perhaps i <<<gap>>> dunno the coast is clear hop to,what is she professional shimmier perhaps i <<don't>> know the coast is clear hop to,2398,2398,2417,2418,0,0,1,1
S01E14,135,counted_remaining_error,substitute,dunno,know,is she professional shimmy er perhaps i <<dunno>> the coast is clear hop to alpha,is she professional shimmier perhaps i don't <<know>> the coast is clear hop to alpha,2398,2399,2418,2419,1,0,0,1
S01E14,137,counted_remaining_error,substitute,can d,could demail,it's impossible to travel between them you <<can d>> mail or leap all you want it's,it's impossible to travel between them you <<could demail>> or leap all you want it's not,2434,2436,2454,2456,2,0,0,2
S01E14,138,counted_remaining_error,delete,mail,,to travel between them you can d <<mail>> or leap all you want it's not,to travel between them you could demail <<<gap>>> or leap all you want it's not,2436,2437,2456,2456,0,1,0,1
S01E14,140,excluded_name_error,insert,,teeter thank you thank you thank,you and me i post as john <<<gap>>> titor,you and me i post as john <<teeter thank you thank you thank>> you,2606,2606,2625,2631,0,0,6,6
S01E14,141,excluded_name_error,substitute,titor,you,you and me i post as john <<titor>>,john teeter thank you thank you thank <<you>>,2606,2607,2631,2632,1,0,0,1
S01E15,1,excluded_name_error,insert,,teeter thank you thank,you and me i post as john <<<gap>>> titor by the year 2036 sern has,you and me i post as john <<teeter thank you thank>> you by the year 2036 sern has,31,31,31,35,0,0,4,4
S01E15,2,excluded_name_error,substitute,titor,you,you and me i post as john <<titor>> by the year 2036 sern has taken,post as john teeter thank you thank <<you>> by the year 2036 sern has taken,31,32,35,36,1,0,0,1
S01E15,4,counted_remaining_error,substitute,squads',squad's,day and night living in the hit <<squads'>> crosshairs i realized they couldn't be defeated,day and night living in the hit <<squad's>> crosshairs i realized they couldn't be defeated,88,89,92,93,1,0,0,1
S01E15,6,excluded_name_error,substitute,sern's,cern's,much as i wish they weren't but <<sern's>> a research organization it doesn't have a,much as i wish they weren't but <<cern's>> a research organization it doesn't have a,143,144,147,148,1,0,0,1
S01E15,8,excluded_name_error,substitute,titor,teeter,or anything like that i tried asking <<titor>> about it online a bunch of times,or anything like that i tried asking <<teeter>> about it online a bunch of times,160,161,164,165,1,0,0,1
S01E15,10,counted_remaining_error,insert,,kami,the nom de web chestnut rice and <<<gap>>> kamehame ha hey she laid her cards,the nom de web chestnut rice and <<kami>> hami ha hey she laid her cards,190,190,194,195,0,0,1,1
S01E15,11,counted_remaining_error,substitute,kamehame,hami,the nom de web chestnut rice and <<kamehame>> ha hey she laid her cards out,nom de web chestnut rice and kami <<hami>> ha hey she laid her cards out,190,191,195,196,1,0,0,1
S01E15,13,counted_remaining_error,insert,,ho in,in plain sight attributing them all to <<<gap>>> hououin kyoma yeah we know that once,in plain sight attributing them all to <<ho in>> ki oma yeah we know that once,221,221,226,228,0,0,2,2
S01E15,14,excluded_name_error,substitute,hououin kyoma,ki oma,in plain sight attributing them all to <<hououin kyoma>> yeah we know that once sern builds,sight attributing them all to ho in <<ki oma>> yeah we know that once sern builds,221,223,228,230,2,0,0,2
S01E15,16,counted_remaining_error,insert,,who,builds a time machine they're the ones <<<gap>>> who're calling all the shots with that,builds a time machine they're the ones <<who>> are calling all the shots with that,236,236,243,244,0,0,1,1
S01E15,17,counted_remaining_error,substitute,who're,are,builds a time machine they're the ones <<who're>> calling all the shots with that kind,a time machine they're the ones who <<are>> calling all the shots with that kind,236,237,244,245,1,0,0,1
S01E15,19,excluded_name_error,substitute,sern's,cern's,did more than anyone else to bring <<sern's>> machine to fruition the mother of time,did more than anyone else to bring <<cern's>> machine to fruition the mother of time,281,282,289,290,1,0,0,1
S01E15,21,counted_remaining_error,insert,,well,got your information but it's obviously wrong <<<gap>>> it's true in 2036 is that why,got your information but it's obviously wrong <<well>> it's true in 2036 is that why,320,320,328,329,0,0,1,1
S01E15,23,counted_remaining_error,insert,,it,a bombshell like that and blithely sashay <<<gap>>> back to the future the future's a,a bombshell like that and blithely sashay <<it>> back to the future the future's a,397,397,406,407,0,0,1,1
S01E15,25,counted_remaining_error,substitute,nineteen,1975,time back to the year 1975 why <<nineteen>> seventy five sern is only able to,time back to the year 1975 why <<1975>> sern is only able to build their,420,421,430,431,1,0,0,1
S01E15,26,counted_remaining_error,delete,seventy five,,back to the year 1975 why nineteen <<seventy five>> sern is only able to build their,back to the year 1975 why 1975 <<<gap>>> sern is only able to build their,421,423,431,431,0,2,0,2
S01E15,28,counted_remaining_error,insert,,mm,that technology our phone wave you mean <<<gap>>> mhmm they managed to set up a,that technology our phone wave you mean <<mm>> hmm they managed to set up a,456,456,464,465,0,0,1,1
S01E15,29,counted_remaining_error,substitute,mhmm,hmm,that technology our phone wave you mean <<mhmm>> they managed to set up a worldwide,technology our phone wave you mean mm <<hmm>> they managed to set up a worldwide,456,457,465,466,1,0,0,1
S01E15,31,counted_remaining_error,substitute,that,the,lay this at your doorstep okabe but <<that>> first d mail you sent probably caught,lay this at your doorstep okabe but <<the>> first d mail you sent probably caught,492,493,501,502,1,0,0,1
S01E15,33,counted_remaining_error,substitute,onto,into,we'll toss life as we know it <<onto>> a world line where their time travel,we'll toss life as we know it <<into>> a world line where their time travel,549,550,558,559,1,0,0,1
S01E15,35,counted_remaining_error,insert,,before,in your machine and hack their database <<<gap>>> we'll need to find an ibn 5100,in your machine and hack their database <<before>> we'll need to find an ibm 5100,589,589,598,599,0,0,1,1
S01E15,37,excluded_name_error,substitute,ibn,ibm,their database we'll need to find an <<ibn>> 5100 to pull that off wait so,database before we'll need to find an <<ibm>> 5100 to pull that off wait so,594,595,604,605,1,0,0,1
S01E15,39,excluded_name_error,substitute,ibn,ibm,to travel back to 1975 obtain an <<ibn>> 5100 and make sure that it got,to travel back to 1975 obtain an <<ibm>> 5100 and make sure it got to,615,616,625,626,1,0,0,1
S01E15,41,counted_remaining_error,delete,that,,obtain an ibn 5100 and make sure <<that>> it got to you that's was all,obtain an ibm 5100 and make sure <<<gap>>> it got to you that was all,620,621,630,630,0,1,0,1
S01E15,43,counted_remaining_error,substitute,that's,that,make sure that it got to you <<that's>> was all but i let myself get,and make sure it got to you <<that>> was all but i let myself get,625,626,634,635,1,0,0,1
S01E15,45,counted_remaining_error,insert,,that,you foolish man can you not see <<<gap>>> i'm clearly in the midst of a,you foolish man can you not see <<that>> i'm clearly in the midst of foiling,692,692,701,702,0,0,1,1
S01E15,47,counted_remaining_error,delete,a,,see i'm clearly in the midst of <<a>> foiling an organization plot this'll send their,that i'm clearly in the midst of <<<gap>>> foiling an organization plot this will send,698,699,708,708,0,1,0,1
S01E15,49,counted_remaining_error,insert,,this,midst of a foiling an organization plot <<<gap>>> this'll send their ranks tumbling like so,the midst of foiling an organization plot <<this>> will send their ranks tumbling like so,703,703,712,713,0,0,1,1
S01E15,50,counted_remaining_error,substitute,this'll,will,midst of a foiling an organization plot <<this'll>> send their ranks tumbling like so many,midst of foiling an organization plot this <<will>> send their ranks tumbling like so many,703,704,713,714,1,0,0,1
S01E15,52,counted_remaining_error,insert,,come,me what the hell get back here <<<gap>>> c'mon let's go hurry it up look,me what the hell get back here <<come>> on let's go hurry it up look,732,732,742,743,0,0,1,1
S01E15,53,counted_remaining_error,substitute,c'mon,on,me what the hell get back here <<c'mon>> let's go hurry it up look i,what the hell get back here come <<on>> let's go hurry it up look i,732,733,743,744,1,0,0,1
S01E15,55,counted_remaining_error,insert,,on,look i don't know what happens later <<<gap>>> okay but right now we're on the,look i don't know what happens later <<on>> okay but right now we're on the,745,745,756,757,0,0,1,1
S01E15,57,counted_remaining_error,insert,,damn,the same side so just trust me <<<gap>>> dammit okabe you're sure you weren't followed,the same side so just trust me <<damn>> it okabe you're sure you weren't followed,758,758,770,771,0,0,1,1
S01E15,58,counted_remaining_error,substitute,dammit,it,the same side so just trust me <<dammit>> okabe you're sure you weren't followed come,same side so just trust me damn <<it>> okabe you're sure you weren't followed come,758,759,771,772,1,0,0,1
S01E15,60,excluded_name_error,substitute,heya okarin,hey ocarine,that was more than two days ago <<heya okarin>> and kurisu and suzuha make three i,that was more than two days ago <<hey ocarine>> and kurisu and suzuhamik3 i canceled the,886,888,899,901,2,0,0,2
S01E15,62,excluded_name_error,substitute,suzuha,suzuhamik3,days ago heya okarin and kurisu and <<suzuha>> make three i cancelled the party tonight,days ago hey ocarine and kurisu and <<suzuhamik3>> i canceled the party tonight why haven't,891,892,904,905,1,0,0,1
S01E15,63,counted_remaining_error,delete,make three,,ago heya okarin and kurisu and suzuha <<make three>> i cancelled the party tonight why haven't,ago hey ocarine and kurisu and suzuhamik3 <<<gap>>> i canceled the party tonight why haven't,892,894,905,905,0,2,0,2
S01E15,65,counted_remaining_error,substitute,cancelled,canceled,and kurisu and suzuha make three i <<cancelled>> the party tonight why haven't you both,hey ocarine and kurisu and suzuhamik3 i <<canceled>> the party tonight why haven't you both,895,896,906,907,1,0,0,1
S01E15,67,counted_remaining_error,substitute,un,uncancel,uh she told me she wanted to <<un>> cancel the party so yeah don't be,uh she told me she wanted to <<uncancel>> the party so yeah don't be grumpy,912,913,923,924,1,0,0,1
S01E15,68,counted_remaining_error,delete,cancel,,she told me she wanted to un <<cancel>> the party so yeah don't be grumpy,she told me she wanted to uncancel <<<gap>>> the party so yeah don't be grumpy,913,914,924,924,0,1,0,1
S01E15,70,counted_remaining_error,substitute,'cause,because,me that you're going to be safe <<'cause>> i get all worried about you we'll,me that you're going to be safe <<because>> i get all worried about you we'll,991,992,1001,1002,1,0,0,1
S01E15,72,counted_remaining_error,insert,,all,be all right you have my word <<<gap>>> alright see ya later then see ya,be all right you have my word <<all>> right see you later then see ya,1006,1006,1016,1017,0,0,1,1
S01E15,73,counted_remaining_error,substitute,alright,right,be all right you have my word <<alright>> see ya later then see ya i,all right you have my word all <<right>> see you later then see ya i,1006,1007,1017,1018,1,0,0,1
S01E15,75,counted_remaining_error,substitute,ya,you,right you have my word alright see <<ya>> later then see ya i hear they,you have my word all right see <<you>> later then see ya i hear they,1008,1009,1019,1020,1,0,0,1
S01E15,77,counted_remaining_error,substitute,trains,train,ya i hear they even stopped the <<trains>> you serious we have got to get,ya i hear they even stopped the <<train>> serious we have got to get the,1019,1020,1030,1031,1,0,0,1
S01E15,78,counted_remaining_error,delete,you,,i hear they even stopped the trains <<you>> serious we have got to get the,i hear they even stopped the train <<<gap>>> serious we have got to get the,1020,1021,1031,1031,0,1,0,1
S01E15,80,counted_remaining_error,delete,to,,leap functionality then you jump back again <<to>> the full 48 hour maximum to two,leap functionality then you jump back again <<<gap>>> the full 48 hour maximum to 2pm,1055,1056,1065,1065,0,1,0,1
S01E15,82,counted_remaining_error,substitute,two,2pm,to the full 48 hour maximum to <<two>> p m on the 11th everyone clear,again the full 48 hour maximum to <<2pm>> on the 11th everyone clear sounds like,1062,1063,1071,1072,1,0,0,1
S01E15,83,counted_remaining_error,delete,p m,,the full 48 hour maximum to two <<p m>> on the 11th everyone clear sounds like,the full 48 hour maximum to 2pm <<<gap>>> on the 11th everyone clear sounds like,1063,1065,1072,1072,0,2,0,2
S01E15,85,counted_remaining_error,substitute,'till,till,understood i'll keep reliving those two days <<'till>> it works this isn't about saving the,understood i'll keep reliving those two days <<till>> it works this isn't about saving the,1116,1117,1123,1124,1,0,0,1
S01E15,87,counted_remaining_error,substitute,will,do,from 2036 with the current technology how <<will>> we know unless we try just repair,from 2036 with the current technology how <<do>> we know unless we try just repair,1211,1212,1218,1219,1,0,0,1
S01E15,89,excluded_name_error,substitute,faris,ferris,i want a day long date with <<faris>> if i pull it off fine i'll,i want a day long date with <<ferris>> if i pull it off fine i'll,1269,1270,1276,1277,1,0,0,1
S01E15,91,counted_remaining_error,delete,hah,,off fine i'll make that happen somehow <<hah>> oh yeah right i can make it,off fine i'll make that happen somehow <<<gap>>> oh yeah right i can make it,1281,1282,1288,1288,0,1,0,1
S01E15,93,counted_remaining_error,insert,,hmm,i can make it happen i swear <<<gap>>> you want this pretty bad damn right,i can make it happen i swear <<hmm>> you want this pretty bad damn right,1292,1292,1298,1299,0,0,1,1
S01E15,95,counted_remaining_error,insert,,hmm,damn right i do now fix it <<<gap>>> then let's earn that date oh there's,damn right i do now fix it <<hmm>> then let's earn that date oh there's,1304,1304,1311,1312,0,0,1,1
S01E15,97,excluded_name_error,substitute,ibn,ivn,do you got to bring us an <<ibn>> 5100 when it works again okay ooh,do you got to bring us an <<ivn>> 5100 when it works again okay ooh,1322,1323,1330,1331,1,0,0,1
S01E15,99,counted_remaining_error,substitute,mahou,maho,cell of this pose from the 1975 <<mahou>> series radical girl omit chan don't get,cell of this pose from the 1975 <<maho>> series radical girl omid john don't get,1340,1341,1348,1349,1,0,0,1
S01E15,101,excluded_name_error,substitute,omit chan,omid john,from the 1975 mahou series radical girl <<omit chan>> don't get greedy want me to stay,from the 1975 maho series radical girl <<omid john>> don't get greedy want me to stay,1344,1346,1352,1354,2,0,0,2
S01E15,103,counted_remaining_error,delete,a,,me to stay here and help out <<a>> good idea but no we need you,me to stay here and help out <<<gap>>> good idea but no we need you,1357,1358,1365,1365,0,1,0,1
S01E15,105,counted_remaining_error,insert,,oh,if we miss our two day deadline <<<gap>>> okarin wait you're forgetting something really important,if we miss our two day deadline <<oh>> green wait you're forgetting something really important,1389,1389,1396,1397,0,0,1,1
S01E15,106,excluded_name_error,substitute,okarin,green,if we miss our two day deadline <<okarin>> wait you're forgetting something really important we,we miss our two day deadline oh <<green>> wait you're forgetting something really important we,1389,1390,1397,1398,1,0,0,1
S01E15,108,excluded_name_error,substitute,suzuha,suzaha,something really important we got to help <<suzuha>> find her dad don't worry about it,something really important we got to help <<suzaha>> find her dad don't worry about it,1400,1401,1408,1409,1,0,0,1
S01E15,110,counted_remaining_error,substitute,used,use,mayuri don't say that i know you <<used>> the time machine 'cause you're on a,mayuri don't say that i know you <<use>> the time machine because you're on a,1415,1416,1423,1424,1,0,0,1
S01E15,112,counted_remaining_error,substitute,'cause,because,i know you used the time machine <<'cause>> you're on a mission but you want,i know you use the time machine <<because>> you're on a mission but you want,1419,1420,1427,1428,1,0,0,1
S01E15,114,counted_remaining_error,insert,,don't,but you want to see your dad <<<gap>>> don'tcha you've never even met him i,but you want to see your dad <<don't>> you you never even met him i,1431,1431,1439,1440,0,0,1,1
S01E15,115,counted_remaining_error,substitute,don'tcha you've,you you,but you want to see your dad <<don'tcha you've>> never even met him i really want,you want to see your dad don't <<you you>> never even met him i really want,1431,1433,1440,1442,2,0,0,2
S01E15,117,counted_remaining_error,insert,,a,real one so where did you get <<<gap>>> amane got it from my mom all,real one so where did you get <<a>> money got it from my mom all,1475,1475,1484,1485,0,0,1,1
S01E15,118,excluded_name_error,substitute,amane,money,real one so where did you get <<amane>> got it from my mom all i've,one so where did you get a <<money>> got it from my mom all i've,1475,1476,1485,1486,1,0,0,1
S01E15,120,counted_remaining_error,insert,,it's,to go on is this one clue <<<gap>>> a pin he used to wear okay,to go on is this one clue <<it's>> a penny used to wear okay i,1491,1491,1501,1502,0,0,1,1
S01E15,122,counted_remaining_error,substitute,pin,penny,go on is this one clue a <<pin>> he used to wear okay i remember,on is this one clue it's a <<penny>> used to wear okay i remember you,1492,1493,1503,1504,1,0,0,1
S01E15,123,counted_remaining_error,delete,he,,on is this one clue a pin <<he>> used to wear okay i remember you,is this one clue it's a penny <<<gap>>> used to wear okay i remember you,1493,1494,1504,1504,0,1,0,1
S01E15,125,counted_remaining_error,substitute,'cause,cause,somewhere in akihabara this year never fear <<'cause>> detective mayuri always gets her man find,somewhere in akihabara this year never fear <<cause>> detective mayuri always gets her man find,1512,1513,1522,1523,1,0,0,1
S01E15,127,counted_remaining_error,insert,,out,the verdict well i could be talking <<<gap>>> outta my butt here but based on,the verdict well i could be talking <<out>> of my butt here but based on,1535,1535,1545,1546,0,0,1,1
S01E15,128,counted_remaining_error,substitute,outta,of,the verdict well i could be talking <<outta>> my butt here but based on what,verdict well i could be talking out <<of>> my butt here but based on what,1535,1536,1546,1547,1,0,0,1
S01E15,130,counted_remaining_error,insert,,mm hmm,to get it working again after all <<<gap>>> i've been wondering about your dad y'know,to get it working again after all <<mm hmm>> i've been wondering about your dad you,1576,1576,1587,1589,0,0,2,2
S01E15,132,counted_remaining_error,insert,,you,all i've been wondering about your dad <<<gap>>> y'know if maybe he's somebody close to,hmm i've been wondering about your dad <<you>> know if maybe he's somebody close to,1582,1582,1595,1596,0,0,1,1
S01E15,133,counted_remaining_error,substitute,y'know,know,all i've been wondering about your dad <<y'know>> if maybe he's somebody close to us,i've been wondering about your dad you <<know>> if maybe he's somebody close to us,1582,1583,1596,1597,1,0,0,1
S01E15,135,counted_remaining_error,substitute,in,and,is the information he left for me <<in>> his will my dad and i never,is the information he left for me <<and>> his will my dad and i never,1632,1633,1646,1647,1,0,0,1
S01E15,137,counted_remaining_error,delete,of,,off is the best way i know <<of>> to honor his memory man that really,off is the best way i know <<<gap>>> to honor his memory man that really,1680,1681,1694,1694,0,1,0,1
S01E15,139,counted_remaining_error,substitute,cel,cell,and if you could get me that <<cel>> on the down low that'd be cool,and if you could get me that <<cell>> on the down low that'd be cool,1740,1741,1753,1754,1,0,0,1
S01E15,141,counted_remaining_error,insert,,come,cool i absolutely loathe making this stuff <<<gap>>> c'mon future gadget lab founder think you,cool i absolutely loathe making this stuff <<come>> on future gadget lab founder think you,1754,1754,1767,1768,0,0,1,1
S01E15,142,counted_remaining_error,substitute,c'mon,on,cool i absolutely loathe making this stuff <<c'mon>> future gadget lab founder think you ought've,i absolutely loathe making this stuff come <<on>> future gadget lab founder think you ought,1754,1755,1768,1769,1,0,0,1
S01E15,144,counted_remaining_error,insert,,ought to,c'mon future gadget lab founder think you <<<gap>>> ought've invented a robot to do this,on future gadget lab founder think you <<ought to>> have invented a robot to do this,1761,1761,1775,1777,0,0,2,2
S01E15,145,counted_remaining_error,substitute,ought've,have,c'mon future gadget lab founder think you <<ought've>> invented a robot to do this by,gadget lab founder think you ought to <<have>> invented a robot to do this by,1761,1762,1777,1778,1,0,0,1
S01E15,147,counted_remaining_error,insert,,coffee,a robot to do this by now <<<gap>>> coffee's an assistant's sacred duty future gadget,a robot to do this by now <<coffee>> is an assistant's sacred duty future gadget,1770,1770,1786,1787,0,0,1,1
S01E15,148,counted_remaining_error,substitute,coffee's,is,a robot to do this by now <<coffee's>> an assistant's sacred duty future gadget the,robot to do this by now coffee <<is>> an assistant's sacred duty future gadget ii,1770,1771,1787,1788,1,0,0,1
S01E15,150,counted_remaining_error,substitute,the,ii,coffee's an assistant's sacred duty future gadget <<the>> second new r d prototype alpha test,is an assistant's sacred duty future gadget <<ii>> new r d prototype alpha test number,1777,1778,1794,1795,1,0,0,1
S01E15,151,counted_remaining_error,delete,second,,an assistant's sacred duty future gadget the <<second>> new r d prototype alpha test number,an assistant's sacred duty future gadget ii <<<gap>>> new r d prototype alpha test number,1778,1779,1795,1795,0,1,0,1
S01E15,153,counted_remaining_error,substitute,point six seven,67 or a,r d prototype alpha test number two <<point six seven>> or bamboo copter cam for short on,r d prototype alpha test number two <<67 or a>> bamboo copter cam for short on account,1787,1790,1803,1806,3,0,0,3
S01E15,154,counted_remaining_error,delete,or,,alpha test number two point six seven <<or>> bamboo copter cam for short on account,alpha test number two 67 or a <<<gap>>> bamboo copter cam for short on account,1790,1791,1806,1806,0,1,0,1
S01E15,156,counted_remaining_error,insert,,vid,on account of the closed circuit digital <<<gap>>> camera we put in the base this,on account of the closed circuit digital <<vid>> camera we put in the base this,1803,1803,1818,1819,0,0,1,1
S01E15,158,counted_remaining_error,insert,,gyro,search sadly the camera lacks its own <<<gap>>> gyrometer and the spinning footage is nausea,search sadly the camera lacks its own <<gyro>> meter and the spinning footage is nausea,1828,1828,1844,1845,0,0,1,1
S01E15,159,counted_remaining_error,substitute,gyrometer,meter,search sadly the camera lacks its own <<gyrometer>> and the spinning footage is nausea inducing,sadly the camera lacks its own gyro <<meter>> and the spinning footage is nausea inducing,1828,1829,1845,1846,1,0,0,1
S01E15,161,counted_remaining_error,insert,,a,like it's a pretty basic problem for <<<gap>>> version two point six seven ah but,like it's a pretty basic problem for <<a>> version two 67 ah but that's the,1845,1845,1862,1863,0,0,1,1
S01E15,163,counted_remaining_error,substitute,point,67,a pretty basic problem for version two <<point>> six seven ah but that's the only,pretty basic problem for a version two <<67>> ah but that's the only one you,1847,1848,1865,1866,1,0,0,1
S01E15,164,counted_remaining_error,delete,six seven,,pretty basic problem for version two point <<six seven>> ah but that's the only one you,basic problem for a version two 67 <<<gap>>> ah but that's the only one you,1848,1850,1866,1866,0,2,0,2
S01E15,166,counted_remaining_error,substitute,point,zero,ever reflect a number bigger than one <<point>> oh and since you're the only one,ever reflect a number bigger than one <<zero>> and since you're the only one with,1924,1925,1940,1941,1,0,0,1
S01E15,167,counted_remaining_error,delete,oh,,reflect a number bigger than one point <<oh>> and since you're the only one with,reflect a number bigger than one zero <<<gap>>> and since you're the only one with,1925,1926,1941,1941,0,1,0,1
S01E15,169,counted_remaining_error,insert,,so,only one who can track the changes <<<gap>>> did my future self hand that over,only one who can track the changes <<so>> did my future self hand that over,1946,1946,1961,1962,0,0,1,1
S01E15,171,counted_remaining_error,substitute,nu uh,mm mm,over to you right before he died <<nu uh>> i've never even laid eyes on future,over to you right before he died <<mm mm>> i've never even laid eyes on future,1959,1961,1975,1977,2,0,0,2
S01E15,173,counted_remaining_error,insert,,off,of her own and then i go <<<gap>>> tilting at windmills like a goddamn fool,of her own and then i go <<off>> tilting at windmills like a goddamn fool,2009,2009,2025,2026,0,0,1,1
S01E15,175,counted_remaining_error,substitute,i'mma,i'ma,worth dying over uh how's it hanging <<i'mma>> bust out some questions yo so holla,worth dying over uh how's it hanging <<i'ma>> bust out some questions yo so holla,2042,2043,2059,2060,1,0,0,1
S01E15,177,counted_remaining_error,insert,,your boy word,out some questions yo so holla at <<<gap>>> ya boooooy wordtoyamutha sorry i don't speak,out some questions yo so holla at <<your boy word>> to your mother sorry i don't speak,2051,2051,2068,2071,0,0,3,3
S01E15,178,counted_remaining_error,substitute,ya boooooy wordtoyamutha,to your mother,out some questions yo so holla at <<ya boooooy wordtoyamutha>> sorry i don't speak jive well that,yo so holla at your boy word <<to your mother>> sorry i don't speak jive well that,2051,2054,2071,2074,3,0,0,3
S01E15,180,counted_remaining_error,insert,,i,jive well that was nice and awkward <<<gap>>> i've a button that i want you,jive well that was nice and awkward <<i>> have a button that i want you,2065,2065,2085,2086,0,0,1,1
S01E15,181,counted_remaining_error,substitute,i've,have,jive well that was nice and awkward <<i've>> a button that i want you to,well that was nice and awkward i <<have>> a button that i want you to,2065,2066,2086,2087,1,0,0,1
S01E15,183,counted_remaining_error,insert,,just,could tell you i can't believe you <<<gap>>> said wordtoyamutha to this guy you freak,could tell you i can't believe you <<just>> said word to your mother to this,2112,2112,2133,2134,0,0,1,1
S01E15,185,counted_remaining_error,substitute,wordtoyamutha,word,tell you i can't believe you said <<wordtoyamutha>> to this guy you freak look if,you i can't believe you just said <<word>> to your mother to this guy you,2113,2114,2135,2136,1,0,0,1
S01E15,187,counted_remaining_error,insert,,your mother to,i can't believe you said wordtoyamutha to <<<gap>>> this guy you freak look if you,can't believe you just said word to <<your mother to>> this guy you freak look if you,2115,2115,2137,2140,0,0,3,3
S01E15,189,counted_remaining_error,substitute,pin,pen,please don't hesitate to call maybe the <<pin>> simply doesn't exist yet there's nothing to,please don't hesitate to call maybe the <<pen>> simply doesn't exist yet there's nothing to,2130,2131,2155,2156,1,0,0,1
S01E15,191,counted_remaining_error,insert,,you,maybe it just wasn't meant to be <<<gap>>> y'know hey at least we tried so,maybe it just wasn't meant to be <<you>> know hey at least we tried so,2160,2160,2185,2186,0,0,1,1
S01E15,192,counted_remaining_error,substitute,y'know,know,maybe it just wasn't meant to be <<y'know>> hey at least we tried so you're,it just wasn't meant to be you <<know>> hey at least we tried so you're,2160,2161,2186,2187,1,0,0,1
S01E15,194,counted_remaining_error,substitute,s,so,full day left why are you getting <<s>> listen saving mayuri's life is my absolute,full day left why are you getting <<so>> saving mayuri's life is my absolute top,2184,2185,2210,2211,1,0,0,1
S01E15,195,counted_remaining_error,delete,listen,,day left why are you getting s <<listen>> saving mayuri's life is my absolute top,day left why are you getting so <<<gap>>> saving mayuri's life is my absolute top,2185,2186,2211,2211,0,1,0,1
S01E15,197,counted_remaining_error,insert,,your help is needed citizen,about it huh wow sorry attention attention <<<gap>>> what in the nine hells there was,about it huh wow sorry attention attention <<your help is needed citizen>> what in the fine hells there was,2242,2242,2267,2272,0,0,5,5
S01E15,199,counted_remaining_error,substitute,nine,fine,wow sorry attention attention what in the <<nine>> hells there was a kidnapping yesterday right,help is needed citizen what in the <<fine>> hells there was a kidnapping yesterday right,2245,2246,2275,2276,1,0,0,1
S01E15,201,counted_remaining_error,substitute,fliers,flyers,pin just like the one on my <<fliers>> if you could give it a look,pin just like the one on my <<flyers>> if you could give it a look,2267,2268,2297,2298,1,0,0,1
S01E15,203,excluded_name_error,substitute,okarin,ocarine,a look it'd be a big help <<okarin>> you're here lookie what i made colorful,a look it'd be a big help <<ocarine>> you're here lookie what i made colorful,2280,2281,2310,2311,1,0,0,1
S01E15,205,counted_remaining_error,substitute,fliers,flyers,you're here lookie what i made colorful <<fliers>> are a pretty good idea huh i,you're here lookie what i made colorful <<flyers>> are a pretty good idea huh i,2288,2289,2318,2319,1,0,0,1
S01E15,207,counted_remaining_error,delete,ooh,,then it just kind of hit me <<ooh>> and that's when i grabbed my markers,then it just kind of hit me <<<gap>>> and that's when i grabbed my markers,2310,2311,2340,2340,0,1,0,1
S01E15,209,counted_remaining_error,insert,,showrun,the police take notice of this little <<<gap>>> never mind time to go how come,the police take notice of this little <<showrun>> never mind time to go how come,2355,2355,2384,2385,0,0,1,1
S01E15,211,counted_remaining_error,delete,you miss,,never mind time to go how come <<you miss>> stop i'm sorry okarin from this moment,never mind time to go how come <<<gap>>> stop i'm sorry ocarine from this moment,2362,2364,2392,2392,0,2,0,2
S01E15,213,excluded_name_error,substitute,okarin,ocarine,how come you miss stop i'm sorry <<okarin>> from this moment on how about you,to go how come stop i'm sorry <<ocarine>> from this moment on how about you,2367,2368,2395,2396,1,0,0,1
S01E15,215,counted_remaining_error,insert,,on the,by me first yeah just to be <<<gap>>> safe side what's with the kung fu,by me first yeah just to be <<on the>> safe side what's with the kung fu,2386,2386,2414,2416,0,0,2,2
S01E15,217,counted_remaining_error,substitute,it's,its,is not my soda of choice and <<it's>> room temperature but it's going to be,is not my soda of choice and <<its>> room temperature but it's going to be,2462,2463,2492,2493,1,0,0,1
S01E15,219,counted_remaining_error,substitute,bad,badass,i'd never have known he was a <<bad>> ass don't judge a book by its,i'd never have known he was a <<badass>> don't judge a book by its cover,2521,2522,2551,2552,1,0,0,1
S01E15,220,counted_remaining_error,delete,ass,,never have known he was a bad <<ass>> don't judge a book by its cover,never have known he was a badass <<<gap>>> don't judge a book by its cover,2522,2523,2552,2552,0,1,0,1
S01E15,222,counted_remaining_error,insert,,why,fixed by stripping down to our unmentionables <<<gap>>> why're you such a creeper wow suzuha,fixed by stripping down to our unmentionables <<why>> are you such a creeper wow suzuha,2566,2566,2595,2596,0,0,1,1
S01E15,223,counted_remaining_error,substitute,why're,are,fixed by stripping down to our unmentionables <<why're>> you such a creeper wow suzuha and,by stripping down to our unmentionables why <<are>> you such a creeper wow suzuha and,2566,2567,2596,2597,1,0,0,1
S01E15,225,counted_remaining_error,insert,,our,do what's going on oh it's nothing <<<gap>>> mayuri's just being inscrutable again i know,do what's going on oh it's nothing <<our>> mayuri's just being inscrutable again i know,2605,2605,2635,2636,0,0,1,1
S01E15,227,counted_remaining_error,substitute,you,you've,mayuri's just being inscrutable again i know <<you>> got to go back to 1975 but,mayuri's just being inscrutable again i know <<you've>> got to go back to 1975 but,2612,2613,2643,2644,1,0,0,1
S01E15,229,counted_remaining_error,insert,,whole,i'm going to worry about you a <<<gap>>> lot and if that time machine could,i'm going to worry about you a <<whole>> lot and if that time machine could,2627,2627,2658,2659,0,0,1,1
S01E15,231,counted_remaining_error,insert,,her,offense but how's that going to help <<<gap>>> how can you ask that silly i'd,offense but how's that going to help <<her>> how can you ask that silly i'd,2652,2652,2684,2685,0,0,1,1
S01E15,233,counted_remaining_error,substitute,'cause,because,tell her stuff like don't be scared <<'cause>> your friend mayuri is here for you,tell her stuff like don't be scared <<because>> your friend mayuri is here for you,2672,2673,2705,2706,1,0,0,1
S01E15,235,counted_remaining_error,insert,,a,here you know this place might be <<<gap>>> walk in the park compared to where,here you know this place might be <<a>> walk in the park compared to where,2747,2747,2780,2781,0,0,1,1
S01E15,237,counted_remaining_error,substitute,than,that,load of all the awesome people here <<than>> i can call friend traveling back to,load of all the awesome people here <<that>> i can call friend traveling back to,2778,2779,2812,2813,1,0,0,1
S01E15,239,counted_remaining_error,insert,,right,keep the world the way it is <<<gap>>> now i promise yes yeah is this,keep the world the way it is <<right>> now i promise yes yeah is this,2851,2851,2885,2886,0,0,1,1
S01E15,241,counted_remaining_error,insert,,word to your,i promise yes yeah is this the <<<gap>>> wordtoyamutha guy you're the street vendor right,i promise yes yeah is this the <<word to your>> mother guy you're the street vendor right,2859,2859,2894,2897,0,0,3,3
S01E15,242,counted_remaining_error,substitute,wordtoyamutha,mother,i promise yes yeah is this the <<wordtoyamutha>> guy you're the street vendor right i,yeah is this the word to your <<mother>> guy you're the street vendor right i,2859,2860,2897,2898,1,0,0,1
S01E15,244,counted_remaining_error,substitute,pin,pen,i met a guy who wanted a <<pin>> like you were asking about you're telling,i met a guy who wanted a <<pen>> like you were asking about you're telling,2881,2882,2919,2920,1,0,0,1
S01E15,246,counted_remaining_error,insert,,thank you thank you thank you you,meet you in the alley in fifteen <<<gap>>>,meet you in the alley in fifteen <<thank you thank you thank you you>>,2902,2902,2940,2947,0,0,7,7
S01E16,1,counted_remaining_error,substitute,pin,pen,and asked me to make him a <<pin>> and the sketch he showed me looked,and asked me to make him a <<pen>> and the sketch he showed me looked,13,14,13,14,1,0,0,1
S01E16,3,counted_remaining_error,substitute,pin,pen,sketch he showed me looked like the <<pin>> you came around with sort of like,sketch he showed me looked like the <<pen>> you came around with sort of like,23,24,23,24,1,0,0,1
S01E16,5,counted_remaining_error,substitute,ya,you,but he was round i can tell <<ya>> that much round like a barrel didja,but he was round i can tell <<you>> that much round like a barrel did,90,91,90,91,1,0,0,1
S01E16,7,counted_remaining_error,insert,,did,ya that much round like a barrel <<<gap>>> didja know taru is another word for,you that much round like a barrel <<did>> you know taru is another word for,97,97,97,98,0,0,1,1
S01E16,8,counted_remaining_error,substitute,didja,you,ya that much round like a barrel <<didja>> know taru is another word for barrel,that much round like a barrel did <<you>> know taru is another word for barrel,97,98,98,99,1,0,0,1
S01E16,10,counted_remaining_error,substitute,rai,reina,i picked that up from watching the <<rai>> net anime there was a barrel monster,i picked that up from watching the <<reina>> anime there was a barrel monster guy,117,118,118,119,1,0,0,1
S01E16,11,counted_remaining_error,delete,net,,picked that up from watching the rai <<net>> anime there was a barrel monster guy,picked that up from watching the reina <<<gap>>> anime there was a barrel monster guy,118,119,119,119,0,1,0,1
S01E16,13,counted_remaining_error,substitute,ya,you,his real name was taru i'm telling <<ya>> he looked just like a barrel or,his real name was taru i'm telling <<you>> he looked just like a barrel or,134,135,134,135,1,0,0,1
S01E16,15,counted_remaining_error,substitute,pin,pen,he'll go back to pick up his <<pin>> when it's done being made right when,he'll go back to pick up his <<pen>> when it's done being made right when,197,198,197,198,1,0,0,1
S01E16,17,counted_remaining_error,insert,,thank you thank you thank you,machine finished by tomorrow once it's operational <<<gap>>> where's suzuha huh she left here a,machine finished by tomorrow once it's operational <<thank you thank you thank you>> where's suzuha huh she left here a,258,258,258,264,0,0,6,6
S01E16,19,counted_remaining_error,insert,,damn,ago don't you remember i'll explain later <<<gap>>> dammit i didn't think to ask him,ago don't you remember i'll explain later <<damn>> it i didn't think to ask him,274,274,280,281,0,0,1,1
S01E16,20,counted_remaining_error,substitute,dammit,it,ago don't you remember i'll explain later <<dammit>> i didn't think to ask him what,don't you remember i'll explain later damn <<it>> i didn't think to ask him what,274,275,281,282,1,0,0,1
S01E16,22,counted_remaining_error,insert,,what,a rather spherical figure wait that hat <<<gap>>> daru aw man okarin what's gotten into,a rather spherical figure wait that hat <<what>> daru aw man ocarine what's gotten into,305,305,312,313,0,0,1,1
S01E16,24,excluded_name_error,substitute,okarin,ocarine,figure wait that hat daru aw man <<okarin>> what's gotten into you sneaking off to,wait that hat what daru aw man <<ocarine>> what's gotten into you sneaking off to,308,309,316,317,1,0,0,1
S01E16,26,excluded_name_error,substitute,suzuha's,sousa's,sneaking off to make a copy of <<suzuha's>> pin seriously how bad's she going to,sneaking off to make a copy of <<sousa's>> pin seriously how bad's she going to,320,321,328,329,1,0,0,1
S01E16,28,counted_remaining_error,insert,,you,another pin and fake being her dad <<<gap>>> y'know give her some hope but the,another pin and fake being her dad <<you>> know give her some hope but the,347,347,355,356,0,0,1,1
S01E16,29,counted_remaining_error,substitute,y'know,know,another pin and fake being her dad <<y'know>> give her some hope but the hope,pin and fake being her dad you <<know>> give her some hope but the hope,347,348,356,357,1,0,0,1
S01E16,31,counted_remaining_error,insert,,you,little white lie can spare somebody's feelings <<<gap>>> y'know think about the bigger picture we,little white lie can spare somebody's feelings <<you>> know think about the bigger picture we,378,378,387,388,0,0,1,1
S01E16,32,counted_remaining_error,substitute,y'know,know,little white lie can spare somebody's feelings <<y'know>> think about the bigger picture we can,white lie can spare somebody's feelings you <<know>> think about the bigger picture we can,378,379,388,389,1,0,0,1
S01E16,34,counted_remaining_error,delete,hmm,,only way you'll stop busting my balls <<hmm>> her time machine's a one way street,only way you'll stop busting my balls <<<gap>>> her time machine's a one way street,410,411,420,420,0,1,0,1
S01E16,36,counted_remaining_error,substitute,heh,huh,how goes it take a soda break <<heh>> awesome i got me a wicked thirst,how goes it take a soda break <<huh>> awesome i got me a wicked thirst,439,440,448,449,1,0,0,1
S01E16,38,counted_remaining_error,substitute,ol',old,you did i don't remember that anyway <<ol'>> daru here's so unassuming i'd have never,you did i don't remember that anyway <<old>> daru here's so unassuming i'd never have,519,520,528,529,1,0,0,1
S01E16,40,counted_remaining_error,insert,,never,anyway ol' daru here's so unassuming i'd <<<gap>>> have never known he was such a,anyway old daru here's so unassuming i'd <<never>> have known he was such a badass,525,525,534,535,0,0,1,1
S01E16,42,counted_remaining_error,delete,never,,ol' daru here's so unassuming i'd have <<never>> known he was such a bad ass,daru here's so unassuming i'd never have <<<gap>>> known he was such a badass so,526,527,536,536,0,1,0,1
S01E16,44,counted_remaining_error,substitute,bad,badass,have never known he was such a <<bad>> ass so i guess you're right okabe,never have known he was such a <<badass>> so i guess you're right okube want,532,533,541,542,1,0,0,1
S01E16,45,counted_remaining_error,delete,ass,,never known he was such a bad <<ass>> so i guess you're right okabe want,have known he was such a badass <<<gap>>> so i guess you're right okube want,533,534,542,542,0,1,0,1
S01E16,47,excluded_name_error,substitute,okabe,okube,bad ass so i guess you're right <<okabe>> want to hop in and lend a,a badass so i guess you're right <<okube>> want to hop in and lend a,539,540,547,548,1,0,0,1
S01E16,49,counted_remaining_error,substitute,can't,couldn't,might be oppressive but it's nothing that <<can't>> be fixed by stripping down to our,might be oppressive but it's nothing that <<couldn't>> be fixed by stripping down to our,562,563,570,571,1,0,0,1
S01E16,51,counted_remaining_error,insert,,why,fixed by stripping down to our unmentionables <<<gap>>> why're you such a creeper wow suzuha,fixed by stripping down to our unmentionables <<why>> are you such a creeper wow suzuha,571,571,579,580,0,0,1,1
S01E16,52,counted_remaining_error,substitute,why're,are,fixed by stripping down to our unmentionables <<why're>> you such a creeper wow suzuha and,by stripping down to our unmentionables why <<are>> you such a creeper wow suzuha and,571,572,580,581,1,0,0,1
S01E16,54,counted_remaining_error,insert,,back,bat for me when i first came <<<gap>>> to this time i didn't know a,bat for me when i first came <<back>> to this time i didn't know a,618,618,627,628,0,0,1,1
S01E16,56,counted_remaining_error,delete,y'know,,was the most fun i've ever had <<y'know>> i'm glad i got this time to,was the most fun i've ever had <<<gap>>> i'm glad i got this time to,689,690,699,699,0,1,0,1
S01E16,58,counted_remaining_error,insert,,to,now you're the only chance we've got <<<gap>>> i promise you i'll do it suzuha,now you're the only chance we've got <<to>> i promise you i'll do it susa,737,737,746,747,0,0,1,1
S01E16,60,excluded_name_error,substitute,suzuha,susa,got i promise you i'll do it <<suzuha>> i'll keep the world exactly the way,to i promise you i'll do it <<susa>> i'll keep the world exactly the way,743,744,753,754,1,0,0,1
S01E16,62,counted_remaining_error,substitute,you've,you,do you do you regret the time <<you've>> spent with us if you could never,do you do you regret the time <<you>> spent with us if you could never,766,767,776,777,1,0,0,1
S01E16,64,counted_remaining_error,substitute,'70s,70s,not headed to some gulag it's the <<'70s>> long as i can make friends half,not headed to some gulag it's the <<70s>> long as i can make friends half,852,853,862,863,1,0,0,1
S01E16,66,counted_remaining_error,insert,,all,as you guys i think i'll be <<<gap>>> alright wherever i end up here goes,as you guys i think i'll be <<all>> right wherever i end up here goes,869,869,879,880,0,0,1,1
S01E16,67,counted_remaining_error,substitute,alright,right,as you guys i think i'll be <<alright>> wherever i end up here goes nothing,you guys i think i'll be all <<right>> wherever i end up here goes nothing,869,870,880,881,1,0,0,1
S01E16,69,counted_remaining_error,substitute,ya,you,believe you got it working wouldn't kill <<ya>> to smile hey you just fixed a,believe you got it working wouldn't kill <<you>> to smile hey you just fixed a,908,909,919,920,1,0,0,1
S01E16,71,counted_remaining_error,substitute,'75,75,can say that okay what part of <<'75>> you guys oh i could go in,can say that okay what part of <<75>> you guys oh i could go in,932,933,943,944,1,0,0,1
S01E16,73,counted_remaining_error,substitute,the,this,you guys oh i could go in <<the>> summer the weather'd probably be pretty nice,you guys oh i could go in <<this>> summer the weather'd probably be pretty nice,940,941,951,952,1,0,0,1
S01E16,75,excluded_name_error,substitute,daru nah,dari uh,be pretty nice what do you think <<daru nah>> i'd aim a bit earlier if you,be pretty nice what do you think <<dari uh>> i'd aim a bit earlier if you,952,954,963,965,2,0,0,2
S01E16,77,counted_remaining_error,insert,,folks,as the cherry blossoms are blooming more <<<gap>>> folks'll be out and about better for,as the cherry blossoms are blooming more <<folks>> will be out and about better for,970,970,981,982,0,0,1,1
S01E16,78,counted_remaining_error,substitute,folks'll,will,as the cherry blossoms are blooming more <<folks'll>> be out and about better for making,the cherry blossoms are blooming more folks <<will>> be out and about better for making,970,971,982,983,1,0,0,1
S01E16,80,counted_remaining_error,substitute,wow,oh,about better for making friends you know <<wow>> good thinking earlier it is fg204 hey,about better for making friends you know <<oh>> good thinking earlier it is hmm fg204,981,982,993,994,1,0,0,1
S01E16,82,counted_remaining_error,insert,,hmm,know wow good thinking earlier it is <<<gap>>> fg204 hey suzuha huh what's up what,know oh good thinking earlier it is <<hmm>> fg204 hey suzuha huh what's up what,987,987,999,1000,0,0,1,1
S01E16,84,counted_remaining_error,insert,,oh,huh what's up what does that mean <<<gap>>> i should have introduced you sooner that's,huh what's up what does that mean <<oh>> i should have introduced you sooner that's,997,997,1010,1011,0,0,1,1
S01E16,86,counted_remaining_error,insert,,hmm,name my dad came up with it <<<gap>>> what's my bike doing here take the,name my dad came up with it <<hmm>> what's my bike doing here take the,1014,1014,1028,1029,0,0,1,1
S01E16,88,counted_remaining_error,delete,and,,figured out who your father is suzuha <<and>> just in the nick of time what,figured out who your father is suzuha <<<gap>>> just in the nick of time what,1057,1058,1072,1072,0,1,0,1
S01E16,90,counted_remaining_error,substitute,'cause,because,such a good match it isn't just <<'cause>> you're friends 'cause we're your friends too,such a good match it isn't just <<because>> you're friends because we're your friends too,1105,1106,1119,1120,1,0,0,1
S01E16,92,counted_remaining_error,substitute,'cause,because,match it isn't just 'cause you're friends <<'cause>> we're your friends too it's because you,match it isn't just because you're friends <<because>> we're your friends too it's because you,1108,1109,1122,1123,1,0,0,1
S01E16,94,counted_remaining_error,delete,me,,suzuha's long lost father is daru huh <<me>> that isn't the sort of thing you,suzuha's long lost father is daru huh <<<gap>>> that isn't the sort of thing you,1130,1131,1144,1144,0,1,0,1
S01E16,96,counted_remaining_error,insert,,that,please tell me you've got more than <<<gap>>> to go off of well remember how,please tell me you've got more than <<that>> to go off of well remember how,1168,1168,1181,1182,0,0,1,1
S01E16,98,counted_remaining_error,substitute,barrel,beryl,of well remember how i said that <<barrel>> and taru were the same taru itaru,of well remember how i said that <<beryl>> and taru were the same taru it,1178,1179,1192,1193,1,0,0,1
S01E16,100,counted_remaining_error,insert,,it,barrel and taru were the same taru <<<gap>>> itaru there ya go that's your reason,beryl and taru were the same taru <<it>> taru there you go that's your reason,1185,1185,1199,1200,0,0,1,1
S01E16,101,excluded_name_error,substitute,itaru,taru,barrel and taru were the same taru <<itaru>> there ya go that's your reason word,and taru were the same taru it <<taru>> there you go that's your reason wordplay,1185,1186,1200,1201,1,0,0,1
S01E16,103,counted_remaining_error,substitute,ya,you,taru were the same taru itaru there <<ya>> go that's your reason word play does,were the same taru it taru there <<you>> go that's your reason wordplay does not,1187,1188,1202,1203,1,0,0,1
S01E16,105,counted_remaining_error,substitute,word,wordplay,itaru there ya go that's your reason <<word>> play does not establish fatherhood yeah but,taru there you go that's your reason <<wordplay>> does not establish fatherhood yeah but what,1192,1193,1207,1208,1,0,0,1
S01E16,106,counted_remaining_error,delete,play,,there ya go that's your reason word <<play>> does not establish fatherhood yeah but what,there you go that's your reason wordplay <<<gap>>> does not establish fatherhood yeah but what,1193,1194,1208,1208,0,1,0,1
S01E16,108,excluded_name_error,substitute,okarin,ocarine,suzuha is part of in the future <<okarin>> it was founded by you and barrel,suzuha is part of in the future <<ocarine>> it was founded by you and beryl,1212,1213,1226,1227,1,0,0,1
S01E16,110,excluded_name_error,substitute,barrel titor,beryl teeter,okarin it was founded by you and <<barrel titor>> wasn't it and the only other guy,ocarine it was founded by you and <<beryl teeter>> wasn't it and the only other guy,1219,1221,1233,1235,2,0,0,2
S01E16,112,counted_remaining_error,substitute,your,you're,you're doing in akihabara in 2010 and <<your>> reading stoner thing reading steiner sure well,you're doing in akihabara in 2010 and <<you're>> reading stoner thing reading steiner sure well,1243,1244,1257,1258,1,0,0,1
S01E16,114,counted_remaining_error,substitute,yup,yep,our noses what the time machine's name <<yup>> fg204 fg like future gadget you see,our noses what the time machine's name <<yep>> fg204 fg like future gadget you see,1280,1281,1294,1295,1,0,0,1
S01E16,116,counted_remaining_error,substitute,kay,okay,rest does that remind anyone of anything <<kay>> it says future gadget two hundred and,rest does that remind anyone of anything <<okay>> it says future gadget 204 2nd edition,1304,1305,1318,1319,1,0,0,1
S01E16,118,counted_remaining_error,substitute,two hundred,204 2nd,of anything kay it says future gadget <<two hundred>> and four second edition version two point,of anything okay it says future gadget <<204 2nd>> edition version two 31 that padded naming,1309,1311,1323,1325,2,0,0,2
S01E16,119,counted_remaining_error,delete,and four second,,kay it says future gadget two hundred <<and four second>> edition version two point three one that,okay it says future gadget 204 2nd <<<gap>>> edition version two 31 that padded naming,1311,1314,1325,1325,0,3,0,3
S01E16,121,counted_remaining_error,substitute,point,31,hundred and four second edition version two <<point>> three one that padded naming style you're,future gadget 204 2nd edition version two <<31>> that padded naming style you're my dad,1317,1318,1328,1329,1,0,0,1
S01E16,122,counted_remaining_error,delete,three one,,and four second edition version two point <<three one>> that padded naming style you're my dad,gadget 204 2nd edition version two 31 <<<gap>>> that padded naming style you're my dad,1318,1320,1329,1329,0,2,0,2
S01E16,124,counted_remaining_error,substitute,'cause,because,that's going to be kind of tough <<'cause>> i already am proud of you i,that's going to be kind of tough <<because>> i already am proud of you i,1413,1414,1422,1423,1,0,0,1
S01E16,126,excluded_name_error,substitute,ibn,ibm,you be careful thanks you too that <<ibn>> 5100 is as good as mine you'll,you be careful thanks you too that <<ibm>> 5100 is as good as mine you'll,1471,1472,1480,1481,1,0,0,1
S01E16,128,counted_remaining_error,substitute,k,okay,gets to you guys in one piece <<k>> i won't see it but make it,gets to you guys in one piece <<okay>> i won't see it but make it,1491,1492,1500,1501,1,0,0,1
S01E16,130,counted_remaining_error,insert,,sousa hmm,recognize me when i'm 35 years older <<<gap>>> suzuha suzuha i promise you we're going,recognize me when i'm 35 years older <<sousa hmm>> hmm suzuha i promise you we're going,1525,1525,1534,1536,0,0,2,2
S01E16,131,excluded_name_error,substitute,suzuha,hmm,recognize me when i'm 35 years older <<suzuha>> suzuha i promise you we're going to,when i'm 35 years older sousa hmm <<hmm>> suzuha i promise you we're going to,1525,1526,1536,1537,1,0,0,1
S01E16,133,excluded_name_error,substitute,makise,makisei,then the m's got to stand for <<makise>> and the a is for amane right,then the m's got to stand for <<makisei>> and the a is for amane right,1604,1605,1615,1616,1,0,0,1
S01E16,135,counted_remaining_error,insert,,see,them you better spoil them like crazy <<<gap>>> that's what great grandpas are for suzuha,them you better spoil them like crazy <<see>> that's what great grandpas are for suzuha,1721,1721,1732,1733,0,0,1,1
S01E16,137,counted_remaining_error,insert,,do,suzuha mr braun a letter hashida suzu <<<gap>>> d'you really think it's from her wait,suzuha mr braun a letter hashida suzu <<do>> you really think it's from her wait,1734,1734,1746,1747,0,0,1,1
S01E16,138,counted_remaining_error,substitute,d'you,you,suzuha mr braun a letter hashida suzu <<d'you>> really think it's from her wait a,mr braun a letter hashida suzu do <<you>> really think it's from her wait a,1734,1735,1747,1748,1,0,0,1
S01E16,140,counted_remaining_error,substitute,that letter is,i had letters,why'd he bring it up to us <<that letter is>> from a woman who did me a,why'd he bring it up to us <<i had letters>> from a woman who did me a,1750,1753,1763,1766,3,0,0,3
S01E16,142,excluded_name_error,substitute,suzuha,suzaha,okabe this is your very old friend <<suzuha>> in 2010 i've only been gone for,okabe this is your very old friend <<suzaha>> in 2010 i've only been gone for,1803,1804,1816,1817,1,0,0,1
S01E16,144,counted_remaining_error,insert,,failed i,i failed i failed i failed i <<<gap>>> only had to do one thing and,i failed i failed i failed i <<failed i>> only had to do one thing and,1851,1851,1864,1866,0,0,2,2
S01E16,146,excluded_name_error,substitute,ibn,ibm,of me i've never even seen an <<ibn>> 5100 i'm sorry i'm sorry i forgot,of me i've never even seen an <<ibm>> 5100 i'm sorry i'm so sorry i,1957,1958,1972,1973,1,0,0,1
S01E16,148,counted_remaining_error,insert,,so,seen an ibn 5100 i'm sorry i'm <<<gap>>> sorry i forgot about my mission my,seen an ibm 5100 i'm sorry i'm <<so>> sorry i forgot about my mission my,1962,1962,1977,1978,0,0,1,1
S01E16,150,excluded_name_error,substitute,okabe,okap,goddamn sand please please forgive me dear <<okabe>> when i couldn't find my dad that,goddamn sand please please forgive me dear <<okap>> when i couldn't find my dad that,1987,1988,2003,2004,1,0,0,1
S01E16,152,counted_remaining_error,insert,,but,that you not stop me that night <<<gap>>> my life was a waste mr braun,that you not stop me that night <<but>> my life was a waste mr braun,2039,2039,2055,2056,0,0,1,1
S01E16,154,counted_remaining_error,insert,,what do,life was a waste mr braun huh <<<gap>>> whaddya want i'm trying to call it,life was a waste mr braun huh <<what do>> you want i'm trying to call it,2047,2047,2064,2066,0,0,2,2
S01E16,155,counted_remaining_error,substitute,whaddya,you,life was a waste mr braun huh <<whaddya>> want i'm trying to call it a,a waste mr braun huh what do <<you>> want i'm trying to call it a,2047,2048,2066,2067,1,0,0,1
S01E16,157,counted_remaining_error,insert,,damn,nosy i'll wring your neck like a <<<gap>>> chicken but i'll bite how'd a kid,nosy i'll wring your neck like a <<damn>> chicken but i'll bite how'd a kid,2116,2116,2135,2136,0,0,1,1
S01E16,159,counted_remaining_error,insert,,all,friends very old friends but i remember <<<gap>>> the time we spent together a lifetime,friends very old friends but i remember <<all>> the time we spent together a lifetime,2142,2142,2162,2163,0,0,1,1
S01E16,161,counted_remaining_error,insert,,you,she'd been off for about a year <<<gap>>> y'know mentally she was so sunny and,she'd been off for about a year <<you>> know mentally she was so sunny and,2187,2187,2208,2209,0,0,1,1
S01E16,162,counted_remaining_error,substitute,y'know,know,she'd been off for about a year <<y'know>> mentally she was so sunny and all,been off for about a year you <<know>> mentally she was so sunny and all,2187,2188,2209,2210,1,0,0,1
S01E16,164,counted_remaining_error,insert,,all,i thought she'd get through it it's <<<gap>>> my fault her time machine never would,i thought she'd get through it it's <<all>> my fault her time machine never would,2204,2204,2226,2227,0,0,1,1
S01E16,166,excluded_name_error,substitute,okarin,ocarine,not again please don't send another one <<okarin>> if you press that button it's like,not again please don't send another one <<ocarine>> if you press that button it's like,2275,2276,2298,2299,1,0,0,1
S01E16,168,excluded_name_error,substitute,okarin,ocarine,but make it a good future yeah <<okarin>> huh what are you looking at hashida,but make it a good future yeah <<ocarine>> huh what are you looking at hushita,2323,2324,2346,2347,1,0,0,1
S01E16,170,excluded_name_error,substitute,hashida,hushita,okarin huh what are you looking at <<hashida>> suzu huh i wasn't expecting that so,ocarine huh what are you looking at <<hushita>> suzu huh wasn't expecting that so i'm,2330,2331,2353,2354,1,0,0,1
S01E16,172,counted_remaining_error,delete,i,,are you looking at hashida suzu huh <<i>> wasn't expecting that so i'm assuming you,are you looking at hushita suzu huh <<<gap>>> wasn't expecting that so i'm assuming that,2333,2334,2356,2356,0,1,0,1
S01E16,174,counted_remaining_error,insert,,that,i wasn't expecting that so i'm assuming <<<gap>>> you knew her yeah and she's been,huh wasn't expecting that so i'm assuming <<that>> you knew her yeah and she's been,2340,2340,2362,2363,0,0,1,1
S01E16,176,counted_remaining_error,insert,,what,at the end killed herself didn't she <<<gap>>> the hell she got sick and died,at the end killed herself didn't she <<what>> the hell she got sick and died,2384,2384,2407,2408,0,0,1,1
S01E16,178,counted_remaining_error,substitute,lived,live,got sick and died you freak i <<lived>> with her so i would know killed,got sick and died you freak i <<live>> with her so i'd know killed herself,2394,2395,2418,2419,1,0,0,1
S01E16,180,counted_remaining_error,substitute,i,i'd,you freak i lived with her so <<i>> would know killed herself my ass that,you freak i live with her so <<i'd>> know killed herself my ass that bicycle,2398,2399,2422,2423,1,0,0,1
S01E16,181,counted_remaining_error,delete,would,,freak i lived with her so i <<would>> know killed herself my ass that bicycle,freak i live with her so i'd <<<gap>>> know killed herself my ass that bicycle,2399,2400,2423,2423,0,1,0,1
S01E16,183,counted_remaining_error,insert,,susie,my ass that bicycle it's a beaut <<<gap>>> suzu loved the hell outta that bike,my ass that bicycle it's a beaut <<susie>> would love the hell out of that,2410,2410,2433,2434,0,0,1,1
S01E16,184,counted_remaining_error,substitute,suzu loved,would love,my ass that bicycle it's a beaut <<suzu loved>> the hell outta that bike she'd ride,ass that bicycle it's a beaut susie <<would love>> the hell out of that bike she'd,2410,2412,2434,2436,2,0,0,2
S01E16,186,counted_remaining_error,insert,,out,it's a beaut suzu loved the hell <<<gap>>> outta that bike she'd ride it any,a beaut susie would love the hell <<out>> of that bike she'd ride it any,2414,2414,2438,2439,0,0,1,1
S01E16,187,counted_remaining_error,substitute,outta,of,it's a beaut suzu loved the hell <<outta>> that bike she'd ride it any chance,beaut susie would love the hell out <<of>> that bike she'd ride it any chance,2414,2415,2439,2440,1,0,0,1
S01E16,189,counted_remaining_error,substitute,ya,you,were just neighbors at first hi how <<ya>> doing y'know but later when my house,were just neighbors at first hi how <<you>> doing you know but later when my,2448,2449,2473,2474,1,0,0,1
S01E16,191,counted_remaining_error,insert,,you,neighbors at first hi how ya doing <<<gap>>> y'know but later when my house burned,neighbors at first hi how you doing <<you>> know but later when my house burned,2450,2450,2475,2476,0,0,1,1
S01E16,192,counted_remaining_error,substitute,y'know,know,neighbors at first hi how ya doing <<y'know>> but later when my house burned down,at first hi how you doing you <<know>> but later when my house burned down,2450,2451,2476,2477,1,0,0,1
S01E16,194,counted_remaining_error,substitute,charged,charging,one of her rooms out to me <<charged>> me next to nothing and only accepted,one of her rooms out to me <<charging>> me next to nothing and only accepted,2472,2473,2498,2499,1,0,0,1
S01E16,196,counted_remaining_error,insert,,you,she was a rare bird that one <<<gap>>> y'know i asked her once why are,she was a rare bird that one <<you>> know i asked her once why you,2513,2513,2539,2540,0,0,1,1
S01E16,197,counted_remaining_error,substitute,y'know,know,she was a rare bird that one <<y'know>> i asked her once why are you,was a rare bird that one you <<know>> i asked her once why you being,2513,2514,2540,2541,1,0,0,1
S01E16,199,counted_remaining_error,delete,are,,one y'know i asked her once why <<are>> you being so good to a fella,you know i asked her once why <<<gap>>> you being so good to a fellow,2519,2520,2546,2546,0,1,0,1
S01E16,201,counted_remaining_error,substitute,fella,fellow,are you being so good to a <<fella>> who isn't nothing to ya she just,why you being so good to a <<fellow>> isn't nothing to you she just smiled,2526,2527,2552,2553,1,0,0,1
S01E16,202,counted_remaining_error,delete,who,,you being so good to a fella <<who>> isn't nothing to ya she just smiled,you being so good to a fellow <<<gap>>> isn't nothing to you she just smiled,2527,2528,2553,2553,0,1,0,1
S01E16,204,counted_remaining_error,substitute,ya,you,to a fella who isn't nothing to <<ya>> she just smiled that easy smile of,good to a fellow isn't nothing to <<you>> she just smiled that easy smile of,2531,2532,2556,2557,1,0,0,1
S01E16,206,counted_remaining_error,insert,,give,when your number comes up oh yeah <<<gap>>> gimmie a sec this thing was her,when your number comes up oh yeah <<give>> me a sec this thing was her,2572,2572,2597,2598,0,0,1,1
S01E16,207,counted_remaining_error,substitute,gimmie,me,when your number comes up oh yeah <<gimmie>> a sec this thing was her prized,your number comes up oh yeah give <<me>> a sec this thing was her prized,2572,2573,2598,2599,1,0,0,1
S01E16,209,counted_remaining_error,delete,loop,,one percent the train on the outside <<loop>> will be arriving momentarily for your safety,one percent the train on the outside <<<gap>>> will be arriving momentarily for your safety,2657,2658,2683,2683,0,1,0,1
S01E16,211,counted_remaining_error,substitute,the,me,momentarily for your safety please remain behind <<the>> yellow line but that means nobody's called,momentarily for your safety please remain behind <<me>> but that means nobody's called in a,2668,2669,2693,2694,1,0,0,1
S01E16,212,counted_remaining_error,delete,yellow line,,for your safety please remain behind the <<yellow line>> but that means nobody's called in a,for your safety please remain behind me <<<gap>>> but that means nobody's called in a,2669,2671,2694,2694,0,2,0,2
S01E16,214,excluded_name_error,substitute,oh,mayuri,nobody's called in a bomb threat mayuri <<oh>> no mayuri huh you feeling okay yeah,nobody's called in a bomb threat mayuri <<mayuri>> mayuri you feeling okay yeah i'm fine,2681,2682,2704,2705,1,0,0,1
S01E16,215,counted_remaining_error,delete,no,,called in a bomb threat mayuri oh <<no>> mayuri huh you feeling okay yeah i'm,called in a bomb threat mayuri mayuri <<<gap>>> mayuri you feeling okay yeah i'm fine,2682,2683,2705,2705,0,1,0,1
S01E16,217,counted_remaining_error,delete,huh,,a bomb threat mayuri oh no mayuri <<huh>> you feeling okay yeah i'm fine oh,in a bomb threat mayuri mayuri mayuri <<<gap>>> you feeling okay yeah i'm fine oh,2684,2685,2706,2706,0,1,0,1
S01E16,219,counted_remaining_error,insert,,you,i hollered for her to wake up <<<gap>>> y'know but no dice suzuha did we,i hollered for her to wake up <<you>> know but no dice susa did we,2714,2714,2735,2736,0,0,1,1
S01E16,220,counted_remaining_error,substitute,y'know,know,i hollered for her to wake up <<y'know>> but no dice suzuha did we change,hollered for her to wake up you <<know>> but no dice susa did we change,2714,2715,2736,2737,1,0,0,1
S01E16,222,excluded_name_error,substitute,suzuha,susa,to wake up y'know but no dice <<suzuha>> did we change the world enough is,wake up you know but no dice <<susa>> did we change the world enough is,2718,2719,2740,2741,1,0,0,1
S01E16,224,counted_remaining_error,insert,,thank you thank you thank you you,world enough is mayuri going to live <<<gap>>>,world enough is mayuri going to live <<thank you thank you thank you you>>,2730,2730,2752,2759,0,0,7,7
S01E17,1,counted_remaining_error,insert,,a,braun's house nothing not so much as <<<gap>>> car backfiring up to that point the,braun's house nothing not so much as <<a>> car backfiring up to that point the,14,14,14,15,0,0,1,1
S01E17,3,counted_remaining_error,substitute,thirteenth,13th,car backfiring up to that point the <<thirteenth>> had always been d day i think,car backfiring up to that point the <<13th>> had always been d day i think,21,22,22,23,1,0,0,1
S01E17,5,excluded_name_error,substitute,suzuha,susa,i think telling myself not to follow <<suzuha>> got us close enough to the one,i think telling myself not to follow <<susa>> got us close enough to the one,34,35,35,36,1,0,0,1
S01E17,7,counted_remaining_error,delete,percent,,got us close enough to the one <<percent>> maybe hopefully just please please let this,got us close enough to the one <<<gap>>> maybe hopefully just please please let this,42,43,43,43,0,1,0,1
S01E17,9,counted_remaining_error,substitute,your,you're,you a while ago don't tell me <<your>> broken so not fair i've taken extra,you a while ago don't tell me <<you're>> broken so not fair i've taken extra,66,67,66,67,1,0,0,1
S01E17,11,counted_remaining_error,insert,,thank you thank you,extra special care of you and everything <<<gap>>> okay you've got my attention why are,extra special care of you and everything <<thank you thank you>> okay you've got my attention why are,80,80,80,84,0,0,4,4
S01E17,13,counted_remaining_error,delete,to,,you've been time leaping like a madman <<to>> trying to stop it haven't you must've,you've been time leaping like a madman <<<gap>>> trying to stop it haven't you it,110,111,114,114,0,1,0,1
S01E17,15,counted_remaining_error,insert,,it must,to trying to stop it haven't you <<<gap>>> must've been horrible alright help me think,madman trying to stop it haven't you <<it must>> have been horrible all right help me,117,117,120,122,0,0,2,2
S01E17,16,counted_remaining_error,substitute,must've,have,to trying to stop it haven't you <<must've>> been horrible alright help me think what,to stop it haven't you it must <<have>> been horrible all right help me think,117,118,122,123,1,0,0,1
S01E17,18,counted_remaining_error,insert,,all,stop it haven't you must've been horrible <<<gap>>> alright help me think what have we,haven't you it must have been horrible <<all>> right help me think what have we,120,120,125,126,0,0,1,1
S01E17,19,counted_remaining_error,substitute,alright,right,stop it haven't you must've been horrible <<alright>> help me think what have we got,you it must have been horrible all <<right>> help me think what have we got,120,121,126,127,1,0,0,1
S01E17,21,excluded_name_error,substitute,suzuha,suzaha,what have we got we know that <<suzuha>> feels we can spare mayuri by shifting,what have we got we know that <<suzaha>> feels we can spare mayuri by shifting,131,132,137,138,1,0,0,1
S01E17,23,counted_remaining_error,insert,,of,currently in to a beta world line <<<gap>>> 'course to do that we'd need to,currently in to a beta world line <<of>> course to do that we'd need to,151,151,157,158,0,0,1,1
S01E17,24,counted_remaining_error,substitute,'course,course,currently in to a beta world line <<'course>> to do that we'd need to hack,in to a beta world line of <<course>> to do that we'd need to hack,151,152,158,159,1,0,0,1
S01E17,26,excluded_name_error,substitute,sern's,cern's,do that we'd need to hack into <<sern's>> database and delete every shred of intel,do that we'd need to hack into <<cern's>> database and delete every shred of intel,160,161,167,168,1,0,0,1
S01E17,28,excluded_name_error,substitute,ibn,ibm,the laboratory which means we'd need the <<ibn>> that's the thing it'd been in storage,the laboratory which means we'd need the <<ibm>> that's the thing they'd been in storage,178,179,185,186,1,0,0,1
S01E17,30,counted_remaining_error,substitute,it'd,they'd,we'd need the ibn that's the thing <<it'd>> been in storage at the yanabayashi shrine,we'd need the ibm that's the thing <<they'd>> been in storage at the yanabayashi shrine,182,183,189,190,1,0,0,1
S01E17,32,excluded_name_error,substitute,moeka's,moek's,in storage at the yanabayashi shrine before <<moeka's>> d mail now though needle in a,in storage at the yanabayashi shrine before <<moek's>> d mail now they'll needle in a,191,192,198,199,1,0,0,1
S01E17,34,counted_remaining_error,substitute,though,they'll,yanabayashi shrine before moeka's d mail now <<though>> needle in a haystack just bear with,yanabayashi shrine before moek's d mail now <<they'll>> needle in a haystack just bear with,195,196,202,203,1,0,0,1
S01E17,36,excluded_name_error,substitute,kiryuu's,kiryu's,started all of this the lottery one <<kiryuu's>> ruka's faris' the one about suzuha apparently,started all of this the lottery one <<kiryu's>> ruka's ferris's and the one about susa,221,222,228,229,1,0,0,1
S01E17,38,excluded_name_error,insert,,ferris's,of this the lottery one kiryuu's ruka's <<<gap>>> faris' the one about suzuha apparently undoing,of this the lottery one kiryu's ruka's <<ferris's>> and the one about susa apparently undoing,223,223,230,231,0,0,1,1
S01E17,39,counted_remaining_error,substitute,faris',and,of this the lottery one kiryuu's ruka's <<faris'>> the one about suzuha apparently undoing that,this the lottery one kiryu's ruka's ferris's <<and>> the one about susa apparently undoing the,223,224,231,232,1,0,0,1
S01E17,41,excluded_name_error,substitute,suzuha,susa,one kiryuu's ruka's faris' the one about <<suzuha>> apparently undoing that last one gave you,kiryu's ruka's ferris's and the one about <<susa>> apparently undoing the last one gave you,227,228,235,236,1,0,0,1
S01E17,43,counted_remaining_error,substitute,that,the,faris' the one about suzuha apparently undoing <<that>> last one gave you a little wiggle,and the one about susa apparently undoing <<the>> last one gave you a little wiggle,230,231,238,239,1,0,0,1
S01E17,45,counted_remaining_error,substitute,to,into,in reverse order might pop us back <<to>> a world line where the ibn's accounted,in reverse order might pop us back <<into>> a world line where the ibn is,272,273,280,281,1,0,0,1
S01E17,47,excluded_name_error,insert,,ibn,back to a world line where the <<<gap>>> ibn's accounted for i'm just shooting in,back into a world line where the <<ibn>> is accounted for i'm just shooting in,278,278,286,287,0,0,1,1
S01E17,48,excluded_name_error,substitute,ibn's,is,back to a world line where the <<ibn's>> accounted for i'm just shooting in the,into a world line where the ibn <<is>> accounted for i'm just shooting in the,278,279,287,288,1,0,0,1
S01E17,50,counted_remaining_error,substitute,the,a,worse yes we could if there's even <<the>> ghost of chance i feel like i,worse yes we could if there's even <<a>> ghost of a chance i feel like,305,306,314,315,1,0,0,1
S01E17,52,counted_remaining_error,insert,,a,could if there's even the ghost of <<<gap>>> chance i feel like i shouldn't let,could if there's even a ghost of <<a>> chance i feel like i shouldn't let,308,308,317,318,0,0,1,1
S01E17,54,counted_remaining_error,substitute,neurological,neurologic,our to mankind's understanding of time travel's <<neurological>> thank you kurisu you just called me,our to mankind's understanding of time travel's <<neurologic>> thank you caruso you just called me,370,371,380,381,1,0,0,1
S01E17,56,excluded_name_error,substitute,kurisu,caruso,understanding of time travel's neurological thank you <<kurisu>> you just called me by my name,understanding of time travel's neurologic thank you <<caruso>> you just called me by my name,373,374,383,384,1,0,0,1
S01E17,58,counted_remaining_error,substitute,wassabi,wasabi,the one we allowed faris to send <<wassabi>> look don't freak out i need to,the one we allowed faris to send <<wasabi>> look don't freak out i need to,416,417,426,427,1,0,0,1
S01E17,60,counted_remaining_error,substitute,rai,ryenet,then well the last match of the <<rai>> net abgc just wrapped so smart money,then well the last match of the <<ryenet>> abgc just wrapped so smart money says,450,451,460,461,1,0,0,1
S01E17,61,counted_remaining_error,delete,net,,well the last match of the rai <<net>> abgc just wrapped so smart money says,well the last match of the ryenet <<<gap>>> abgc just wrapped so smart money says,451,452,461,461,0,1,0,1
S01E17,63,counted_remaining_error,substitute,ugh,oh,says she's at the upx building abgc <<ugh>> you're killing me old man stands for,says she's at the upx building abgc <<oh>> you're killing me old man stands for,465,466,474,475,1,0,0,1
S01E17,65,counted_remaining_error,substitute,rai netter,ryenetter throwdown,stands for access battler's grand championship collective <<rai netter>> throw down for every qualifier in the,stands for access battler's grand championship collective <<ryenetter throwdown>> for every qualifier in the country which,478,480,487,489,2,0,0,2
S01E17,66,counted_remaining_error,delete,throw down,,access battler's grand championship collective rai netter <<throw down>> for every qualifier in the country which,access battler's grand championship collective ryenetter throwdown <<<gap>>> for every qualifier in the country which,480,482,489,489,0,2,0,2
S01E17,68,excluded_name_error,substitute,kyoma,kiyama,moe cultural mecca to well to this <<kyoma>> what in the hell faris 'fraid she's,moe cultural mecca to well to this <<kiyama>> what in the hell ferris afraid she's,531,532,538,539,1,0,0,1
S01E17,70,excluded_name_error,substitute,faris 'fraid,ferris afraid,to this kyoma what in the hell <<faris 'fraid>> she's latched on some douche bag in,to this kiyama what in the hell <<ferris afraid>> she's latched onto some douchebag in a,536,538,543,545,2,0,0,2
S01E17,72,counted_remaining_error,substitute,on,onto,in the hell faris 'fraid she's latched <<on>> some douche bag in lab coat cat's,in the hell ferris afraid she's latched <<onto>> some douchebag in a lab coat cat's,540,541,547,548,1,0,0,1
S01E17,74,counted_remaining_error,substitute,douche bag in,douchebag in a,hell faris 'fraid she's latched on some <<douche bag in>> lab coat cat's outta the bag huh,hell ferris afraid she's latched onto some <<douchebag in a>> lab coat cat's out of the bag,542,545,549,552,3,0,0,3
S01E17,76,counted_remaining_error,insert,,out,some douche bag in lab coat cat's <<<gap>>> outta the bag huh oh well bitch,some douchebag in a lab coat cat's <<out>> of the bag huh oh well bitch,548,548,555,556,0,0,1,1
S01E17,77,counted_remaining_error,substitute,outta,of,some douche bag in lab coat cat's <<outta>> the bag huh oh well bitch can,douchebag in a lab coat cat's out <<of>> the bag huh oh well bitch can,548,549,556,557,1,0,0,1
S01E17,79,counted_remaining_error,substitute,'cause,because,bitch can run but she can't hide <<'cause>> nobody nobody wrangles free of the cid,bitch can run but she can't hide <<because>> nobody nobody wrangles free of the sick,561,562,569,570,1,0,0,1
S01E17,81,counted_remaining_error,substitute,cid,sick,'cause nobody nobody wrangles free of the <<cid>> who are these chodes they call themselves,because nobody nobody wrangles free of the <<sick>> who are these chodes they call themselves,568,569,576,577,1,0,0,1
S01E17,83,counted_remaining_error,substitute,rai,rye,is that they're a gang of hardcore <<rai>> netters who'd sooner drown a puppy than,is that they're a gang of hardcore <<rye>> netters who'd sooner drown a puppy than,594,595,602,603,1,0,0,1
S01E17,85,counted_remaining_error,substitute,in,an,a tournament to me they've been waiting <<in>> ambush since they got booted out of,a tournament to me they've been waiting <<an>> ambush since they got booted out of,610,611,618,619,1,0,0,1
S01E17,87,counted_remaining_error,insert,,come,they're not ninjas they're here somewhere gotcha <<<gap>>> c'mon oh yeah since we're here what'd,they're not ninjas they're here somewhere gotcha <<come>> on oh yeah since we're here what'd,639,639,647,648,0,0,1,1
S01E17,88,counted_remaining_error,substitute,c'mon,on,they're not ninjas they're here somewhere gotcha <<c'mon>> oh yeah since we're here what'd you,not ninjas they're here somewhere gotcha come <<on>> oh yeah since we're here what'd you,639,640,648,649,1,0,0,1
S01E17,90,excluded_name_error,substitute,faris,ferris,on your head wait of course the <<faris>> of this world line hasn't the first,on your head wait of course the <<ferris>> of this world line hasn't the first,686,687,695,696,1,0,0,1
S01E17,92,counted_remaining_error,insert,,uh,the first clue what d mail is <<<gap>>> i that is to say got them,the first clue what d mail is <<uh>> i that is to say got him,699,699,708,709,0,0,1,1
S01E17,94,counted_remaining_error,substitute,them,him,is i that is to say got <<them>> okay speaking hypothetically if i'd told you,uh i that is to say got <<him>> okay speaking hypothetically if i told you,705,706,715,716,1,0,0,1
S01E17,96,counted_remaining_error,substitute,i'd,i,say got them okay speaking hypothetically if <<i'd>> told you we'd invented a time machine,say got him okay speaking hypothetically if <<i>> told you we'd invented a time machine,710,711,720,721,1,0,0,1
S01E17,98,counted_remaining_error,substitute,duh,da,a time machine would you believe me <<duh>> you know your word is law with,a time machine would you believe me <<da>> you know your word is law with,722,723,732,733,1,0,0,1
S01E17,100,counted_remaining_error,substitute,kickass inter dimensional,kick ass interdimensional,just put the finishing touches on a <<kickass inter dimensional>> transporter myself right starting over imagine akihabara,just put the finishing touches on a <<kick ass interdimensional>> transporter myself right starting over imagine akihabara,740,743,750,753,3,0,0,3
S01E17,102,counted_remaining_error,substitute,over,overthink,this like prisoner's base or something don't <<over>> think it just tell me um i,this like prisoner's base or something don't <<overthink>> it just tell me um i have,784,785,794,795,1,0,0,1
S01E17,103,counted_remaining_error,delete,think,,like prisoner's base or something don't over <<think>> it just tell me um i have,like prisoner's base or something don't overthink <<<gap>>> it just tell me um i have,785,786,795,795,0,1,0,1
S01E17,105,counted_remaining_error,substitute,you'll,he'll,moe i probably wouldn't have changed it <<you'll>> laugh but back in the day i,moe i probably wouldn't have changed it <<he'll>> laugh but back in the day i,813,814,822,823,1,0,0,1
S01E17,107,counted_remaining_error,substitute,may's,maze,little girl of his right yes queen <<may's>> how'd you know what i wanted to,little girl of his right yes queen <<maze>> how'd you know what i wanted to,857,858,866,867,1,0,0,1
S01E17,109,counted_remaining_error,substitute,may's,maze,you looking at take it in queen <<may's>> was located on this very spot this,you looking at take it in queen <<maze>> was located on this very spot this,950,951,959,960,1,0,0,1
S01E17,111,counted_remaining_error,substitute,meowster iced,yaster ice,is where we first met welcome home <<meowster iced>> coffee please coming up in two shakes,is where we first met welcome home <<yaster ice>> coffee please special codename k b o,996,998,1005,1007,2,0,0,2
S01E17,113,excluded_name_error,delete,coming up in two shakes of a kitten's tail the competition for the faris cup is about to begin,,met welcome home meowster iced coffee please <<coming up in two shakes of a kitten's tail the competition for the faris cup is about to begin>> special codename bitching k b o o,met welcome home yaster ice coffee please <<<gap>>> special codename k b o o s,1000,1019,1009,1009,0,19,0,19
S01E17,115,counted_remaining_error,delete,bitching,,cup is about to begin special codename <<bitching>> k b o o m otherwise known,home yaster ice coffee please special codename <<<gap>>> k b o o s t i,1021,1022,1011,1011,0,1,0,1
S01E17,117,counted_remaining_error,insert,,s t i,special codename bitching k b o o <<<gap>>> m otherwise known as kah boom faris,please special codename k b o o <<s t i>> m that's otherwise known as kaboom ferris,1026,1026,1015,1018,0,0,3,3
S01E17,119,counted_remaining_error,insert,,that's,codename bitching k b o o m <<<gap>>> otherwise known as kah boom faris i'm,b o o s t i m <<that's>> otherwise known as kaboom ferris i'm okay,1027,1027,1019,1020,0,0,1,1
S01E17,121,excluded_name_error,substitute,kah boom,kaboom ferris,b o o m otherwise known as <<kah boom>> faris i'm okay tell me what's at,t i m that's otherwise known as <<kaboom ferris>> i'm okay tell me what's at stake,1030,1032,1023,1025,2,0,0,2
S01E17,122,excluded_name_error,delete,faris,,o m otherwise known as kah boom <<faris>> i'm okay tell me what's at stake,m that's otherwise known as kaboom ferris <<<gap>>> i'm okay tell me what's at stake,1032,1033,1025,1025,0,1,0,1
S01E17,124,counted_remaining_error,insert,,my,you can't undo the text someone's life <<<gap>>> mayuri's you're kidding me you're just making,you can't undo the text someone's life <<my>> uri's you're kidding me you're just making,1048,1048,1040,1041,0,0,1,1
S01E17,125,excluded_name_error,substitute,mayuri's,uri's,you can't undo the text someone's life <<mayuri's>> you're kidding me you're just making all,can't undo the text someone's life my <<uri's>> you're kidding me you're just making all,1048,1049,1041,1042,1,0,0,1
S01E17,127,excluded_name_error,substitute,mayushii,mayushi,me you're just making all this up <<mayushii>> couldn't be killed over some stupid random,me you're just making all this up <<mayushi>> couldn't be killed over some stupid random,1058,1059,1051,1052,1,0,0,1
S01E17,129,counted_remaining_error,insert,,what,it she's dead i can't tell you <<<gap>>> the hell do you mean faris please,it she's dead i can't tell you <<what>> the hell do you mean ferris please,1091,1091,1084,1085,0,0,1,1
S01E17,131,excluded_name_error,substitute,faris,ferris,tell you the hell do you mean <<faris>> please she's your friend don't you care,you what the hell do you mean <<ferris>> please she's your friend don't you care,1096,1097,1090,1091,1,0,0,1
S01E17,133,excluded_name_error,delete,kyoma,,you let me send saved his life <<kyoma>> oh god no not the badass you,you let me send saved his life <<<gap>>> oh god no not the badass you,1138,1139,1132,1132,0,1,0,1
S01E17,135,counted_remaining_error,substitute,let go,look out,sorry princess this jackass can't help you <<let go>> of me kyoma no cat's in the,sorry princess this jackass can't help you <<look out>> of me kill her that's in the,1158,1160,1151,1153,2,0,0,2
S01E17,137,excluded_name_error,substitute,kyoma no cat's,kill her that's,can't help you let go of me <<kyoma no cat's>> in the cradle boss excellent again the,can't help you look out of me <<kill her that's>> in the cradle boss excellent against this,1162,1165,1155,1158,3,0,0,3
S01E17,139,counted_remaining_error,substitute,again the tingling,against this tingly,no cat's in the cradle boss excellent <<again the tingling>> 'round hear that he's excited what do,her that's in the cradle boss excellent <<against this tingly>> hear that he's excited what do you,1170,1173,1163,1166,3,0,0,3
S01E17,140,counted_remaining_error,delete,'round,,the cradle boss excellent again the tingling <<'round>> hear that he's excited what do you,the cradle boss excellent against this tingly <<<gap>>> hear that he's excited what do you,1173,1174,1166,1166,0,1,0,1
S01E17,142,counted_remaining_error,substitute,will,we'll,do you say we celebrate stop this <<will>> soon be eating pureed humble pie through,do you say we celebrate stop this <<we'll>> soon be eating shurei humble pie through,1186,1187,1178,1179,1,0,0,1
S01E17,144,counted_remaining_error,substitute,pureed,shurei,celebrate stop this will soon be eating <<pureed>> humble pie through a straw lookie here,celebrate stop this we'll soon be eating <<shurei>> humble pie through a straw lookie here,1190,1191,1182,1183,1,0,0,1
S01E17,146,counted_remaining_error,insert,,go,humble pie through a straw lookie here <<<gap>>> let her go kyoma oh i see,humble pie through a straw lookie here <<go>> kill her oh i see we're still,1198,1198,1190,1191,0,0,1,1
S01E17,147,counted_remaining_error,substitute,let,kill,humble pie through a straw lookie here <<let>> her go kyoma oh i see we're,pie through a straw lookie here go <<kill>> her oh i see we're still on,1198,1199,1191,1192,1,0,0,1
S01E17,149,excluded_name_error,delete,go kyoma,,through a straw lookie here let her <<go kyoma>> oh i see we're still on huh,a straw lookie here go kill her <<<gap>>> oh i see we're still on huh,1200,1202,1193,1193,0,2,0,2
S01E17,151,counted_remaining_error,substitute,if,as,we're still on huh well i'm game <<if>> you are no stop it please stop,we're still on huh well i'm game <<as>> you are no stop it please stop,1212,1213,1203,1204,1,0,0,1
S01E17,153,counted_remaining_error,insert,,daddy prepare,it please stop oh shit abort abort <<<gap>>> abort daddy hold it punks what were,it please stop oh shit abort abort <<daddy prepare>> yourselves troglody hold it punks what are,1224,1224,1215,1217,0,0,2,2
S01E17,154,counted_remaining_error,substitute,abort daddy,yourselves troglody,it please stop oh shit abort abort <<abort daddy>> hold it punks what were you up,stop oh shit abort abort daddy prepare <<yourselves troglody>> hold it punks what are you up,1224,1226,1217,1219,2,0,0,2
S01E17,156,counted_remaining_error,substitute,were,are,abort abort daddy hold it punks what <<were>> you up to here wait where'd you,prepare yourselves troglody hold it punks what <<are>> you up to here wait where'd you,1230,1231,1223,1224,1,0,0,1
S01E17,158,counted_remaining_error,substitute,that,not,where'd you guys go the hell shit <<that>> the cops ah well son of a,where'd you guys go the hell shit <<not>> the cops ah well son of a,1243,1244,1236,1237,1,0,0,1
S01E17,160,excluded_name_error,substitute,hashida,hashita,meant to break my promise to hashida <<hashida>> but surely you don't mean suzuha you,meant to break my promise to hashida <<hashita>> but surely you don't mean susa you,1407,1408,1400,1401,1,0,0,1
S01E17,162,excluded_name_error,substitute,suzuha,susa,hashida hashida but surely you don't mean <<suzuha>> you knew her i came by the,hashida hashita but surely you don't mean <<susa>> you knew her i came by the,1413,1414,1406,1407,1,0,0,1
S01E17,164,counted_remaining_error,insert,,i,begin with because of that woman that <<<gap>>> ibn 5100 is as good as mine,begin with because of that woman that <<i>> being 5100 is as good as mine,1430,1430,1423,1424,0,0,1,1
S01E17,165,excluded_name_error,substitute,ibn,being,begin with because of that woman that <<ibn>> 5100 is as good as mine you'll,with because of that woman that i <<being>> 5100 is as good as mine you'll,1430,1431,1424,1425,1,0,0,1
S01E17,167,counted_remaining_error,delete,to,,you'll see i'll make sure it gets <<to>> you guys in one piece how about,you'll see i'll make sure it gets <<<gap>>> you guys in one piece how about,1444,1445,1438,1438,0,1,0,1
S01E17,169,excluded_name_error,substitute,okarin,ocarine,just inhuman please don't send another one <<okarin>> if you press that button it's like,just inhuman please don't send another one <<ocarine>> if you press that button it's like,1628,1629,1621,1622,1,0,0,1
S01E17,171,counted_remaining_error,insert,,and,like none of this was ever real <<<gap>>> if i if i don't then mayuri,like none of this was ever real <<and>> if if i don't then mayuri will,1642,1642,1635,1636,0,0,1,1
S01E17,173,counted_remaining_error,delete,i,,none of this was ever real if <<i>> if i don't then mayuri will may,of this was ever real and if <<<gap>>> if i don't then mayuri will may,1643,1644,1637,1637,0,1,0,1
S01E17,175,excluded_name_error,substitute,faris,ferris,will may i come in yeah sure <<faris>> i hey thanks for sticking up for,will may i come in yeah sure <<ferris>> i hey thanks for sticking up for,1656,1657,1649,1650,1,0,0,1
S01E17,177,excluded_name_error,substitute,faris,ferris,serious for a minute here sorry listen <<faris>> what i said i think it'd be,serious for a minute here sorry listen <<ferris>> what i said i think it'd be,1720,1721,1713,1714,1,0,0,1
S01E17,179,counted_remaining_error,substitute,you,you'd,said i think it'd be better if <<you>> call me rumiho kyoma or maybe i,said i think it'd be better if <<you'd>> call me rumiho kiyoma or maybe i,1730,1731,1723,1724,1,0,0,1
S01E17,181,excluded_name_error,substitute,kyoma,kiyoma,be better if you call me rumiho <<kyoma>> or maybe i should call you okabe,be better if you'd call me rumiho <<kiyoma>> or maybe i should call you okabe,1734,1735,1727,1728,1,0,0,1
S01E17,183,excluded_name_error,substitute,mayushii's,mayushi's,i think not level with me does <<mayushii's>> life really hang in the balance yeah,i think not level with me does <<mayushi's>> life really hang in the balance yeah,1795,1796,1788,1789,1,0,0,1
S01E17,185,counted_remaining_error,substitute,caugh,caught,he heard how upset i was he <<caugh>> an early flight back and i never,he heard how upset i was he <<caught>> an early flight back and i never,1877,1878,1870,1871,1,0,0,1
S01E17,187,excluded_name_error,substitute,faris rumihio,ferris romeo,pretty nice you know while it lasted <<faris rumihio>> i'll undo it okay dad died ten,pretty nice you know while it lasted <<ferris romeo>> i'll undo it okay dad died ten,1934,1936,1927,1929,2,0,0,2
S01E17,189,excluded_name_error,substitute,mayuri pay,maya repay,kind of thing and i can't let <<mayuri pay>> it are you are you sure no,kind of thing and i can't let <<maya repay>> it are you are you sure no,1991,1993,1984,1986,2,0,0,2
S01E17,191,excluded_name_error,substitute,kurisu,kurosu,through with this okay i'll talk to <<kurisu>> she's bound to know an alternative no,through with this okay i'll talk to <<kurosu>> she's bound to know an alternative no,2077,2078,2070,2071,1,0,0,1
S01E17,193,counted_remaining_error,delete,no,,she's bound to know an alternative no <<no>> one's jumping through any more stupid hoops,she's bound to know an alternative no <<<gap>>> one's jumping through any more stupid hoops,2085,2086,2078,2078,0,1,0,1
S01E17,195,counted_remaining_error,insert,,of,jumping through any more stupid hoops because <<<gap>>> me it's not fair to any of,jumping through any more stupid hoops because <<of>> me it's not fair to any of,2094,2094,2086,2087,0,0,1,1
S01E17,197,counted_remaining_error,substitute,are we,i'll be,did she yes she was very brave <<are we>> set meow meow oh my somebody's mister,did she yes she was very brave <<i'll be>> set oh my somebody's mr sad face,2138,2140,2131,2133,2,0,0,2
S01E17,199,counted_remaining_error,delete,meow meow,,she was very brave are we set <<meow meow>> oh my somebody's mister sad face right,she was very brave i'll be set <<<gap>>> oh my somebody's mr sad face right,2141,2143,2134,2134,0,2,0,2
S01E17,201,counted_remaining_error,substitute,mister,mr,we set meow meow oh my somebody's <<mister>> sad face right now what's wrong with,brave i'll be set oh my somebody's <<mr>> sad face right now what's wrong with,2146,2147,2137,2138,1,0,0,1
S01E17,203,counted_remaining_error,insert,,and,i want to keep hold of it <<<gap>>> i'm sure you will we're fired up,i want to keep hold of it <<and>> i'm sure you will we're fired up,2219,2219,2210,2211,0,0,1,1
S01E17,205,counted_remaining_error,substitute,good,goodbye,will we're fired up go for it <<good>> bye daddy kyoma please tell me you've,will we're fired up go for it <<goodbye>> daddy kiyoma please tell me you've seen,2229,2230,2221,2222,1,0,0,1
S01E17,206,counted_remaining_error,delete,bye,,we're fired up go for it good <<bye>> daddy kyoma please tell me you've seen,we're fired up go for it goodbye <<<gap>>> daddy kiyoma please tell me you've seen,2230,2231,2222,2222,0,1,0,1
S01E17,208,excluded_name_error,substitute,kyoma,kiyoma,up go for it good bye daddy <<kyoma>> please tell me you've seen my cell,fired up go for it goodbye daddy <<kiyoma>> please tell me you've seen my cell,2232,2233,2223,2224,1,0,0,1
S01E17,210,excluded_name_error,substitute,faris mayushii,ferris mayushi,you've seen my cell phone lying around <<faris mayushii>> has no idea so by process of,you've seen my cell phone lying around <<ferris mayushi>> has no idea so by process of,2243,2245,2234,2236,2,0,0,2
S01E17,212,excluded_name_error,insert,,ferris,texts have you no decency does the <<<gap>>> fairer sex's privacy account for so little,texts have you no decency does the <<ferris>> sex his privacy account for so little,2278,2278,2269,2270,0,0,1,1
S01E17,213,counted_remaining_error,substitute,fairer sex's,sex his,texts have you no decency does the <<fairer sex's>> privacy account for so little to a,have you no decency does the ferris <<sex his>> privacy account for so little to a,2278,2280,2270,2272,2,0,0,2
S01E17,215,excluded_name_error,substitute,kyoma,kiyoma,so little to a man come on <<kyoma>> don't just stand there and take it,so little to a man come on <<kiyoma>> don't just stand there and take it,2290,2291,2282,2283,1,0,0,1
S01E17,217,counted_remaining_error,delete,ugh,,what a lady might have to hide <<ugh>> oh faris hey hey hands off the,what a lady might have to hide <<<gap>>> oh ferris hey hey hands off the,2309,2310,2301,2301,0,1,0,1
S01E17,219,excluded_name_error,substitute,faris,ferris,lady might have to hide ugh oh <<faris>> hey hey hands off the girl casanova,a lady might have to hide oh <<ferris>> hey hey hands off the girl casanova,2311,2312,2302,2303,1,0,0,1
S01E17,221,counted_remaining_error,substitute,battled,battle,it's just camaraderie in another life we <<battled>> darkness most sinister to arise arm in,it's just camaraderie in another life we <<battle>> darkness most sinister to arise arm in,2338,2339,2329,2330,1,0,0,1
S01E17,223,excluded_name_error,substitute,faris,ferris,reckoning you must be some warrior oh <<faris>> honey you're as loony as he is,reckoning you must be some warrior oh <<ferris>> honey you're as loony as he is,2362,2363,2353,2354,1,0,0,1
S01E17,225,counted_remaining_error,insert,,thank you thank you thank you you,now there's no telling where it is <<<gap>>>,now there's no telling where it is <<thank you thank you thank you you>>,2412,2412,2403,2410,0,0,7,7
S01E18,1,counted_remaining_error,insert,,thank you thank you,yourself to give up being a girl <<<gap>>> what's the damage you're sitting there like,yourself to give up being a girl <<thank you thank you>> what's the damage you're sitting there like,57,57,57,61,0,0,4,4
S01E18,3,counted_remaining_error,insert,,of course,being told i look like a busboy <<<gap>>> 'course could have gone the other way,being told i look like a busboy <<of course>> you could have gone the other way,99,99,103,105,0,0,2,2
S01E18,4,counted_remaining_error,substitute,'course,you,being told i look like a busboy <<'course>> could have gone the other way with,i look like a busboy of course <<you>> could have gone the other way with,99,100,105,106,1,0,0,1
S01E18,6,counted_remaining_error,insert,,a,the other way with it called me <<<gap>>> noodle well hey at least you still,the other way with it called me <<a>> noodle well hey at least you still,110,110,116,117,0,0,1,1
S01E18,8,counted_remaining_error,substitute,wring,ring,least you still have the gumption to <<wring>> a bad joke out of the situation,least you still have the gumption to <<ring>> a bad joke out of the situation,121,122,128,129,1,0,0,1
S01E18,10,counted_remaining_error,insert,,oh,a bad joke out of the situation <<<gap>>> okarin i am so mad at you,a bad joke out of the situation <<oh>> corrine i am so mad at you,129,129,136,137,0,0,1,1
S01E18,11,excluded_name_error,substitute,okarin,corrine,a bad joke out of the situation <<okarin>> i am so mad at you right,bad joke out of the situation oh <<corrine>> i am so mad at you right,129,130,137,138,1,0,0,1
S01E18,13,counted_remaining_error,substitute,wha what,whatever you're,right now i can hardly see straight <<wha what>> are you talking about don't you even,right now i can hardly see straight <<whatever you're>> talking about don't you even try to,143,145,151,153,2,0,0,2
S01E18,14,counted_remaining_error,delete,are you,,i can hardly see straight wha what <<are you>> talking about don't you even try to,i can hardly see straight whatever you're <<<gap>>> talking about don't you even try to,145,147,153,153,0,2,0,2
S01E18,16,counted_remaining_error,insert,,hey,did she what's that got to do <<<gap>>> stop trying to worm your way out,did she what's that got to do <<hey>> stop trying to worm your way out,219,219,225,226,0,0,1,1
S01E18,18,counted_remaining_error,insert,,huh,all there is to it you jerk <<<gap>>> you don't say things like that to,all there is to it you jerk <<huh>> you don't say things like that to,243,243,250,251,0,0,1,1
S01E18,20,counted_remaining_error,substitute,damn,dammit,speak with you in private i'll clarify <<damn>> it would you quit it with the,speak with you in private i'll clarify <<dammit>> would you quit it with the jacket,279,280,287,288,1,0,0,1
S01E18,21,counted_remaining_error,delete,it,,with you in private i'll clarify damn <<it>> would you quit it with the jacket,with you in private i'll clarify dammit <<<gap>>> would you quit it with the jacket,280,281,288,288,0,1,0,1
S01E18,23,counted_remaining_error,substitute,d,email,and short of it really the next <<d>> mail i have to undo is the,and short of it really the next <<email>> i have to undo is the one,299,300,306,307,1,0,0,1
S01E18,24,counted_remaining_error,delete,mail,,short of it really the next d <<mail>> i have to undo is the one,short of it really the next email <<<gap>>> i have to undo is the one,300,301,307,307,0,1,0,1
S01E18,26,excluded_name_error,substitute,ruka send,rukas into,to undo is the one we let <<ruka send>> to his mother's pager while she was,to undo is the one we let <<rukas into>> his mother's pager while she was pregnant,310,312,316,318,2,0,0,2
S01E18,27,counted_remaining_error,delete,to,,is the one we let ruka send <<to>> his mother's pager while she was pregnant,is the one we let rukas into <<<gap>>> his mother's pager while she was pregnant,312,313,318,318,0,1,0,1
S01E18,29,excluded_name_error,substitute,urushibara,arushibara,while she was pregnant with him so <<urushibara>> really is a boy that's rather hard,while she was pregnant with him so <<arushibara>> really is a boy that's rather hard,323,324,328,329,1,0,0,1
S01E18,31,counted_remaining_error,substitute,you'll,she'll,to be but she's so feminine next <<you'll>> tell me she looked like hashida ooooh,to be but she's so feminine next <<she'll>> tell me she looked like hashira oh,351,352,356,357,1,0,0,1
S01E18,33,excluded_name_error,substitute,hashida ooooh,hashira oh,next you'll tell me she looked like <<hashida ooooh>> no heh look wise ruka's no different,next she'll tell me she looked like <<hashira oh>> no no look why is ruka's no,357,359,362,364,2,0,0,2
S01E18,35,counted_remaining_error,substitute,heh,no,me she looked like hashida ooooh no <<heh>> look wise ruka's no different than he,me she looked like hashira oh no <<no>> look why is ruka's no different than,360,361,365,366,1,0,0,1
S01E18,37,counted_remaining_error,insert,,why,looked like hashida ooooh no heh look <<<gap>>> wise ruka's no different than he is,looked like hashira oh no no look <<why>> is ruka's no different than he is,362,362,367,368,0,0,1,1
S01E18,38,counted_remaining_error,substitute,wise,is,looked like hashida ooooh no heh look <<wise>> ruka's no different than he is now,like hashira oh no no look why <<is>> ruka's no different than he is now,362,363,368,369,1,0,0,1
S01E18,40,counted_remaining_error,insert,,of,you're just joking around with me right <<<gap>>> 'course you are that's what you do,you're just joking around with me right <<of>> course you are that's what you do,498,498,504,505,0,0,1,1
S01E18,41,counted_remaining_error,substitute,'course,course,you're just joking around with me right <<'course>> you are that's what you do there,just joking around with me right of <<course>> you are that's what you do there,498,499,505,506,1,0,0,1
S01E18,43,counted_remaining_error,substitute,world,worldline,he really is a guy in another <<world>> line maybe but not in this one,he really is a guy in another <<worldline>> maybe but not in this one hey,616,617,623,624,1,0,0,1
S01E18,44,counted_remaining_error,delete,line,,really is a guy in another world <<line>> maybe but not in this one he,really is a guy in another worldline <<<gap>>> maybe but not in this one hey,617,618,624,624,0,1,0,1
S01E18,46,counted_remaining_error,substitute,he,hey,line maybe but not in this one <<he>> she wants to talk to me could,worldline maybe but not in this one <<hey>> she wants to talk to me could,624,625,630,631,1,0,0,1
S01E18,48,counted_remaining_error,insert,,uh,if oh if you'll be my boyfriend <<<gap>>> i'm sorry i don't uh why me,if oh if you'll be my boyfriend <<uh>> i'm sorry i don't uh why me,710,710,716,717,0,0,1,1
S01E18,50,counted_remaining_error,insert,,really,i don't uh why me because i <<<gap>>> like you more than that i'm crazy,i don't uh why me because i <<really>> like you more than that i'm crazy,719,719,726,727,0,0,1,1
S01E18,52,counted_remaining_error,insert,,much,day just one day give me that <<<gap>>> before i change back but you're a,day just one day give me that <<much>> before i change back you're a dude,750,750,758,759,0,0,1,1
S01E18,54,counted_remaining_error,delete,but,,give me that before i change back <<but>> you're a dude i okay okay yes,me that much before i change back <<<gap>>> you're a dude i i okay okay,754,755,763,763,0,1,0,1
S01E18,56,counted_remaining_error,insert,,i,change back but you're a dude i <<<gap>>> okay okay yes done deal just stop,i change back you're a dude i <<i>> okay okay yes done deal just stop,759,759,767,768,0,0,1,1
S01E18,58,counted_remaining_error,insert,,a,one for the team if only for <<<gap>>> day let us be an item you,one for the team if only for <<a>> day let us be an item you,779,779,788,789,0,0,1,1
S01E18,60,counted_remaining_error,substitute,bleh,blech,a date with her tomorrow that's correct <<bleh>> a mad scientist and a high schooler,a date with her tomorrow that's correct <<blech>> a mad scientist and a high schooler,819,820,829,830,1,0,0,1
S01E18,62,excluded_name_error,substitute,oooh kyouma's,ooh kiyoma's,taunt me i am not your assistant <<oooh kyouma's>> going out on a date that's interesting,taunt me i am not your assistant <<ooh kiyoma's>> going out on a date that's interesting,864,866,874,876,2,0,0,2
S01E18,64,counted_remaining_error,substitute,meowster,meouster,date that's interesting here's your iced coffee <<meowster>> now surely we're close enough to tell,date that's interesting here's your iced coffee <<meouster>> now surely we're close enough to tell,877,878,887,888,1,0,0,1
S01E18,66,counted_remaining_error,insert,,just,all this woman chasing hey you can't <<<gap>>> leave loaded statements like that just hanging,all this woman chasing hey you can't <<just>> leave loaded statements like that hanging in,933,933,943,944,0,0,1,1
S01E18,68,counted_remaining_error,delete,just,,you can't leave loaded statements like that <<just>> hanging in the air so a special,can't just leave loaded statements like that <<<gap>>> hanging in the air so a special,938,939,949,949,0,1,0,1
S01E18,70,counted_remaining_error,substitute,'cause,because,a radish oh shut up i'm blushing <<'cause>> i know your mind is in the,a radish oh shut up i'm blushing <<because>> i know your mind is in the,1027,1028,1037,1038,1,0,0,1
S01E18,72,counted_remaining_error,insert,,oh,having this awkward conversation to begin with <<<gap>>> okarin there some special reason you were,having this awkward conversation to begin with <<oh>> kareen there's some special reason you were,1056,1056,1066,1067,0,0,1,1
S01E18,73,excluded_name_error,substitute,okarin there,kareen there's,having this awkward conversation to begin with <<okarin there>> some special reason you were waiting to,this awkward conversation to begin with oh <<kareen there's>> some special reason you were waiting to,1056,1058,1067,1069,2,0,0,2
S01E18,75,counted_remaining_error,substitute,ol',old,reason you were waiting to fill your <<ol'>> pal in on the sexy details dude,reason you were waiting to fill your <<old>> pal in on the sexy details dude,1067,1068,1078,1079,1,0,0,1
S01E18,77,excluded_name_error,substitute,aoyama,oyama,first i need to find somewhere popular <<aoyama>> perhaps or nishi azabu fashionable and trendy,first i need to find somewhere popular <<oyama>> perhaps or nishiyazabu fashionable and trendy premium,1132,1133,1143,1144,1,0,0,1
S01E18,79,excluded_name_error,substitute,nishi,nishiyazabu,to find somewhere popular aoyama perhaps or <<nishi>> azabu fashionable and trendy premium night special,to find somewhere popular oyama perhaps or <<nishiyazabu>> fashionable and trendy premium night special dinner,1135,1136,1146,1147,1,0,0,1
S01E18,80,counted_remaining_error,delete,azabu,,find somewhere popular aoyama perhaps or nishi <<azabu>> fashionable and trendy premium night special dinner,find somewhere popular oyama perhaps or nishiyazabu <<<gap>>> fashionable and trendy premium night special dinner,1136,1137,1147,1147,0,1,0,1
S01E18,82,counted_remaining_error,substitute,steel,steal,to navigate the oceans of venus better <<steel>> yourself capt'n bite your tongue my iq,to navigate the oceans of venus better <<steal>> yourself captain bite your tongue my iq,1166,1167,1176,1177,1,0,0,1
S01E18,84,counted_remaining_error,substitute,capt'n,captain,the oceans of venus better steel yourself <<capt'n>> bite your tongue my iq is on,the oceans of venus better steal yourself <<captain>> bite your tongue my iq is on,1168,1169,1178,1179,1,0,0,1
S01E18,86,counted_remaining_error,insert,,ho o,have no use for the fairer sex <<<gap>>> hououin kyoma is dedicated to higher purposes,have no use for the fairer sex <<ho o>> in kyoma is dedicated to higher purposes,1194,1194,1204,1206,0,0,2,2
S01E18,87,excluded_name_error,substitute,hououin,in,have no use for the fairer sex <<hououin>> kyoma is dedicated to higher purposes than,use for the fairer sex ho o <<in>> kyoma is dedicated to higher purposes than,1194,1195,1206,1207,1,0,0,1
S01E18,89,counted_remaining_error,insert,,i'm,but overall cleanliness and style certainly do <<<gap>>> good to go in that department nothing,but overall cleanliness and style certainly do <<i'm>> good to go in that department nothing,1318,1318,1330,1331,0,0,1,1
S01E18,91,counted_remaining_error,substitute,broadcasts,broadcast,good to go in that department nothing <<broadcasts>> chic like a crisp white lab coat,good to go in that department nothing <<broadcast>> chic like a crisp white lab coat,1325,1326,1338,1339,1,0,0,1
S01E18,93,counted_remaining_error,substitute,wine,whine,spoon like this is no way to <<wine>> and dine a girl okay that only,spoon like this is no way to <<whine>> and dine a girl okay that only,1391,1392,1404,1405,1,0,0,1
S01E18,95,counted_remaining_error,insert,,maze,okay that only leaves one option queen <<<gap>>> may's in what universe is that acceptable,okay that only leaves one option queen <<maze>> huh in what universe is that acceptable,1403,1403,1416,1417,0,0,1,1
S01E18,96,counted_remaining_error,substitute,may's,huh,okay that only leaves one option queen <<may's>> in what universe is that acceptable then,that only leaves one option queen maze <<huh>> in what universe is that acceptable is,1403,1404,1417,1418,1,0,0,1
S01E18,98,counted_remaining_error,insert,,is,may's in what universe is that acceptable <<<gap>>> then a weapon shop you going to,huh in what universe is that acceptable <<is>> it a weapon shop you going to,1410,1410,1424,1425,0,0,1,1
S01E18,99,counted_remaining_error,substitute,then,it,may's in what universe is that acceptable <<then>> a weapon shop you going to club,in what universe is that acceptable is <<it>> a weapon shop you going to club,1410,1411,1425,1426,1,0,0,1
S01E18,101,counted_remaining_error,substitute,arm,arms,hands the trick is to position your <<arm>> so that a strategically swinging elbow grazes,hands the trick is to position your <<arms>> so that a strategically swinging elbow grazes,1526,1527,1541,1542,1,0,0,1
S01E18,103,counted_remaining_error,substitute,ike,like,know it you're all over each other <<ike>> sea otters man it's so hot in,know it you're all over each other <<like>> sea otters man it's so hot in,1548,1549,1563,1564,1,0,0,1
S01E18,105,counted_remaining_error,insert,,all,why am i even bothering with this <<<gap>>> aright then why do i feel like,why am i even bothering with this <<all>> right then why do i feel like,1620,1620,1635,1636,0,0,1,1
S01E18,106,counted_remaining_error,substitute,aright,right,why am i even bothering with this <<aright>> then why do i feel like i'm,am i even bothering with this all <<right>> then why do i feel like i'm,1620,1621,1636,1637,1,0,0,1
S01E18,108,counted_remaining_error,substitute,eighties,80s,if it's yellow and you're in the <<eighties>> why is some obscure little factoid like,if it's yellow and you're in the <<80s>> why is some obscure little factoid like,1669,1670,1685,1686,1,0,0,1
S01E18,110,excluded_name_error,substitute,hashida,hashira,that seems like a bit much nonsense <<hashida>> to arms commence operation valkyrie huh catchy,that seems like a bit much nonsense <<hashira>> to arms commence operation valkyrie huh catchy,1744,1745,1760,1761,1,0,0,1
S01E18,112,counted_remaining_error,delete,whew,,no i just got here myself actually <<whew>> oh good so i'm not late so,no i just got here myself actually <<<gap>>> oh good so i'm not late so,1801,1802,1817,1817,0,1,0,1
S01E18,114,counted_remaining_error,insert,,uh,oh good so i'm not late so <<<gap>>> shall we go sure i've never seen,oh good so i'm not late so <<uh>> shall we go sure i've never seen,1809,1809,1824,1825,0,0,1,1
S01E18,116,counted_remaining_error,substitute,side,sight,when walking down the street take the <<side>> of oncoming traffic but be subtle something's,when walking down the street take the <<sight>> of oncoming traffic but be subtle something's,1842,1843,1858,1859,1,0,0,1
S01E18,118,counted_remaining_error,substitute,causally,casually,least his heart's in the right place <<causally>> delicately shield her from any passing cars,least his heart's in the right place <<casually>> delicately shield her from any passing cars,1876,1877,1892,1893,1,0,0,1
S01E18,120,counted_remaining_error,substitute,oww,ow,fire in the hole atta boy okabe <<oww>> are you two alright don't accept help,fire in the hole atta boy okabe <<ow>> are you two all right don't accept,1894,1895,1910,1911,1,0,0,1
S01E18,122,counted_remaining_error,insert,,all,atta boy okabe oww are you two <<<gap>>> alright don't accept help from a maid,atta boy okabe ow are you two <<all>> right don't accept help from a maid,1898,1898,1914,1915,0,0,1,1
S01E18,123,counted_remaining_error,substitute,alright,right,atta boy okabe oww are you two <<alright>> don't accept help from a maid damn,boy okabe ow are you two all <<right>> don't accept help from a maid damn,1898,1899,1915,1916,1,0,0,1
S01E18,125,counted_remaining_error,substitute,fourteenth,14th,the subject of firsts today being august <<fourteenth>> this is the anniversary of the first,the subject of firsts today being august <<14th>> this is the anniversary of the first,2042,2043,2059,2060,1,0,0,1
S01E18,127,counted_remaining_error,delete,hmm,,you're like an encyclopedia of neat stuff <<hmm>> well you know how it is can,you're like an encyclopedia of neat stuff <<<gap>>> well you know how it is can,2075,2076,2092,2092,0,1,0,1
S01E18,129,counted_remaining_error,substitute,umm,um,this thing through thank you come again <<umm>> are you bored i mean with the,this thing through thank you come again <<um>> are you bored i mean with the,2122,2123,2138,2139,1,0,0,1
S01E18,131,excluded_name_error,substitute,ruka,buuka,my strength for phase two come along <<ruka>> this heat is killing me he just,my strength for phase two come along <<buuka>> this heat is killing me he just,2154,2155,2170,2171,1,0,0,1
S01E18,133,counted_remaining_error,insert,,you,me made me fall for you hey <<<gap>>> you'd have heard it from someone eventually,me made me fall for you hey <<you>> would have heard it from someone eventually,2300,2300,2316,2317,0,0,1,1
S01E18,134,counted_remaining_error,substitute,you'd,would,me made me fall for you hey <<you'd>> have heard it from someone eventually i,made me fall for you hey you <<would>> have heard it from someone eventually i,2300,2301,2317,2318,1,0,0,1
S01E18,136,excluded_name_error,substitute,faris,ferris,confused this is exactly what happened to <<faris>> her memories are reaching across conflicting world,confused this is exactly what happened to <<ferris>> her memories are reaching across conflicting road,2343,2344,2360,2361,1,0,0,1
S01E18,138,counted_remaining_error,substitute,world,road,faris her memories are reaching across conflicting <<world>> lines thank you it was sweet of,ferris her memories are reaching across conflicting <<road>> lines thank you it was sweet of,2350,2351,2367,2368,1,0,0,1
S01E18,140,counted_remaining_error,insert,,i,was it meant everything to me hey <<<gap>>> here my mother's old pager number meat,was it meant everything to me hey <<i>> here my mother's old pager number meat,2379,2379,2396,2397,0,0,1,1
S01E18,142,counted_remaining_error,insert,,to,veg meat veg meat veg that ought <<<gap>>> make urushibara's mom take the first message,veg meat veg meat veg that ought <<to>> make arushibara's mom take the first message,2396,2396,2414,2415,0,0,1,1
S01E18,144,excluded_name_error,substitute,urushibara's,arushibara's,meat veg meat veg that ought make <<urushibara's>> mom take the first message with a,veg meat veg that ought to make <<arushibara's>> mom take the first message with a,2397,2398,2416,2417,1,0,0,1
S01E18,146,counted_remaining_error,substitute,too too,doot doot,what's wrong okabe you look a little <<too too>> roo great news you guys i saw,what's wrong okabe you look a little <<doot doot>> great news you guys i saw ruka,2432,2434,2451,2453,2,0,0,2
S01E18,147,counted_remaining_error,delete,roo,,okabe you look a little too too <<roo>> great news you guys i saw ruka,okabe you look a little doot doot <<<gap>>> great news you guys i saw ruka,2434,2435,2453,2453,0,1,0,1
S01E18,149,counted_remaining_error,substitute,heart,heartwarming,dark man of mystery today how awesome <<heart>> warming is that uh yeah she was,dark man of mystery today how awesome <<heartwarming>> is that uh yeah she was with,2456,2457,2474,2475,1,0,0,1
S01E18,150,counted_remaining_error,delete,warming,,man of mystery today how awesome heart <<warming>> is that uh yeah she was with,man of mystery today how awesome heartwarming <<<gap>>> is that uh yeah she was with,2457,2458,2475,2475,0,1,0,1
S01E18,152,excluded_name_error,substitute,kyoma,keoma,date isn't over yet wait what okabe <<kyoma>> how dare you saddle me with that,date isn't over yet wait what okabe <<keoma>> how dare you saddle me with that,2527,2528,2544,2545,1,0,0,1
S01E18,154,counted_remaining_error,substitute,that is,and that's,that's how it's always been with us <<that is>> how it's always going to be understood,that's how it's always been with us <<and that's>> how it's always going to be understood,2580,2582,2597,2599,2,0,0,2
S01E18,156,counted_remaining_error,substitute,samidare,samadari,you've learned from knowing me take up <<samidare>> excellent don't falter keep it up right,you've learned from knowing me take up <<samadari>> excellent don't falter keep it up right,2601,2602,2618,2619,1,0,0,1
S01E18,158,counted_remaining_error,substitute,grasshoppa,grasshopper,falter keep it up right heed me <<grasshoppa>> you have much to learn stories of,falter keep it up right heed me <<grasshopper>> you have much to learn stories of,2611,2612,2628,2629,1,0,0,1
S01E18,160,counted_remaining_error,substitute,gnomic,nomic,them traceable to yoshitsune's time the most <<gnomic>> and profound of these tells of a,them traceable to yoshitsune's time the most <<nomic>> and profound of these tells of a,2634,2635,2651,2652,1,0,0,1
S01E18,162,counted_remaining_error,delete,the,,tells of a wandering samurai lost beneath <<the>> this is officially a disaster oh stop,tells of a wandering samurai lost beneath <<<gap>>> this is officially a disaster oh stop,2646,2647,2663,2663,0,1,0,1
S01E18,164,counted_remaining_error,insert,,uh huh,pc you've been looking for the 5100 <<<gap>>> we had a computer from the seventies,pc you've been looking for the 5100 <<uh huh>> we had a computer from the 70s,2699,2699,2715,2717,0,0,2,2
S01E18,166,counted_remaining_error,substitute,seventies,70s,5100 we had a computer from the <<seventies>> that i kind of maybe knocked over,huh we had a computer from the <<70s>> that i kind of maybe knocked over,2705,2706,2723,2724,1,0,0,1
S01E18,168,counted_remaining_error,insert,,our,knocked over and broke while going through <<<gap>>> storage but it was a total accident,knocked over and broke while going through <<our>> storage but it was a total accident,2718,2718,2736,2737,0,0,1,1
S01E18,170,counted_remaining_error,delete,i,,me than i think you'll ever know <<i>> please go i don't want to cry,me than i think you'll ever know <<<gap>>> please go i don't want to cry,2785,2786,2804,2804,0,1,0,1
S01E18,172,counted_remaining_error,substitute,psy congree congroo,sai kongri kongru,aren't you forgetting something the password el <<psy congree congroo>> sure whatever i i really don't want,aren't you forgetting something the password el <<sai kongri kongru>> sure whatever i i really don't want,2808,2811,2826,2829,3,0,0,3
S01E18,174,counted_remaining_error,insert,,rooka,if i'm a boy people won't understand <<<gap>>> rukako the thing is i could handle,if i'm a boy people won't understand <<rooka>> kawa the thing is i could handle,2862,2862,2880,2881,0,0,1,1
S01E18,175,excluded_name_error,substitute,rukako,kawa,if i'm a boy people won't understand <<rukako>> the thing is i could handle all,i'm a boy people won't understand rooka <<kawa>> the thing is i could handle all,2862,2863,2881,2882,1,0,0,1
S01E18,177,counted_remaining_error,insert,,this,to remember how wonderful today's been but <<<gap>>> this'll all go away i'll have no,to remember how wonderful today's been but <<this>> will all go away i'll have no,2883,2883,2902,2903,0,0,1,1
S01E18,178,counted_remaining_error,substitute,this'll,will,to remember how wonderful today's been but <<this'll>> all go away i'll have no idea,remember how wonderful today's been but this <<will>> all go away i'll have no idea,2883,2884,2903,2904,1,0,0,1
S01E18,180,counted_remaining_error,substitute,to,told,went on a date that i got <<to>> hold you like this without worrying what,went on a date that i got <<told>> you like this without worrying what everyone,2903,2904,2923,2924,1,0,0,1
S01E18,181,counted_remaining_error,delete,hold,,on a date that i got to <<hold>> you like this without worrying what everyone,on a date that i got told <<<gap>>> you like this without worrying what everyone,2904,2905,2924,2924,0,1,0,1
S01E18,183,counted_remaining_error,substitute,damn,dammit,do this to myself listen to me <<damn>> it what you are doesn't matter it's,do this to myself listen to me <<dammit>> what you are doesn't matter it's who,2944,2945,2963,2964,1,0,0,1
S01E18,184,counted_remaining_error,delete,it,,this to myself listen to me damn <<it>> what you are doesn't matter it's who,this to myself listen to me dammit <<<gap>>> what you are doesn't matter it's who,2945,2946,2964,2964,0,1,0,1
S01E18,186,counted_remaining_error,insert,,might,was a girl remember how different things <<<gap>>> might've been i won't be able to,was a girl remember how different things <<might>> have been i won't be able to,3003,3003,3021,3022,0,0,1,1
S01E18,187,counted_remaining_error,substitute,might've,have,was a girl remember how different things <<might've>> been i won't be able to help,a girl remember how different things might <<have>> been i won't be able to help,3003,3004,3022,3023,1,0,0,1
S01E18,189,excluded_name_error,substitute,urushibara,erushabara,why are you standing there like that <<urushibara>> ruka delicate as an orchid fair as,why are you standing there like that <<erushabara>> ruka delicate as an orchid fair as,3019,3020,3038,3039,1,0,0,1
S01E18,191,excluded_name_error,substitute,kyoma,kiyoma,me where's this coming from do you <<kyoma>> please i i respect you and a,me where's this coming from do you <<kiyoma>> please i i respect you and a,3049,3050,3068,3069,1,0,0,1
S01E18,193,counted_remaining_error,insert,,thank you thank you thank you you,dude one more d mail deep breath <<<gap>>>,dude one more d mail deep breath <<thank you thank you thank you you>>,3064,3064,3083,3090,0,0,7,7
S01E19,0,counted_remaining_error,insert,,thank you thank you thank you thank you,<<<gap>>> hurry up and cook noodles i had,<<thank you thank you thank you thank you>> hurry up and cook noodles i had,0,0,0,8,0,0,8,8
S01E19,2,counted_remaining_error,insert,,kami,and cook noodles i had fun at <<<gap>>> comima this you're going to go back,and cook noodles i had fun at <<kami>> ma this afternoon you're going to go,9,9,17,18,0,0,1,1
S01E19,3,excluded_name_error,substitute,comima,ma,and cook noodles i had fun at <<comima>> this you're going to go back tomorrow,cook noodles i had fun at kami <<ma>> this afternoon you're going to go back,9,10,18,19,1,0,0,1
S01E19,5,counted_remaining_error,insert,,afternoon,noodles i had fun at comima this <<<gap>>> you're going to go back tomorrow aren't,i had fun at kami ma this <<afternoon>> you're going to go back tomorrow aren't,11,11,20,21,0,0,1,1
S01E19,7,excluded_name_error,substitute,kurisu,curzu,so ooh you should come with me <<kurisu>> uh i dunno big crowds really aren't,so ooh you should come with me <<curzu>> uh i don't know big crowds really,38,39,48,49,1,0,0,1
S01E19,9,counted_remaining_error,insert,,don't,should come with me kurisu uh i <<<gap>>> dunno big crowds really aren't my thing,should come with me curzu uh i <<don't>> know big crowds really aren't my thing,41,41,51,52,0,0,1,1
S01E19,10,counted_remaining_error,substitute,dunno,know,should come with me kurisu uh i <<dunno>> big crowds really aren't my thing but,come with me curzu uh i don't <<know>> big crowds really aren't my thing but,41,42,52,53,1,0,0,1
S01E19,12,excluded_name_error,substitute,okarin,ocarine,so it shouldn't be too bad hey <<okarin>> want to come with you roof now,so it shouldn't be too bad hey <<ocarine>> want to come with you roof now,60,61,71,72,1,0,0,1
S01E19,14,counted_remaining_error,insert,,my,way i can be sure how long <<<gap>>> mayuri's got on this world line and,way i can be sure how long <<my>> uri's got on this world line and,203,203,214,215,0,0,1,1
S01E19,15,excluded_name_error,substitute,mayuri's,uri's,way i can be sure how long <<mayuri's>> got on this world line and once,i can be sure how long my <<uri's>> got on this world line and once,203,204,215,216,1,0,0,1
S01E19,17,counted_remaining_error,substitute,once,one,and once i am i'll leap back <<once>> last time and i'll stop it so,and once i am i'll leap back <<one>> last time and i'll stop it so,216,217,228,229,1,0,0,1
S01E19,19,excluded_name_error,substitute,kiryuu moeka,kira yumoaka,next d mail it was from this <<kiryuu moeka>> girl right indeed and i know what,next d mail it was from this <<kira yumoaka>> girl right indeed and i know what,232,234,244,246,2,0,0,2
S01E19,21,counted_remaining_error,substitute,you,you'd,new message from that phone though then <<you>> had better start looking for her i'll,new message from that phone though then <<you'd>> better start looking for her huh i'll,269,270,281,282,1,0,0,1
S01E19,22,counted_remaining_error,delete,had,,message from that phone though then you <<had>> better start looking for her i'll go,message from that phone though then you'd <<<gap>>> better start looking for her huh i'll,270,271,282,282,0,1,0,1
S01E19,24,counted_remaining_error,insert,,huh,you had better start looking for her <<<gap>>> i'll go with mayuri to comima what,then you'd better start looking for her <<huh>> i'll go with mayuri to kamima what,276,276,287,288,0,0,1,1
S01E19,26,excluded_name_error,substitute,comima,kamima,for her i'll go with mayuri to <<comima>> what maybe we'll get lucky and she,her huh i'll go with mayuri to <<kamima>> what maybe we'll get lucky and she,281,282,293,294,1,0,0,1
S01E19,28,counted_remaining_error,insert,,all,you okabe you don't have to bottle <<<gap>>> this stuff up from this moment on,you okabe you don't have to bottle <<all>> this stuff up from this moment on,330,330,342,343,0,0,1,1
S01E19,30,counted_remaining_error,substitute,'cause,cause,always been right don't you forget it <<'cause>> no matter how many world lines you,always been right don't you forget it <<cause>> no matter how many world lines you,356,357,369,370,1,0,0,1
S01E19,32,counted_remaining_error,substitute,ariake,ariaki,to change i've got your back at <<ariake>> now huge crowd here worse than i,to change i've got your back at <<ariaki>> now huge crowd here worse than i,375,376,388,389,1,0,0,1
S01E19,34,excluded_name_error,substitute,moeka,maoka,tell me roger don't do anything crazy <<moeka>> you said if she's the girl i'm,tell me roger don't do anything crazy <<maoka>> you said if she's the girl i'm,409,410,422,423,1,0,0,1
S01E19,36,counted_remaining_error,delete,late,,name yes sir when did she die <<late>> last night more or less body was,name yes sir when did she die <<<gap>>> last night more or less body was,460,461,473,473,0,1,0,1
S01E19,38,counted_remaining_error,substitute,chiyoda,kyoto,or less body was taken to third <<chiyoda>> hospital having trouble with the next of,or less body was taken to third <<kyoto>> hospital having trouble with the next of,471,472,483,484,1,0,0,1
S01E19,40,counted_remaining_error,delete,though,,having trouble with the next of kin <<though>> i'm too late you feeling all right,having trouble with the next of kin <<<gap>>> i'm too late can't find a one,480,481,492,492,0,1,0,1
S01E19,42,counted_remaining_error,insert,,can't find a one of them,next of kin though i'm too late <<<gap>>> you feeling all right suicide think maybe,the next of kin i'm too late <<can't find a one of them>> you feeling all right suicide think maybe,484,484,495,501,0,0,6,6
S01E19,44,counted_remaining_error,insert,,my,why damn it man it doesn't matter <<<gap>>> mayuri is doomed wait another time leap,why damn it man it doesn't matter <<my>> eerie is doomed wait another time leap,507,507,524,525,0,0,1,1
S01E19,45,excluded_name_error,substitute,mayuri,eerie,why damn it man it doesn't matter <<mayuri>> is doomed wait another time leap if,damn it man it doesn't matter my <<eerie>> is doomed wait another time leap if,507,508,525,526,1,0,0,1
S01E19,47,excluded_name_error,substitute,moeka,moaga,time leap if i can get to <<moeka>> before she dies last night go ahead,time leap if i can get to <<moaga>> before she dies last night go ahead,519,520,537,538,1,0,0,1
S01E19,49,counted_remaining_error,delete,she,,before she dies last night go ahead <<she>> oh god okabe she she's dead mayuri's,before she dies last night go ahead <<<gap>>> oh god okabe she's dead time of,527,528,545,545,0,1,0,1
S01E19,51,counted_remaining_error,delete,she,,night go ahead she oh god okabe <<she>> she's dead mayuri's dead time of death,last night go ahead oh god okabe <<<gap>>> she's dead time of death seven 52pm,531,532,548,548,0,1,0,1
S01E19,53,excluded_name_error,delete,mayuri's dead,,she oh god okabe she she's dead <<mayuri's dead>> time of death seven 52 p m,go ahead oh god okabe she's dead <<<gap>>> time of death seven 52pm i should,534,536,550,550,0,2,0,2
S01E19,55,counted_remaining_error,substitute,52,52pm,dead mayuri's dead time of death seven <<52>> p m i should have been with,okabe she's dead time of death seven <<52pm>> i should have been with her what,540,541,554,555,1,0,0,1
S01E19,56,counted_remaining_error,delete,p m,,mayuri's dead time of death seven 52 <<p m>> i should have been with her what,she's dead time of death seven 52pm <<<gap>>> i should have been with her what,541,543,555,555,0,2,0,2
S01E19,58,excluded_name_error,substitute,makise,makisei,look at me like that i wrote <<makise>> on here plain as day are you,look at me like that i wrote <<makisei>> on here plain as day are you,568,569,580,581,1,0,0,1
S01E19,60,excluded_name_error,substitute,kurisu,kurisa,were right i can't do it alone <<kurisu>> huh did you just call me by,were right i can't do it alone <<kurisa>> huh did you just call me by,596,597,608,609,1,0,0,1
S01E19,62,excluded_name_error,substitute,kiryuu,kiriomoaka,call me by name does the name <<kiryuu>> moeka mean anything to you how come,call me by name does the name <<kiriomoaka>> mean anything to you how come should,608,609,620,621,1,0,0,1
S01E19,63,excluded_name_error,delete,moeka,,me by name does the name kiryuu <<moeka>> mean anything to you how come should,me by name does the name kiriomoaka <<<gap>>> mean anything to you how come should,609,610,621,621,0,1,0,1
S01E19,65,excluded_name_error,delete,fb,,or death what do you mean fb <<fb>> write me back please fb did i,or death what do you mean fb <<<gap>>> write me back please fb did i,633,634,644,644,0,1,0,1
S01E19,67,counted_remaining_error,insert,,f,you respond please what did i do <<<gap>>> fb you and i need to chat,you respond please what did i do <<f>> b you and i need to chat,653,653,663,664,0,0,1,1
S01E19,68,excluded_name_error,substitute,fb,b,you respond please what did i do <<fb>> you and i need to chat everything,respond please what did i do f <<b>> you and i need to chat everything,653,654,664,665,1,0,0,1
S01E19,70,excluded_name_error,delete,moeka,,asked for i did all of it <<moeka>> look at me i need you to,asked for i did all of it <<<gap>>> look at me i need you to,669,670,680,680,0,1,0,1
S01E19,72,counted_remaining_error,insert,,f,need you to give me new orders <<<gap>>> fb forget the damn phone hey fb,need you to give me new orders <<f>> b forget the goddamn phone hey f,681,681,691,692,0,0,1,1
S01E19,73,excluded_name_error,substitute,fb,b,need you to give me new orders <<fb>> forget the damn phone hey fb fb,you to give me new orders f <<b>> forget the goddamn phone hey f b,681,682,692,693,1,0,0,1
S01E19,75,counted_remaining_error,substitute,damn,goddamn,give me new orders fb forget the <<damn>> phone hey fb fb fb fb fb,me new orders f b forget the <<goddamn>> phone hey f b f b f,684,685,695,696,1,0,0,1
S01E19,77,counted_remaining_error,insert,,f b f b f b f,orders fb forget the damn phone hey <<<gap>>> fb fb fb fb fb fb fb,f b forget the goddamn phone hey <<f b f b f b f>> b f b f b f b,687,687,698,705,0,0,7,7
S01E19,78,excluded_name_error,substitute,fb fb fb fb fb fb fb fb no,b f b f b f b f b,orders fb forget the damn phone hey <<fb fb fb fb fb fb fb fb no>> no it's mine let go it's mine,f b f b f b f <<b f b f b f b f b>> no it's mine look out it's mine,687,696,705,714,9,0,0,9
S01E19,80,counted_remaining_error,substitute,let go,look out,fb fb fb no no it's mine <<let go>> it's mine i'm sorry but you started,f b f b no it's mine <<look out>> it's mine i'm sorry but you started,699,701,717,719,2,0,0,2
S01E19,82,counted_remaining_error,delete,give it back,,back give it back give it back <<give it back>> hey i'm here you have her phone,back give it back give it back <<<gap>>> hey i'm here you have her phone,729,732,747,747,0,3,0,3
S01E19,84,counted_remaining_error,substitute,pried,pry,i'm here you have her phone just <<pried>> it away from her everything ready on,i'm here you have her phone just <<pry>> it away from her everything ready on,740,741,755,756,1,0,0,1
S01E19,86,counted_remaining_error,substitute,we'll,we're,from her everything ready on your end <<we'll>> all set wow is that her let,from her everything ready on your end <<we're>> all set wow is that her let,750,751,765,766,1,0,0,1
S01E19,88,counted_remaining_error,delete,give it back,,fire it up now i'm on it <<give it back>> this is it the last one one,fire it up now i'm on it <<<gap>>> this is it the last one one,788,791,803,803,0,3,0,3
S01E19,90,counted_remaining_error,substitute,me,it,give it back give it back give <<me>> back my phone hold on why am,give it back give it back give <<it>> back give me my phone hold on,812,813,824,825,1,0,0,1
S01E19,92,counted_remaining_error,insert,,give me,back give it back give me back <<<gap>>> my phone hold on why am i,back give it back give it back <<give me>> my phone hold on why am i,814,814,826,828,0,0,2,2
S01E19,94,counted_remaining_error,delete,aw come on you share this building with other people give it back,,ago why'd it fail give it back <<aw come on you share this building with other people give it back>> why the hell isn't it working the,ago why'd it fail give it back <<<gap>>> why the hell isn't it working the,874,887,888,888,0,13,0,13
S01E19,96,counted_remaining_error,insert,,how,keep her from buying that new phone <<<gap>>> how'm i supposed to convince her you're,keep her from buying that new phone <<how>> am i supposed to convince her you're,924,924,925,926,0,0,1,1
S01E19,97,counted_remaining_error,substitute,how'm,am,keep her from buying that new phone <<how'm>> i supposed to convince her you're right,her from buying that new phone how <<am>> i supposed to convince her you're right,924,925,926,927,1,0,0,1
S01E19,99,counted_remaining_error,insert,,back,we have no idea what she wrote <<<gap>>> to herself whatever she wrote there should,we have no idea what she wrote <<back>> to herself whatever she wrote there should,1012,1012,1014,1015,0,0,1,1
S01E19,101,counted_remaining_error,substitute,it,this,a rest for crying out loud give <<it>> to me gimmie back my phoooone gimmie,a rest for crying out loud give <<this>> to me give me back my phone,1059,1060,1062,1063,1,0,0,1
S01E19,103,counted_remaining_error,insert,,give,crying out loud give it to me <<<gap>>> gimmie back my phoooone gimmie the phone,crying out loud give this to me <<give>> me back my phone give me the,1062,1062,1065,1066,0,0,1,1
S01E19,104,counted_remaining_error,substitute,gimmie,me,crying out loud give it to me <<gimmie>> back my phoooone gimmie the phone it's,out loud give this to me give <<me>> back my phone give me the phone,1062,1063,1066,1067,1,0,0,1
S01E19,106,counted_remaining_error,insert,,phone,give it to me gimmie back my <<<gap>>> phoooone gimmie the phone it's mine calm,this to me give me back my <<phone>> give me the phone it's mine calm,1065,1065,1069,1070,0,0,1,1
S01E19,107,counted_remaining_error,substitute,phoooone gimmie,give me,give it to me gimmie back my <<phoooone gimmie>> the phone it's mine calm down guess,to me give me back my phone <<give me>> the phone it's mine calm down guess,1065,1067,1070,1072,2,0,0,2
S01E19,109,counted_remaining_error,substitute,i the hell're,the hell are,down guess i better check it out <<i the hell're>> you you should be ashamed going at,down guess i better check it out <<the hell are>> you you should be ashamed going at,1079,1082,1084,1087,3,0,0,3
S01E19,111,counted_remaining_error,substitute,the,a,should be ashamed going at it with <<the>> door wide open the hell is wrong,should be ashamed going at it with <<a>> door wide open what's wrong with people,1091,1092,1096,1097,1,0,0,1
S01E19,113,counted_remaining_error,substitute,the,what's,at it with the door wide open <<the>> hell is wrong with people what can,at it with a door wide open <<what's>> wrong with people what can i do,1095,1096,1100,1101,1,0,0,1
S01E19,114,counted_remaining_error,delete,hell is,,it with the door wide open the <<hell is>> wrong with people what can i do,it with a door wide open what's <<<gap>>> wrong with people what can i do,1096,1098,1101,1101,0,2,0,2
S01E19,116,counted_remaining_error,delete,i,,yourself a d mail what i don't <<i>> you got a message a very strange,yourself a d mail what i don't <<<gap>>> you got a message a very strange,1126,1127,1129,1129,0,1,0,1
S01E19,118,counted_remaining_error,insert,,now,a very strange one two weeks ago <<<gap>>> from your future self how'd you know,a very strange one two weeks ago <<now>> from your future self how do you,1138,1138,1140,1141,0,0,1,1
S01E19,120,counted_remaining_error,insert,,how,two weeks ago from your future self <<<gap>>> how'd you know tell me what it,weeks ago now from your future self <<how>> do you know tell me what it,1142,1142,1145,1146,0,0,1,1
S01E19,121,counted_remaining_error,substitute,how'd,do,two weeks ago from your future self <<how'd>> you know tell me what it said,ago now from your future self how <<do>> you know tell me what it said,1142,1143,1146,1147,1,0,0,1
S01E19,123,counted_remaining_error,insert,,must,said and you get your phone back <<<gap>>> must've been something important right the ibn,said and you get your phone back <<must>> have been something important right the ibn,1156,1156,1160,1161,0,0,1,1
S01E19,124,counted_remaining_error,substitute,must've,have,said and you get your phone back <<must've>> been something important right the ibn 5100,and you get your phone back must <<have>> been something important right the ibn 5100,1156,1157,1161,1162,1,0,0,1
S01E19,126,counted_remaining_error,substitute,perhaps,maybe,been something important right the ibn 5100 <<perhaps>> a meet up with your gun toting,been something important right the ibn 5100 <<maybe>> a meet up with your gun toting,1164,1165,1169,1170,1,0,0,1
S01E19,128,counted_remaining_error,insert,,f b,fb gives me guidance purpose purpose so <<<gap>>> fb's calling the shots you're not going,fb gives me guidance purpose purpose so <<f b>> 's calling the shots you're not going,1223,1223,1228,1230,0,0,2,2
S01E19,129,excluded_name_error,substitute,fb's,'s,fb gives me guidance purpose purpose so <<fb's>> calling the shots you're not going to,me guidance purpose purpose so f b <<'s>> calling the shots you're not going to,1223,1224,1230,1231,1,0,0,1
S01E19,131,counted_remaining_error,insert,,f,now when it's obvious that your precious <<<gap>>> fb doesn't give a good goddamn about,now when it's obvious that your precious <<f>> b doesn't give a good goddamn about,1249,1249,1256,1257,0,0,1,1
S01E19,132,excluded_name_error,substitute,fb,b,now when it's obvious that your precious <<fb>> doesn't give a good goddamn about you,when it's obvious that your precious f <<b>> doesn't give a good goddamn about you,1249,1250,1257,1258,1,0,0,1
S01E19,134,counted_remaining_error,insert,,f,goddamn about you you've been written off <<<gap>>> fb has abandoned you i'm not going,goddamn about you you've been written off <<f>> b has abandoned you i'm not going,1261,1261,1269,1270,0,0,1,1
S01E19,135,excluded_name_error,substitute,fb,b,goddamn about you you've been written off <<fb>> has abandoned you i'm not going to,about you you've been written off f <<b>> has abandoned you i'm not going to,1261,1262,1270,1271,1,0,0,1
S01E19,137,counted_remaining_error,insert,,because,they and you know why that's happening <<<gap>>> they don't need you anymore no fb,they and you know why that's happening <<because>> they don't need you anymore no f,1286,1286,1295,1296,0,0,1,1
S01E19,139,counted_remaining_error,insert,,f,happening they don't need you anymore no <<<gap>>> fb would never just throw me away,because they don't need you anymore no <<f>> b would never just throw me away,1292,1292,1302,1303,0,0,1,1
S01E19,140,excluded_name_error,substitute,fb,b,happening they don't need you anymore no <<fb>> would never just throw me away i,they don't need you anymore no f <<b>> would never just throw me away i,1292,1293,1303,1304,1,0,0,1
S01E19,142,counted_remaining_error,insert,,f,just throw me away i was lost <<<gap>>> fb rescued me rescued you they condemned,just throw me away i was lost <<f>> b rescued me rescued you they condemned,1302,1302,1313,1314,0,0,1,1
S01E19,143,excluded_name_error,substitute,fb,b,just throw me away i was lost <<fb>> rescued me rescued you they condemned you,throw me away i was lost f <<b>> rescued me rescued you they condemned you,1302,1303,1314,1315,1,0,0,1
S01E19,145,excluded_name_error,substitute,fb is,f b,would say something like that go ahead <<fb is>> like is like a mother to me,would say something like that go ahead <<f b>> is like a mother to me what,1321,1323,1333,1335,2,0,0,2
S01E19,146,counted_remaining_error,delete,like,,something like that go ahead fb is <<like>> is like a mother to me what,something like that go ahead f b <<<gap>>> is like a mother to me what,1323,1324,1335,1335,0,1,0,1
S01E19,148,counted_remaining_error,insert,,f,with it even work i could do <<<gap>>> fb made me feel so needed i've,with it even work i could do <<f>> b made me feel so needed i've,1359,1359,1370,1371,0,0,1,1
S01E19,149,excluded_name_error,substitute,fb,b,with it even work i could do <<fb>> made me feel so needed i've never,it even work i could do f <<b>> made me feel so needed i've never,1359,1360,1371,1372,1,0,0,1
S01E19,151,counted_remaining_error,insert,,f,either you want to know how your <<<gap>>> fb fairy tale ends 'course you do,either you want to know how your <<f>> b fairy tale ends of course you,1383,1383,1395,1396,0,0,1,1
S01E19,152,excluded_name_error,substitute,fb,b,either you want to know how your <<fb>> fairy tale ends 'course you do you,you want to know how your f <<b>> fairy tale ends of course you do,1383,1384,1396,1397,1,0,0,1
S01E19,154,counted_remaining_error,insert,,of,know how your fb fairy tale ends <<<gap>>> 'course you do you ready you die,how your f b fairy tale ends <<of>> course you do you ready you die,1387,1387,1400,1401,0,0,1,1
S01E19,155,counted_remaining_error,substitute,'course,course,know how your fb fairy tale ends <<'course>> you do you ready you die four,your f b fairy tale ends of <<course>> you do you ready you die four,1387,1388,1401,1402,1,0,0,1
S01E19,157,counted_remaining_error,delete,no,,going to murder yourself surrounded by darkness <<no>> you know what your grand reward is,going to murder yourself surrounded by darkness <<<gap>>> you know what your grand reward is,1479,1480,1493,1493,0,1,0,1
S01E19,159,excluded_name_error,substitute,fb fb,f b,forgotten until they trip over your corpse <<fb fb>> won't help all it would take is,forgotten until they trip over your corpse <<f b>> won't help all it would take is,1503,1505,1516,1518,2,0,0,2
S01E19,161,counted_remaining_error,substitute,nooooo,no,single text right but they don't care <<nooooo>> i'm sorry i assume fb is a,single text right but they don't care <<no>> i'm sorry i assume f b is,1520,1521,1533,1534,1,0,0,1
S01E19,163,counted_remaining_error,insert,,f,don't care nooooo i'm sorry i assume <<<gap>>> fb is a woman you did say,don't care no i'm sorry i assume <<f>> b is a woman you did say,1525,1525,1538,1539,0,0,1,1
S01E19,164,excluded_name_error,substitute,fb,b,don't care nooooo i'm sorry i assume <<fb>> is a woman you did say before,care no i'm sorry i assume f <<b>> is a woman you did say before,1525,1526,1539,1540,1,0,0,1
S01E19,166,excluded_name_error,substitute,ibn,ibm,sorry what'd you learn wait so the <<ibn>> 5100 was stolen by moeka yeah well,sorry what'd you learn wait so the <<ibm>> 5100 was stolen by moeka yeah well,1629,1630,1643,1644,1,0,0,1
S01E19,168,counted_remaining_error,substitute,past her,pastor just,is about the right thing but the <<past her>> didn't believe it i'll prep the phone,is about the right thing but the <<pastor just>> didn't believe it i'll prep the phone,1691,1693,1705,1707,2,0,0,2
S01E19,170,excluded_name_error,substitute,moeka,moaka,right no there's only one person who <<moeka>> is going to believe if she gets,right no there's only one person who <<moaka>> is going to believe if she gets,1722,1723,1736,1737,1,0,0,1
S01E19,172,counted_remaining_error,insert,,f,is it i'm going out to find <<<gap>>> fb i don't suppose that you have,is it i'm going out to find <<f>> b i don't suppose that you have,1750,1750,1764,1765,0,0,1,1
S01E19,173,excluded_name_error,substitute,fb,b,is it i'm going out to find <<fb>> i don't suppose that you have any,it i'm going out to find f <<b>> i don't suppose that you have any,1750,1751,1765,1766,1,0,0,1
S01E19,175,counted_remaining_error,insert,,f,will that happen yes would you if <<<gap>>> fb asked without question i would even,will that happen yes would you if <<f>> b asked without question i would even,1784,1784,1799,1800,0,0,1,1
S01E19,176,excluded_name_error,substitute,fb,b,will that happen yes would you if <<fb>> asked without question i would even if,that happen yes would you if f <<b>> asked without question i would even if,1784,1785,1800,1801,1,0,0,1
S01E19,178,counted_remaining_error,substitute,that,that's,was about to throw you away because <<that>> is exactly what happens and then you,was about to throw you away because <<that's>> exactly what happens and then you cave,1802,1803,1818,1819,1,0,0,1
S01E19,179,counted_remaining_error,delete,is,,about to throw you away because that <<is>> exactly what happens and then you cave,about to throw you away because that's <<<gap>>> exactly what happens and then you cave,1803,1804,1819,1819,0,1,0,1
S01E19,181,counted_remaining_error,substitute,i've,i,i don't leave things to fate anymore <<i've>> fought against it far too long i'll,i don't leave things to fate anymore <<i>> fought against it far too long and,1846,1847,1861,1862,1,0,0,1
S01E19,183,counted_remaining_error,insert,,and,i've fought against it far too long <<<gap>>> i'll keep fighting until mayuri is safe,i fought against it far too long <<and>> i'll keep fighting until my uri is,1853,1853,1868,1869,0,0,1,1
S01E19,185,counted_remaining_error,insert,,my,far too long i'll keep fighting until <<<gap>>> mayuri is safe the coin lockers at,too long and i'll keep fighting until <<my>> uri is safe the coin lockers at,1857,1857,1873,1874,0,0,1,1
S01E19,186,excluded_name_error,substitute,mayuri,uri,far too long i'll keep fighting until <<mayuri>> is safe the coin lockers at the,long and i'll keep fighting until my <<uri>> is safe the coin lockers at the,1857,1858,1874,1875,1,0,0,1
S01E19,188,counted_remaining_error,substitute,dai,die,is safe the coin lockers at the <<dai>> building the computer is inside one of,is safe the coin lockers at the <<die>> building the computer is inside one of,1865,1866,1882,1883,1,0,0,1
S01E19,190,counted_remaining_error,insert,,thank you thank you thank you you,the computer is inside one of them <<<gap>>>,the computer is inside one of them <<thank you thank you thank you you>>,1874,1874,1891,1898,0,0,7,7
S01E20,1,counted_remaining_error,substitute,i've,i,i don't leave things to fate anymore <<i've>> fought against it for far too long,i don't leave things to fate anymore <<i>> fought against it far too long and,44,45,44,45,1,0,0,1
S01E20,3,counted_remaining_error,delete,for,,to fate anymore i've fought against it <<for>> far too long and i'll keep fighting,to fate anymore i fought against it <<<gap>>> far too long and i'll keep fighting,48,49,48,48,0,1,0,1
S01E20,5,counted_remaining_error,insert,,my,too long and i'll keep fighting until <<<gap>>> mayuri is safe the coin lockers at,too long and i'll keep fighting until <<my>> uri is safe the coin lockers at,57,57,56,57,0,0,1,1
S01E20,6,excluded_name_error,substitute,mayuri,uri,too long and i'll keep fighting until <<mayuri>> is safe the coin lockers at the,long and i'll keep fighting until my <<uri>> is safe the coin lockers at the,57,58,57,58,1,0,0,1
S01E20,8,counted_remaining_error,substitute,dai,die,is safe the coin lockers at the <<dai>> building the computer is inside one of,is safe the coin lockers at the <<die>> building the computer is inside one of,65,66,65,66,1,0,0,1
S01E20,10,counted_remaining_error,substitute,that,the,obvious isn't it i'm going to pry <<that>> coin locker open you can give it,obvious isn't it i'm going to pry <<the>> coin locker open you can give it,122,123,122,123,1,0,0,1
S01E20,12,excluded_name_error,substitute,ibn,ibm,so maybe you can only get the <<ibn>> by going back to the first world,so maybe you can only get the <<ibm>> by going back to the first world,169,170,169,170,1,0,0,1
S01E20,14,counted_remaining_error,substitute,we've,we,things in order no cutting corners here <<we've>> finally found it and it does us,things in order no cutting corners here <<we>> finally found it and it does us,193,194,193,194,1,0,0,1
S01E20,16,excluded_name_error,substitute,sern,cern's,because this fb person wants it in <<sern>> custody right ask yourself what's it doing,because this fb person wants it in <<cern's>> custody right ask yourself what's it doing,223,224,223,224,1,0,0,1
S01E20,18,counted_remaining_error,insert,,come,what's it doing in the coin locker <<<gap>>> c'mon she's handing it off of course,what's it doing in the coin locker <<come>> on she's handing it off of course,235,235,235,236,0,0,1,1
S01E20,19,counted_remaining_error,substitute,c'mon,on,what's it doing in the coin locker <<c'mon>> she's handing it off of course stake,it doing in the coin locker come <<on>> she's handing it off of course stake,235,236,236,237,1,0,0,1
S01E20,21,counted_remaining_error,insert,,f b,stake out the lockers and we'll find <<<gap>>> fb what're you doing here if she's,stake out the lockers and we'll find <<f b>> what are you doing here if she's,249,249,250,252,0,0,2,2
S01E20,22,excluded_name_error,substitute,fb what're,what are,stake out the lockers and we'll find <<fb what're>> you doing here if she's coming i,the lockers and we'll find f b <<what are>> you doing here if she's coming i,249,251,252,254,2,0,0,2
S01E20,24,counted_remaining_error,insert,,too,she's coming i want to see her <<<gap>>> but i thought you were afraid she,she's coming i want to see her <<too>> but i thought you were afraid she,262,262,265,266,0,0,1,1
S01E20,26,counted_remaining_error,insert,,why,something wrong uh no it's fine honey <<<gap>>> why're you waiting there with moeka have,something wrong uh no it's fine honey <<why>> are you waiting there with moika have,320,320,324,325,0,0,1,1
S01E20,27,counted_remaining_error,substitute,why're,are,something wrong uh no it's fine honey <<why're>> you waiting there with moeka have you,wrong uh no it's fine honey why <<are>> you waiting there with moika have you,320,321,325,326,1,0,0,1
S01E20,29,excluded_name_error,substitute,moeka,moika,fine honey why're you waiting there with <<moeka>> have you lost your damn mind you,honey why are you waiting there with <<moika>> have you lost your damn mind you,325,326,330,331,1,0,0,1
S01E20,31,counted_remaining_error,insert,,uh,soon as i have something to report <<<gap>>> hey what the hell that's just great,soon as i have something to report <<uh>> hey what the hell that's just great,351,351,356,357,0,0,1,1
S01E20,33,excluded_name_error,substitute,okarin,ocarine,what the hell that's just great that <<okarin>> oh uh yeah what's the matter i'm,what the hell that's just great that <<ocarine>> uh yeah what's the matter i'm kind,359,360,365,366,1,0,0,1
S01E20,34,counted_remaining_error,delete,oh,,the hell that's just great that okarin <<oh>> uh yeah what's the matter i'm kind,the hell that's just great that ocarine <<<gap>>> uh yeah what's the matter i'm kind,360,361,366,366,0,1,0,1
S01E20,36,excluded_name_error,substitute,okarin,ocarina,sad that's all it just feels like <<okarin>> and i haven't talked much in a,sad that's all it just feels like <<ocarina>> and i haven't talked very much in,376,377,381,382,1,0,0,1
S01E20,38,counted_remaining_error,insert,,very,feels like okarin and i haven't talked <<<gap>>> much in a long time heya mayuri,feels like ocarina and i haven't talked <<very>> much in a long time hey amayuri,381,381,386,387,0,0,1,1
S01E20,40,excluded_name_error,substitute,heya mayuri nae too too roo,hey amayuri nye do do do,haven't talked much in a long time <<heya mayuri nae too too roo>> you get one too assistant girl too,talked very much in a long time <<hey amayuri nye do do do>> you get one too assistant girl do,386,392,392,398,6,0,0,6
S01E20,42,counted_remaining_error,substitute,too too roo,do do do,roo you get one too assistant girl <<too too roo>> how about you call me kurisu ladies,do you get one too assistant girl <<do do do>> how about you call me kurisu ladies,398,401,404,407,3,0,0,3
S01E20,44,counted_remaining_error,insert,,oka,ladies afternoon sir sorry about yesterday tell <<<gap>>> okabe he's getting a rent hike worth,ladies afternoon sir sorry about yesterday tell <<oka>> bay he's getting a rent hike worth,414,414,420,421,0,0,1,1
S01E20,45,excluded_name_error,substitute,okabe,bay,ladies afternoon sir sorry about yesterday tell <<okabe>> he's getting a rent hike worth his,afternoon sir sorry about yesterday tell oka <<bay>> he's getting a rent hike worth his,414,415,421,422,1,0,0,1
S01E20,47,counted_remaining_error,insert,,of,out tracking down parts for an experiment <<<gap>>> course he is right lucky bastard's living,out tracking down parts for an experiment <<of>> course he is right lucky bastards living,468,468,475,476,0,0,1,1
S01E20,49,counted_remaining_error,substitute,bastard's,bastards,an experiment course he is right lucky <<bastard's>> living the good life huh a young,experiment of course he is right lucky <<bastards>> living the good life huh a young,473,474,481,482,1,0,0,1
S01E20,51,counted_remaining_error,substitute,the,that,himself good friends like you two and <<the>> husky kid farts around all day pretty,himself good friends like you two and <<that>> husky kid farts around all day pretty,496,497,504,505,1,0,0,1
S01E20,53,excluded_name_error,substitute,kurisu,karasu,then giddy up okay bye mayuri bye <<kurisu>> see ya later so miss bossy whaddya,then giddy up okay bye mayuri bye <<karasu>> see you later so miss bossy what,536,537,544,545,1,0,0,1
S01E20,55,counted_remaining_error,substitute,ya,you,up okay bye mayuri bye kurisu see <<ya>> later so miss bossy whaddya want for,up okay bye mayuri bye karasu see <<you>> later so miss bossy what do you,538,539,546,547,1,0,0,1
S01E20,57,counted_remaining_error,insert,,what do,kurisu see ya later so miss bossy <<<gap>>> whaddya want for dinner hmm let me,karasu see you later so miss bossy <<what do>> you want for dinner hmm let me,543,543,551,553,0,0,2,2
S01E20,58,counted_remaining_error,substitute,whaddya,you,kurisu see ya later so miss bossy <<whaddya>> want for dinner hmm let me think,you later so miss bossy what do <<you>> want for dinner hmm let me think,543,544,553,554,1,0,0,1
S01E20,60,excluded_name_error,substitute,fb mhmm,f b,think about it perusing old messages from <<fb mhmm>> may i read one let's see i,think about it perusing old messages from <<f b>> may i read one let's see i,557,559,567,569,2,0,0,2
S01E20,62,counted_remaining_error,insert,,phobia,to put yourself down having a social <<<gap>>> phobia's nothing to be ashamed of it's,to put yourself down having a social <<phobia>> is nothing to be ashamed of it's,618,618,628,629,0,0,1,1
S01E20,63,counted_remaining_error,substitute,phobia's,is,to put yourself down having a social <<phobia's>> nothing to be ashamed of it's okay,put yourself down having a social phobia <<is>> nothing to be ashamed of it's okay,618,619,629,630,1,0,0,1
S01E20,65,counted_remaining_error,insert,,okay,you agree how very maternal of her <<<gap>>> that's it on the dolly the ibn,you agree how very maternal of her <<okay>> that's it on the dolly the ibn,648,648,659,660,0,0,1,1
S01E20,67,counted_remaining_error,insert,,this train is,at shinjuku i got work after this <<<gap>>> can you believe it man that's rough,at shinjuku i got work after this <<this train is>> bound for shibuya and shinagawa on the,678,678,690,693,0,0,3,3
S01E20,68,counted_remaining_error,substitute,can you believe it man that's rough i'm sorry,bound for shibuya and shinagawa on the yamanose line,at shinjuku i got work after this <<can you believe it man that's rough i'm sorry>> see ya later take it easy okay,got work after this this train is <<bound for shibuya and shinagawa on the yamanose line>> see you later please stand clear of,678,687,693,702,9,0,0,9
S01E20,70,counted_remaining_error,substitute,ya,you,it man that's rough i'm sorry see <<ya>> later take it easy okay heh damn,and shinagawa on the yamanose line see <<you>> later please stand clear of the doorways,688,689,703,704,1,0,0,1
S01E20,72,counted_remaining_error,insert,,please stand clear of the doorways,that's rough i'm sorry see ya later <<<gap>>> take it easy okay heh damn it,on the yamanose line see you later <<please stand clear of the doorways>> the doors are now closing damn it,690,690,705,711,0,0,6,6
S01E20,73,counted_remaining_error,substitute,take it easy okay heh,the doors are now closing,that's rough i'm sorry see ya later <<take it easy okay heh>> damn it all hey what's the matter,later please stand clear of the doorways <<the doors are now closing>> damn it all hey what's the matter,690,695,711,716,5,0,0,5
S01E20,75,counted_remaining_error,insert,,the,hell didn't you call i've been on <<<gap>>> stakeout cut me some slack i don't,hell didn't you call i've been on <<the>> stakeout got me some slack i don't,807,807,828,829,0,0,1,1
S01E20,77,counted_remaining_error,substitute,cut,got,didn't you call i've been on stakeout <<cut>> me some slack i don't care either,you call i've been on the stakeout <<got>> me some slack i don't care either,808,809,830,831,1,0,0,1
S01E20,79,counted_remaining_error,insert,,really,strange how it feels like we haven't <<<gap>>> talked for a while now she really,strange how it feels like we haven't <<really>> talked for a while now she really,829,829,851,852,0,0,1,1
S01E20,81,counted_remaining_error,insert,,now,beneath our noses the whole time well <<<gap>>> what brings you 'round so early why,beneath our noses the whole time well <<now>> what brings you round so early why,862,862,885,886,0,0,1,1
S01E20,83,counted_remaining_error,substitute,'round,round,the whole time well what brings you <<'round>> so early why don't ya come on,whole time well now what brings you <<round>> so early why don't you come on,865,866,889,890,1,0,0,1
S01E20,85,counted_remaining_error,substitute,ya,you,brings you 'round so early why don't <<ya>> come on in so what can i,brings you round so early why don't <<you>> come on in so what can i,870,871,894,895,1,0,0,1
S01E20,87,counted_remaining_error,substitute,ya,you,on in so what can i do <<ya>> for ah i got it you came,on in so what can i do <<you>> for ah i got it you came,879,880,903,904,1,0,0,1
S01E20,89,counted_remaining_error,substitute,girlfriends,girlfriend's,lighten up kid when i told your <<girlfriends>> here i was going to hike up,lighten up kid when i told your <<girlfriend's>> here i was going to hike up,905,906,929,930,1,0,0,1
S01E20,91,counted_remaining_error,substitute,ya,you,you wow you're polite when it suits <<ya>> you're in cahoots with an individual who,you wow you're polite when it suits <<you>> you're in cahoots with an individual who,938,939,962,963,1,0,0,1
S01E20,93,counted_remaining_error,insert,,f,individual who goes by the name of <<<gap>>> fb there isn't any point in denying,individual who goes by the name of <<f>> b there isn't any point in denying,951,951,975,976,0,0,1,1
S01E20,94,excluded_name_error,substitute,fb,b,individual who goes by the name of <<fb>> there isn't any point in denying it,who goes by the name of f <<b>> there isn't any point in denying it,951,952,976,977,1,0,0,1
S01E20,96,counted_remaining_error,insert,,f,want any trouble okay a meeting with <<<gap>>> fb that's all we ask of you,want any trouble okay a meeting with <<f>> b that's all we ask of you,980,980,1005,1006,0,0,1,1
S01E20,97,excluded_name_error,substitute,fb,b,want any trouble okay a meeting with <<fb>> that's all we ask of you please,any trouble okay a meeting with f <<b>> that's all we ask of you please,980,981,1006,1007,1,0,0,1
S01E20,99,counted_remaining_error,substitute,your,her,how can we locate her couldn't keep <<your>> trap shut huh m4 that was the,how can we locate her couldn't keep <<her>> trap shut i am for that was,997,998,1023,1024,1,0,0,1
S01E20,101,counted_remaining_error,insert,,i,locate her couldn't keep your trap shut <<<gap>>> huh m4 that was the secret code,locate her couldn't keep her trap shut <<i>> am for that was the secret code,1000,1000,1026,1027,0,0,1,1
S01E20,102,counted_remaining_error,substitute,huh m4,am for,locate her couldn't keep your trap shut <<huh m4>> that was the secret code name given,her couldn't keep her trap shut i <<am for>> that was the secret code name given,1000,1002,1027,1029,2,0,0,2
S01E20,104,counted_remaining_error,insert,,f,secret code name given to me by <<<gap>>> fb nobody else knew about it just,secret code name given to me by <<f>> b nobody else knew about it just,1012,1012,1039,1040,0,0,1,1
S01E20,105,excluded_name_error,substitute,fb,b,secret code name given to me by <<fb>> nobody else knew about it just me,code name given to me by f <<b>> nobody else knew about it just me,1012,1013,1040,1041,1,0,0,1
S01E20,107,counted_remaining_error,insert,,you,mr braun you sell braun tube tvs <<<gap>>> y'know crts right you are girl and,mr braun you sell braun tube tvs <<you>> know crts right you are girl and,1043,1043,1071,1072,0,0,1,1
S01E20,108,counted_remaining_error,substitute,y'know,know,mr braun you sell braun tube tvs <<y'know>> crts right you are girl and who,braun you sell braun tube tvs you <<know>> crts right you are girl and who,1043,1044,1072,1073,1,0,0,1
S01E20,110,counted_remaining_error,substitute,somewhere,someplace,a woman did i let's take this <<somewhere>> else nae's sleeping they're always building can't,a woman did i let's take this <<someplace>> else nye's sleeping they're always building can't,1081,1082,1110,1111,1,0,0,1
S01E20,112,excluded_name_error,substitute,nae's,nye's,did i let's take this somewhere else <<nae's>> sleeping they're always building can't leave well,did i let's take this someplace else <<nye's>> sleeping they're always building can't leave well,1083,1084,1112,1113,1,0,0,1
S01E20,114,counted_remaining_error,insert,,f,enough alone can they and you're really <<<gap>>> fb yeah but the messages they were,enough alone can they and you're really <<f>> b yeah but the messages they were,1098,1098,1127,1128,0,0,1,1
S01E20,115,excluded_name_error,substitute,fb,b,enough alone can they and you're really <<fb>> yeah but the messages they were so,alone can they and you're really f <<b>> yeah but the messages they were so,1098,1099,1128,1129,1,0,0,1
S01E20,117,counted_remaining_error,insert,,i,i did it to fool you m4 <<<gap>>> guess i did a good job huh,i did it to fool you m4 <<i>> guess i did a good job huh,1116,1116,1146,1147,0,0,1,1
S01E20,119,counted_remaining_error,insert,,m,weren't the only one hell that's my <<<gap>>> mo i tailor everyone's messages according to,weren't the only one hell that's my <<m>> o i tailor everyone's messages according to,1132,1132,1163,1164,0,0,1,1
S01E20,120,counted_remaining_error,substitute,mo,o,weren't the only one hell that's my <<mo>> i tailor everyone's messages according to who,the only one hell that's my m <<o>> i tailor everyone's messages according to who,1132,1133,1164,1165,1,0,0,1
S01E20,122,counted_remaining_error,insert,,the,to who they need to hear from <<<gap>>> most and of course it sure doesn't,to who they need to hear from <<the>> most of course sure doesn't hurt any,1145,1145,1177,1178,0,0,1,1
S01E20,124,counted_remaining_error,delete,and,,who they need to hear from most <<and>> of course it sure doesn't hurt any,they need to hear from the most <<<gap>>> of course sure doesn't hurt any that,1146,1147,1179,1179,0,1,0,1
S01E20,126,counted_remaining_error,delete,it,,to hear from most and of course <<it>> sure doesn't hurt any that the lonely,to hear from the most of course <<<gap>>> sure doesn't hurt any that the lonely,1149,1150,1181,1181,0,1,0,1
S01E20,128,counted_remaining_error,substitute,na ve why'd,naive why did,the lonely ones tend to be pretty <<na ve why'd>> you end up cutting off contact with,the lonely ones tend to be pretty <<naive why did>> you end up cutting off contact with,1162,1165,1193,1196,3,0,0,3
S01E20,130,counted_remaining_error,delete,and,,then later they disappear without a trace <<and>> nobody ever cares enough to ask what,then later they disappear without a trace <<<gap>>> nobody ever cares enough to ask what,1220,1221,1251,1251,0,1,0,1
S01E20,132,counted_remaining_error,insert,,damn,more than a sern dog woof woof <<<gap>>> dammit mr braun suzuha wouldn't have wanted,more than a sern dog woof woof <<damn>> it mr braun susaha wouldn't have wanted,1247,1247,1277,1278,0,0,1,1
S01E20,133,counted_remaining_error,substitute,dammit,it,more than a sern dog woof woof <<dammit>> mr braun suzuha wouldn't have wanted this,than a sern dog woof woof damn <<it>> mr braun susaha wouldn't have wanted this,1247,1248,1278,1279,1,0,0,1
S01E20,135,excluded_name_error,substitute,suzuha,susaha,sern dog woof woof dammit mr braun <<suzuha>> wouldn't have wanted this she opened her,dog woof woof damn it mr braun <<susaha>> wouldn't have wanted this she opened her,1250,1251,1281,1282,1,0,0,1
S01E20,137,counted_remaining_error,insert,,this,this she opened her door to you <<<gap>>> this's how you honor her memory shut,this she opened her door to you <<this>> is how you honor her memory shut,1261,1261,1292,1293,0,0,1,1
S01E20,138,counted_remaining_error,substitute,this's,is,this she opened her door to you <<this's>> how you honor her memory shut up,she opened her door to you this <<is>> how you honor her memory shut up,1261,1262,1293,1294,1,0,0,1
S01E20,140,counted_remaining_error,insert,,name,where do you get off dragging her <<<gap>>> into this this has nothing to do,where do you get off dragging her <<name>> into this this has nothing to do,1284,1284,1316,1317,0,0,1,1
S01E20,142,counted_remaining_error,insert,,yes,this has nothing to do with suzuha <<<gap>>> it does what do you know you,this has nothing to do with suzuha <<yes>> it does what do you know you,1293,1293,1326,1327,0,0,1,1
S01E20,144,counted_remaining_error,substitute,coddled,cuddled,it does what do you know you <<coddled>> little shit how many winter nights you,it does what do you know you <<cuddled>> little shit how many winter nights you,1300,1301,1334,1335,1,0,0,1
S01E20,146,counted_remaining_error,substitute,fours,four,cold i was just a kid three <<fours>> days straight i wouldn't eat and when,cold i was just a kid three <<four>> days straight i wouldn't eat and when,1331,1332,1365,1366,1,0,0,1
S01E20,148,counted_remaining_error,substitute,of,a,thinking i was dead i ain't made <<of>> stone when someone threw a rope down,thinking i was dead i ain't made <<a>> stone when someone threw a rope down,1364,1365,1398,1399,1,0,0,1
S01E20,150,counted_remaining_error,insert,,i,to me i grabbed the hell on <<<gap>>> knew i'd never get a chance like,to me i grabbed the hell on <<i>> knew i'd never get a chance like,1379,1379,1413,1414,0,0,1,1
S01E20,152,counted_remaining_error,insert,,f,a choice that's when your old pal <<<gap>>> fb is there for you oh my,a choice that's when your old pal <<f>> b is there for you i don't,1436,1436,1471,1472,0,0,1,1
S01E20,153,excluded_name_error,substitute,fb,b,a choice that's when your old pal <<fb>> is there for you oh my god,choice that's when your old pal f <<b>> is there for you i don't know,1436,1437,1472,1473,1,0,0,1
S01E20,155,counted_remaining_error,insert,,i don't know,old pal fb is there for you <<<gap>>> oh my god moeka she wasn't going,pal f b is there for you <<i don't know>> oh my god monica she wasn't going,1441,1441,1477,1480,0,0,3,3
S01E20,157,excluded_name_error,substitute,moeka,monica,is there for you oh my god <<moeka>> she wasn't going to get out of,you i don't know oh my god <<monica>> she wasn't going to get out of,1444,1445,1483,1484,1,0,0,1
S01E20,159,counted_remaining_error,substitute,girl'd,girl,way you know traitor or not the <<girl'd>> outlived her usefulness you're wrong about me,way you know traitor or not the <<girl>> outlived her usefulness you're wrong about me,1462,1463,1501,1502,1,0,0,1
S01E20,161,counted_remaining_error,insert,,the,a judas goat leading the lambs to <<<gap>>> slaughter y'know i thought about making a,a judas goat leading the lambs to <<the>> slaughter you know i thought about making,1482,1482,1521,1522,0,0,1,1
S01E20,163,counted_remaining_error,insert,,you,judas goat leading the lambs to slaughter <<<gap>>> y'know i thought about making a run,goat leading the lambs to the slaughter <<you>> know i thought about making a run,1483,1483,1523,1524,0,0,1,1
S01E20,164,counted_remaining_error,substitute,y'know,know,judas goat leading the lambs to slaughter <<y'know>> i thought about making a run for,leading the lambs to the slaughter you <<know>> i thought about making a run for,1483,1484,1524,1525,1,0,0,1
S01E20,166,counted_remaining_error,substitute,lamb,lam,for a kid growing up on the <<lamb>> i didn't want to get my girl,for a kid growing up on the <<lam>> i didn't want to get my girl,1503,1504,1544,1545,1,0,0,1
S01E20,168,excluded_name_error,substitute,nae,nye,out one way that guarantees they'll leave <<nae>> alone only thing i got to do,out one way that guarantees they'll leave <<nye>> alone only thing i got to do,1545,1546,1586,1587,1,0,0,1
S01E20,170,counted_remaining_error,substitute,wait o oka,oh good day,thing i got to do is die <<wait o oka>> be don't leave me a lone i'm,thing i got to do is die <<oh good day>> don't leave me alone i'm sorry can,1555,1558,1596,1599,3,0,0,3
S01E20,171,counted_remaining_error,delete,be,,to do is die wait o oka <<be>> don't leave me a lone i'm sor,to do is die oh good day <<<gap>>> don't leave me alone i'm sorry can,1558,1559,1599,1599,0,1,0,1
S01E20,173,counted_remaining_error,substitute,a,alone,wait o oka be don't leave me <<a>> lone i'm sor ry can you please,die oh good day don't leave me <<alone>> i'm sorry can you please forgive me,1562,1563,1602,1603,1,0,0,1
S01E20,174,counted_remaining_error,delete,lone,,o oka be don't leave me a <<lone>> i'm sor ry can you please forgive,oh good day don't leave me alone <<<gap>>> i'm sorry can you please forgive me,1563,1564,1603,1603,0,1,0,1
S01E20,176,counted_remaining_error,substitute,sor,sorry,be don't leave me a lone i'm <<sor>> ry can you please forgive me the,good day don't leave me alone i'm <<sorry>> can you please forgive me the d,1565,1566,1604,1605,1,0,0,1
S01E20,177,counted_remaining_error,delete,ry,,don't leave me a lone i'm sor <<ry>> can you please forgive me the d,day don't leave me alone i'm sorry <<<gap>>> can you please forgive me the d,1566,1567,1605,1605,0,1,0,1
S01E20,179,excluded_name_error,substitute,moeka you're,what do,d mail okabe get the phone okabe <<moeka you're>> you don't need it are you sure,d mail okabe get the phone okabe <<what do>> you mean need it are you sure,1580,1582,1618,1620,2,0,0,2
S01E20,181,counted_remaining_error,substitute,don't,mean,get the phone okabe moeka you're you <<don't>> need it are you sure hi this,get the phone okabe what do you <<mean>> need it are you sure hi this,1583,1584,1621,1622,1,0,0,1
S01E20,183,excluded_name_error,substitute,kyoma,kyomopa,hi this is rukako speaking oh hey <<kyoma>> wh huh an ibn 5100 actually we,hi this is rukako speaking oh hey <<kyomopa>> huh an ibm 5100 actually we do,1596,1597,1634,1635,1,0,0,1
S01E20,184,counted_remaining_error,delete,wh,,this is rukako speaking oh hey kyoma <<wh>> huh an ibn 5100 actually we do,this is rukako speaking oh hey kyomopa <<<gap>>> huh an ibm 5100 actually we do,1597,1598,1635,1635,0,1,0,1
S01E20,186,excluded_name_error,substitute,ibn,ibm,speaking oh hey kyoma wh huh an <<ibn>> 5100 actually we do this is it,rukako speaking oh hey kyomopa huh an <<ibm>> 5100 actually we do this is it,1600,1601,1637,1638,1,0,0,1
S01E20,188,excluded_name_error,substitute,comima,kamima,yell louder than that he went to <<comima>> remember i beg of you hear my,yell louder than that he went to <<kamima>> remember i beg of you hear my,1621,1622,1658,1659,1,0,0,1
S01E20,190,counted_remaining_error,substitute,o,o'daru,i beg of you hear my request <<o>> daru so you're telling us the only,i beg of you hear my request <<o'daru>> so you're telling us the only way,1630,1631,1667,1668,1,0,0,1
S01E20,191,excluded_name_error,delete,daru,,beg of you hear my request o <<daru>> so you're telling us the only way,beg of you hear my request o'daru <<<gap>>> so you're telling us the only way,1631,1632,1668,1668,0,1,0,1
S01E20,193,counted_remaining_error,insert,,my,it's pretty nutty all that stuff about <<<gap>>> mayuri biting it and suzuha being my,it's pretty nutty all that stuff about <<my>> yuri biting it and suzuha being my,1697,1697,1733,1734,0,0,1,1
S01E20,194,excluded_name_error,substitute,mayuri,yuri,it's pretty nutty all that stuff about <<mayuri>> biting it and suzuha being my future,pretty nutty all that stuff about my <<yuri>> biting it and suzuha being my future,1697,1698,1734,1735,1,0,0,1
S01E20,196,counted_remaining_error,insert,,all,an awfully tempting alternative are you buying <<<gap>>> this makise it's got legs as a,an awfully tempting alternative are you buying <<all>> this makisei it's got legs as a,1734,1734,1771,1772,0,0,1,1
S01E20,198,excluded_name_error,substitute,makise,makisei,awfully tempting alternative are you buying this <<makise>> it's got legs as a theory getting,tempting alternative are you buying all this <<makisei>> it's got legs as a theory getting,1735,1736,1773,1774,1,0,0,1
S01E20,200,counted_remaining_error,insert,,oh,really mean that huh oh yeah aw <<<gap>>> uh i mean of course i did,really mean that huh oh yeah aw <<oh>> uh i mean of course i did,1777,1777,1815,1816,0,0,1,1
S01E20,202,counted_remaining_error,substitute,what,what's,ah don't worry about it huh and <<what>> is that supposed to mean c'mon just,ah don't worry about it huh and <<what's>> that supposed to mean come on just,1797,1798,1836,1837,1,0,0,1
S01E20,203,counted_remaining_error,delete,is,,don't worry about it huh and what <<is>> that supposed to mean c'mon just let,don't worry about it huh and what's <<<gap>>> that supposed to mean come on just,1798,1799,1837,1837,0,1,0,1
S01E20,205,counted_remaining_error,insert,,come,and what is that supposed to mean <<<gap>>> c'mon just let it go guess who's,huh and what's that supposed to mean <<come>> on just let it go guess who's,1803,1803,1841,1842,0,0,1,1
S01E20,206,counted_remaining_error,substitute,c'mon,on,and what is that supposed to mean <<c'mon>> just let it go guess who's hacked,and what's that supposed to mean come <<on>> just let it go guess who's hacked,1803,1804,1842,1843,1,0,0,1
S01E20,208,counted_remaining_error,insert,,i,should be good to go in ten <<<gap>>> i've every faith in your abilities hack,should be good to go in ten <<i>> have every faith in your abilities hack,1834,1834,1873,1874,0,0,1,1
S01E20,209,counted_remaining_error,substitute,i've,have,should be good to go in ten <<i've>> every faith in your abilities hack it's,be good to go in ten i <<have>> every faith in your abilities hack it's,1834,1835,1874,1875,1,0,0,1
S01E20,211,counted_remaining_error,delete,you,,be shy it can't be worse than <<you>> getting all octopus on me when we,be shy it can't be worse than <<<gap>>> getting all octopus on me when we,1877,1878,1917,1917,0,1,0,1
S01E20,213,counted_remaining_error,substitute,world,worldline,mails will return us to the original <<world>> line a world line in which sern's,mails will return us to the original <<worldline>> a worldline in which cern's tyranny is,1897,1898,1936,1937,1,0,0,1
S01E20,214,counted_remaining_error,delete,line,,will return us to the original world <<line>> a world line in which sern's tyranny,will return us to the original worldline <<<gap>>> a worldline in which cern's tyranny is,1898,1899,1937,1937,0,1,0,1
S01E20,216,counted_remaining_error,substitute,world,worldline,us to the original world line a <<world>> line in which sern's tyranny is never,return us to the original worldline a <<worldline>> in which cern's tyranny is never allowed,1900,1901,1938,1939,1,0,0,1
S01E20,217,counted_remaining_error,delete,line,,to the original world line a world <<line>> in which sern's tyranny is never allowed,us to the original worldline a worldline <<<gap>>> in which cern's tyranny is never allowed,1901,1902,1939,1939,0,1,0,1
S01E20,219,excluded_name_error,substitute,sern's,cern's,world line a world line in which <<sern's>> tyranny is never allowed to take root,the original worldline a worldline in which <<cern's>> tyranny is never allowed to take root,1904,1905,1941,1942,1,0,0,1
S01E20,221,counted_remaining_error,insert,,my,allowed to take root but to keep <<<gap>>> mayuri alive to return to that version,allowed to take root but to keep <<my>> yuri alive to return to that version,1915,1915,1952,1953,0,0,1,1
S01E20,222,excluded_name_error,substitute,mayuri,yuri,allowed to take root but to keep <<mayuri>> alive to return to that version of,to take root but to keep my <<yuri>> alive to return to that version of,1915,1916,1953,1954,1,0,0,1
S01E20,224,counted_remaining_error,insert,,you,version of fate makise kurisu must die <<<gap>>>,version of fate makise kurisu must die <<you>>,1928,1928,1966,1967,0,0,1,1
S01E21,1,counted_remaining_error,insert,,thank you thank you,stop it isn't necessary it can't be <<<gap>>> where's okabe no idea been too busy,stop it isn't necessary it can't be <<thank you thank you>> where's zoka bay no idea been too,28,28,28,32,0,0,4,4
S01E21,3,counted_remaining_error,insert,,zoka,it isn't necessary it can't be where's <<<gap>>> okabe no idea been too busy to,can't be thank you thank you where's <<zoka>> bay no idea been too busy to,29,29,33,34,0,0,1,1
S01E21,4,excluded_name_error,substitute,okabe,bay,it isn't necessary it can't be where's <<okabe>> no idea been too busy to keep,be thank you thank you where's zoka <<bay>> no idea been too busy to keep,29,30,34,35,1,0,0,1
S01E21,6,excluded_name_error,substitute,mayushii,mayushi,on him break a leg out there <<mayushii>> same to you soldier peace out so,on him break a leg out there <<mayushi>> same to you soldier peace out so,45,46,50,51,1,0,0,1
S01E21,8,counted_remaining_error,insert,,it,you soldier peace out so i take <<<gap>>> this is the last day of comima,you soldier peace out so i take <<it>> this is the last day of kamima,55,55,60,61,0,0,1,1
S01E21,10,excluded_name_error,substitute,comima yup,kamima yep,take this is the last day of <<comima yup>> you should totally come with me there's,it this is the last day of <<kamima yep>> you should totally come with me there's,61,63,67,69,2,0,0,2
S01E21,12,counted_remaining_error,substitute,it'd,it,to scope out uh i'm pretty sure <<it'd>> wouldn't be my thing where did okarin,to scope out uh i'm pretty sure <<it>> wouldn't be my thing huh where did,81,82,87,88,1,0,0,1
S01E21,14,counted_remaining_error,insert,,huh,pretty sure it'd wouldn't be my thing <<<gap>>> where did okarin run off to your,pretty sure it wouldn't be my thing <<huh>> where did ocarine run off to your,86,86,92,93,0,0,1,1
S01E21,16,excluded_name_error,substitute,okarin,ocarine,it'd wouldn't be my thing where did <<okarin>> run off to your guess is as,wouldn't be my thing huh where did <<ocarine>> run off to your guess is as,88,89,95,96,1,0,0,1
S01E21,18,counted_remaining_error,substitute,heat stroke,heatstroke you're,they don't want a visit from uncle <<heat stroke>> you going back to comima i assume,they don't want a visit from uncle <<heatstroke you're>> going back to commima i assume yep,139,141,146,148,2,0,0,2
S01E21,19,counted_remaining_error,delete,you,,want a visit from uncle heat stroke <<you>> going back to comima i assume yup,want a visit from uncle heatstroke you're <<<gap>>> going back to commima i assume yep,141,142,148,148,0,1,0,1
S01E21,21,excluded_name_error,substitute,comima,commima,uncle heat stroke you going back to <<comima>> i assume yup wouldn't miss it yes,from uncle heatstroke you're going back to <<commima>> i assume yep wouldn't miss it yes,145,146,151,152,1,0,0,1
S01E21,23,counted_remaining_error,substitute,yup,yep,you going back to comima i assume <<yup>> wouldn't miss it yes well be careful,you're going back to commima i assume <<yep>> wouldn't miss it yes well be careful,148,149,154,155,1,0,0,1
S01E21,25,counted_remaining_error,substitute,k,okay,wouldn't miss it yes well be careful <<k>> there that'll give you a little shade,wouldn't miss it yes well be careful <<okay>> there that'll give you a little shade,156,157,162,163,1,0,0,1
S01E21,27,counted_remaining_error,substitute,twenty,24,undone has pushed mayuri's death back another <<twenty>> four hours originally it occurred on the,undone has pushed mayuri's death back another <<24>> hours originally it occurred on the 13th,182,183,188,189,1,0,0,1
S01E21,28,counted_remaining_error,delete,four,,has pushed mayuri's death back another twenty <<four>> hours originally it occurred on the thirteenth,has pushed mayuri's death back another 24 <<<gap>>> hours originally it occurred on the 13th,183,184,189,189,0,1,0,1
S01E21,30,counted_remaining_error,substitute,thirteenth,13th,four hours originally it occurred on the <<thirteenth>> undoing suzuha's text moved it to the,24 hours originally it occurred on the <<13th>> undoing susaha's text moved it to the,190,191,195,196,1,0,0,1
S01E21,32,excluded_name_error,substitute,suzuha's,susaha's,originally it occurred on the thirteenth undoing <<suzuha's>> text moved it to the fourteenth then,originally it occurred on the 13th undoing <<susaha's>> text moved it to the 14th then,192,193,197,198,1,0,0,1
S01E21,34,counted_remaining_error,substitute,fourteenth,14th,undoing suzuha's text moved it to the <<fourteenth>> then faris' ruka's moeka's every reversal has,undoing susaha's text moved it to the <<14th>> then ferris's rukas moekas every reversal has,198,199,203,204,1,0,0,1
S01E21,36,excluded_name_error,substitute,faris' ruka's moeka's,ferris's rukas moekas,text moved it to the fourteenth then <<faris' ruka's moeka's>> every reversal has bought us a day,text moved it to the 14th then <<ferris's rukas moekas>> every reversal has bought us a day,200,203,205,208,3,0,0,3
S01E21,38,counted_remaining_error,substitute,at eight o'clock,eight o 'clock,on this world line mayuri will die <<at eight o'clock>> on august seventeenth today okarin i'd say,on this world line mayuri will die <<eight o 'clock>> on august 17th today ocarine i'd say,225,228,230,233,3,0,0,3
S01E21,40,counted_remaining_error,substitute,seventeenth,17th,will die at eight o'clock on august <<seventeenth>> today okarin i'd say it sounds like,will die eight o 'clock on august <<17th>> today ocarine i'd say it sounds like,230,231,235,236,1,0,0,1
S01E21,42,excluded_name_error,substitute,okarin,ocarine,at eight o'clock on august seventeenth today <<okarin>> i'd say it sounds like you honed,eight o 'clock on august 17th today <<ocarine>> i'd say it sounds like you've honed,232,233,237,238,1,0,0,1
S01E21,44,counted_remaining_error,substitute,you,you've,today okarin i'd say it sounds like <<you>> honed in on your quarry uh huh,today ocarine i'd say it sounds like <<you've>> honed in on your quarry uh huh,238,239,243,244,1,0,0,1
S01E21,46,counted_remaining_error,substitute,they,they're,thing i found them when i did <<they>> were almost sold out daru's going to,thing i found them when i did <<they're>> almost sold out dara's going to flip,254,255,259,260,1,0,0,1
S01E21,47,counted_remaining_error,delete,were,,i found them when i did they <<were>> almost sold out daru's going to flip,i found them when i did they're <<<gap>>> almost sold out dara's going to flip,255,256,260,260,0,1,0,1
S01E21,49,excluded_name_error,substitute,daru's,dara's,i did they were almost sold out <<daru's>> going to flip oh they have this,when i did they're almost sold out <<dara's>> going to flip oh they have this,259,260,263,264,1,0,0,1
S01E21,51,counted_remaining_error,substitute,oh,uh,never seen too you should come see <<oh>> i believe i'll pass are you sure,never seen too you should come see <<uh>> i believe i'll pass are you sure,282,283,286,287,1,0,0,1
S01E21,53,excluded_name_error,substitute,okarin,ocarine,you no i'm a bit preoccupied poor <<okarin>> well if there is anything you want,you no i'm a bit preoccupied poor <<ocarine>> well if there is anything you want,304,305,308,309,1,0,0,1
S01E21,55,counted_remaining_error,substitute,dully,duly,want to see i know the layout <<dully>> noted we can leave i mean if,want to see i know the layout <<duly>> noted we can leave i mean if,318,319,322,323,1,0,0,1
S01E21,57,counted_remaining_error,substitute,grok,grogbed,ending vigil against the organization who i've <<grok>> ed from various trustworthy sources have set,ending vigil against the organization who i've <<grogbed>> from various trustworthy sources have set this,348,349,352,353,1,0,0,1
S01E21,58,counted_remaining_error,delete,ed,,vigil against the organization who i've grok <<ed>> from various trustworthy sources have set this,vigil against the organization who i've grogbed <<<gap>>> from various trustworthy sources have set this,349,350,353,353,0,1,0,1
S01E21,60,counted_remaining_error,substitute,and,to,of trouble huh i'm going to try <<and>> get the drop on them reconvene here,of trouble huh i'm going to try <<to>> get the drop on them reconvene here,393,394,396,397,1,0,0,1
S01E21,62,counted_remaining_error,substitute,fifteen hundred,one 500,the drop on them reconvene here at <<fifteen hundred>> hours understood sir oh hey they've got,the drop on them reconvene here at <<one 500>> hours understood sir oh hey they've got,402,404,405,407,2,0,0,2
S01E21,64,counted_remaining_error,insert,,down,a concession stand just a little ways <<<gap>>> from the entrance five hours stiff upper,a concession stand just a little ways <<down>> from the entrance five hours stiff upper,418,418,421,422,0,0,1,1
S01E21,66,counted_remaining_error,substitute,a,as,like a war zone would it be <<a>> thick as a normal directory you think,like a war zone would it be <<as>> thick as a normal directory think or,475,476,479,480,1,0,0,1
S01E21,68,counted_remaining_error,delete,you,,be a thick as a normal directory <<you>> think or i am totally going to,be as thick as a normal directory <<<gap>>> think or ugh i am totally going,481,482,485,485,0,1,0,1
S01E21,70,counted_remaining_error,insert,,ugh,as a normal directory you think or <<<gap>>> i am totally going to sue yeah,thick as a normal directory think or <<ugh>> i am totally going to sue yeah,484,484,487,488,0,0,1,1
S01E21,72,counted_remaining_error,insert,,now,you told us to hold off and <<<gap>>> now'd be a good time to know,you told us to hold off and <<now>> would be a good time to know,514,514,518,519,0,0,1,1
S01E21,73,counted_remaining_error,substitute,now'd,would,you told us to hold off and <<now'd>> be a good time to know why,told us to hold off and now <<would>> be a good time to know why,514,515,519,520,1,0,0,1
S01E21,75,counted_remaining_error,insert,,exactly,a good time to know why what <<<gap>>> exactly's going on mayuri dies today yeah,a good time to know why what <<exactly>> is going on mayuri dies today yeah,523,523,528,529,0,0,1,1
S01E21,76,counted_remaining_error,substitute,exactly's,is,a good time to know why what <<exactly's>> going on mayuri dies today yeah we've,good time to know why what exactly <<is>> going on mayuri dies today yeah we've,523,524,529,530,1,0,0,1
S01E21,78,counted_remaining_error,delete,no,,first text that jumped back in time <<no>> that's no longer our tac i'm puzzling,first text that jumped back in time <<<gap>>> that's no longer our attack i'm puzzling,551,552,557,557,0,1,0,1
S01E21,80,counted_remaining_error,substitute,tac,attack,in time no that's no longer our <<tac>> i'm puzzling out a way to save,back in time that's no longer our <<attack>> i'm puzzling out a way to save,556,557,561,562,1,0,0,1
S01E21,82,counted_remaining_error,insert,,to,the moment there's an alternative i'm going <<<gap>>> find it that's all you need to,the moment there's an alternative i'm going <<to>> find it that's all you need to,597,597,602,603,0,0,1,1
S01E21,84,counted_remaining_error,delete,it's,,to know why are you talking like <<it's>> stop grilling me stop leaving me in,to know why are you talking like <<<gap>>> stop grilling me stop leaving me in,610,611,616,616,0,1,0,1
S01E21,86,counted_remaining_error,substitute,damn,dammit,the chest it's happening soon isn't it <<damn>> it okabe give me something man my,the chest it's happening soon isn't it <<dammit>> okabe give me something ah man my,645,646,650,651,1,0,0,1
S01E21,87,counted_remaining_error,delete,it,,chest it's happening soon isn't it damn <<it>> okabe give me something man my feet,chest it's happening soon isn't it dammit <<<gap>>> okabe give me something ah man my,646,647,651,651,0,1,0,1
S01E21,89,counted_remaining_error,insert,,ah,it damn it okabe give me something <<<gap>>> man my feet are super sore worth,isn't it dammit okabe give me something <<ah>> man my feet are super sore worth,651,651,655,656,0,0,1,1
S01E21,91,excluded_name_error,delete,okarin let's go,,of us breaking into a run but <<okarin let's go>> okay weird question why'd you tag along,of us breaking into a run but <<<gap>>> okay weird question why'd you tag along,714,717,719,719,0,3,0,3
S01E21,93,counted_remaining_error,substitute,was,is,i'm still glad you came though this <<was>> the first time you and i have,i'm still glad you came though this <<is>> the first time you and i have,789,790,791,792,1,0,0,1
S01E21,95,excluded_name_error,substitute,comima,kamima,time you and i have been to <<comima>> together i'm totally marking it on my,time you and i have been to <<kamima>> together i'm totally marking it on my,799,800,801,802,1,0,0,1
S01E21,97,counted_remaining_error,substitute,pinned,pin,calendar mayuri in point of fact i'd <<pinned>> my hopes on seeing rukako blushing in,calendar mayuri in point of fact i'd <<pin>> my hopes on seeing rukako blushing in,814,815,816,817,1,0,0,1
S01E21,99,counted_remaining_error,insert,,he'd,people would have been swarming around him <<<gap>>> he'd've had his own fan club without,people would have been swarming around him <<he'd>> have had his own fan club without,841,841,843,844,0,0,1,1
S01E21,100,counted_remaining_error,substitute,he'd've,have,people would have been swarming around him <<he'd've>> had his own fan club without a,would have been swarming around him he'd <<have>> had his own fan club without a,841,842,844,845,1,0,0,1
S01E21,102,counted_remaining_error,substitute,blog,block,own fan club without a doubt every <<blog>> on the interwebs would be flooded with,own fan club without a doubt every <<block>> on the interwebs would be flooded with,851,852,854,855,1,0,0,1
S01E21,104,counted_remaining_error,delete,heh,,the interwebs would be flooded with pics <<heh>> and people would see that adorable face,the interwebs would be flooded with pics <<<gap>>> and people would see that adorable face,860,861,863,863,0,1,0,1
S01E21,106,counted_remaining_error,delete,and,,way for the next big thing and <<and>> once he got all famous you and,way for the next big thing and <<<gap>>> once he got all famous you and,883,884,885,885,0,1,0,1
S01E21,108,counted_remaining_error,insert,,that,there's not a detail about that scenario <<<gap>>> doesn't ring true you know i think,there's not a detail about that scenario <<that>> doesn't ring true you know i think,909,909,910,911,0,0,1,1
S01E21,110,counted_remaining_error,insert,,a,getting the others on board would be <<<gap>>> cinch comparatively though and she'd follow their,getting the others on board would be <<a>> cinch comparatively though and she'd follow their,968,968,970,971,0,0,1,1
S01E21,112,excluded_name_error,substitute,comima in,kamama and,accomplished we shall descend upon an unsuspecting <<comima in>> full regalia the infamous hououin kyoma in,accomplished we shall descend upon an unsuspecting <<kamama and>> full regalia the infamous hoin kyo ma,985,987,988,990,2,0,0,2
S01E21,114,counted_remaining_error,insert,,hoin,unsuspecting comima in full regalia the infamous <<<gap>>> hououin kyoma in all his glory as,unsuspecting kamama and full regalia the infamous <<hoin>> kyo ma and all his glory as,991,991,994,995,0,0,1,1
S01E21,115,excluded_name_error,substitute,hououin kyoma in,kyo ma and,unsuspecting comima in full regalia the infamous <<hououin kyoma in>> all his glory as the group's dazzling,kamama and full regalia the infamous hoin <<kyo ma and>> all his glory as the group's dazzling,991,994,995,998,3,0,0,3
S01E21,117,counted_remaining_error,substitute,we,we'd,the group's dazzling axis mundi yeah well <<we>> better start planning our outfits kurisu might,the group's dazzling axis mundi yeah well <<we'd>> better start planning our outfits karisu might,1005,1006,1009,1010,1,0,0,1
S01E21,119,excluded_name_error,substitute,kurisu,karisu,well we better start planning our outfits <<kurisu>> might be easier to convince than you,well we'd better start planning our outfits <<karisu>> might be easier to convince than you,1011,1012,1015,1016,1,0,0,1
S01E21,121,excluded_name_error,substitute,okarin damn it,oh ocarine dammit,so not fair i've taken extra special <<okarin damn it>> no i'm not going to watch this,so not fair i've taken extra special <<oh ocarine dammit>> no i'm not going to watch this,1052,1055,1056,1059,3,0,0,3
S01E21,123,excluded_name_error,substitute,okarin,ocarine,again what do you want from me <<okarin>> just stay here i don't this is,again what do you want from me <<ocarine>> just stay here i don't this is,1069,1070,1073,1074,1,0,0,1
S01E21,125,counted_remaining_error,substitute,mowed,moe,it damn it i'll let myself get <<mowed>> down in her place deal with that,it damn it i'll let myself get <<moe>> down in her place deal with that,1092,1093,1096,1097,1,0,0,1
S01E21,127,counted_remaining_error,insert,,things,her place deal with that you bastards <<<gap>>> things'll have to change there'll be no,her place deal with that you bastards <<things>> will have to change there'll be no,1102,1102,1106,1107,0,0,1,1
S01E21,128,counted_remaining_error,substitute,things'll,will,her place deal with that you bastards <<things'll>> have to change there'll be no choice,place deal with that you bastards things <<will>> have to change there'll be no choice,1102,1103,1107,1108,1,0,0,1
S01E21,130,excluded_name_error,substitute,okarin,ocarine,have to change there'll be no choice <<okarin>> mayuri mayuri i'm so glad i was,have to change there'll be no choice <<ocarine>> mayuri mayuri i'm so glad i was,1110,1111,1115,1116,1,0,0,1
S01E21,132,counted_remaining_error,insert,,oh,every day i get to do that <<<gap>>> okarin no please don't you can't see,every day i get to do that <<oh>> karine no please don't you can't see,1133,1133,1138,1139,0,0,1,1
S01E21,133,excluded_name_error,substitute,okarin,karine,every day i get to do that <<okarin>> no please don't you can't see any,day i get to do that oh <<karine>> no please don't you can't see any,1133,1134,1139,1140,1,0,0,1
S01E21,135,counted_remaining_error,substitute,damn,david,any stars from here stay with me <<damn>> it stay with me right o commencing,any stars from here stay with me <<david>> stay with me right o commencing hackage,1147,1148,1153,1154,1,0,0,1
S01E21,136,counted_remaining_error,delete,it,,stars from here stay with me damn <<it>> stay with me right o commencing hackage,stars from here stay with me david <<<gap>>> stay with me right o commencing hackage,1148,1149,1154,1154,0,1,0,1
S01E21,138,counted_remaining_error,substitute,fuzz,fuss,law abiding citizen evil geniuses mock the <<fuzz>> i'm not an evil genius that's a,law abiding citizen evil geniuses mock the <<fuss>> i'm not an evil genius that's a,1265,1266,1270,1271,1,0,0,1
S01E21,140,counted_remaining_error,insert,,ho,genius that's a bunch of childish crap <<<gap>>> hououin kyoma who gives a damn about,genius that's a bunch of childish crap <<ho>> ween kilma who gives a damn about,1277,1277,1282,1283,0,0,1,1
S01E21,141,excluded_name_error,substitute,hououin kyoma,ween kilma,genius that's a bunch of childish crap <<hououin kyoma>> who gives a damn about him he's,that's a bunch of childish crap ho <<ween kilma>> who gives a damn about him he's,1277,1279,1283,1285,2,0,0,2
S01E21,143,counted_remaining_error,substitute,you've,you,a revelation oh god don't tell me <<you've>> time leapt again what happened hey i've,a revelation oh god don't tell me <<you>> time liped again what happened hey i've,1305,1306,1311,1312,1,0,0,1
S01E21,145,counted_remaining_error,substitute,leapt,liped,oh god don't tell me you've time <<leapt>> again what happened hey i've helped you,oh god don't tell me you time <<liped>> again what happened hey i've helped you,1307,1308,1313,1314,1,0,0,1
S01E21,147,counted_remaining_error,substitute,damn,goddamn,we haven't been able to do a <<damn>> thing what are you saying no more,we haven't been able to do a <<goddamn>> thing what are you saying no more,1371,1372,1377,1378,1,0,0,1
S01E21,149,excluded_name_error,substitute,hashida,ashita,an idiot i know you were crying <<hashida>> saw it too scared the hell out,an idiot i know you were crying <<ashita>> saw it too scared the hell out,1390,1391,1396,1397,1,0,0,1
S01E21,151,counted_remaining_error,insert,,all,me damn it i'm trying to help <<<gap>>> alright then on july twenty eighth mayuri,me damn it i'm trying to help <<all>> right then on july 28th mayuri and,1409,1409,1415,1416,0,0,1,1
S01E21,152,counted_remaining_error,substitute,alright,right,me damn it i'm trying to help <<alright>> then on july twenty eighth mayuri and,damn it i'm trying to help all <<right>> then on july 28th mayuri and i,1409,1410,1416,1417,1,0,0,1
S01E21,154,counted_remaining_error,substitute,twenty,28th,trying to help alright then on july <<twenty>> eighth mayuri and i went to a,to help all right then on july <<28th>> mayuri and i went to a lecture,1413,1414,1420,1421,1,0,0,1
S01E21,155,counted_remaining_error,delete,eighth,,to help alright then on july twenty <<eighth>> mayuri and i went to a lecture,help all right then on july 28th <<<gap>>> mayuri and i went to a lecture,1414,1415,1421,1421,0,1,0,1
S01E21,157,counted_remaining_error,substitute,d,email,and lo and behold the very first <<d>> mail the very first split from one,and lo and behold the very first <<email>> the very first split from one world,1470,1471,1476,1477,1,0,0,1
S01E21,158,counted_remaining_error,delete,mail,,lo and behold the very first d <<mail>> the very first split from one world,lo and behold the very first email <<<gap>>> the very first split from one world,1471,1472,1477,1477,0,1,0,1
S01E21,160,excluded_name_error,substitute,sern's,cern's,being if we delete that text from <<sern's>> database we bump back to the world,being if we delete that text from <<cern's>> database we bumped back to the world,1500,1501,1505,1506,1,0,0,1
S01E21,162,counted_remaining_error,substitute,bump,bumped,delete that text from sern's database we <<bump>> back to the world line prior to,delete that text from cern's database we <<bumped>> back to the world line prior to,1503,1504,1508,1509,1,0,0,1
S01E21,164,excluded_name_error,substitute,daru,dara,it mayuri yep yep what's up well <<daru>> said you were acting all strange or,it mayuri yep yep what's up well <<dara>> said you were acting all strange or,1538,1539,1543,1544,1,0,0,1
S01E21,166,counted_remaining_error,insert,,call me,it's just i was so excited about <<<gap>>> comima but i should have paid more,it's just i was so excited about <<call me>> mom but i should have paid more,1575,1575,1580,1582,0,0,2,2
S01E21,167,excluded_name_error,substitute,comima,mom,it's just i was so excited about <<comima>> but i should have paid more attention,i was so excited about call me <<mom>> but i should have paid more attention,1575,1576,1582,1583,1,0,0,1
S01E21,169,counted_remaining_error,insert,,earlier,to you the thing with the ninjas <<<gap>>> got me remembering the stories you used,to you the thing with the ninjas <<earlier>> got me remembering the stories you used,1590,1590,1597,1598,0,0,1,1
S01E21,171,counted_remaining_error,substitute,seiyuu,seiyu,like four leaders i remember geppu sudachi <<seiyuu>> and jakko genbu suzaku seiryuu and byakko,like four leaders i remember geppu sudachi <<seiyu>> and jocko genbu suzaku serihu and byakko,1614,1615,1622,1623,1,0,0,1
S01E21,173,counted_remaining_error,substitute,jakko,jocko,leaders i remember geppu sudachi seiyuu and <<jakko>> genbu suzaku seiryuu and byakko those are,leaders i remember geppu sudachi seiyu and <<jocko>> genbu suzaku serihu and byakko those are,1616,1617,1624,1625,1,0,0,1
S01E21,175,counted_remaining_error,substitute,seiryuu,serihu,geppu sudachi seiyuu and jakko genbu suzaku <<seiryuu>> and byakko those are the guys see,geppu sudachi seiyu and jocko genbu suzaku <<serihu>> and byakko those are the guys see,1619,1620,1627,1628,1,0,0,1
S01E21,177,counted_remaining_error,substitute,ah 'course you,of course she,if i was a third wheel right <<ah 'course you>> would listen i got to go but,if i was a third wheel right <<of course she>> would listen i got to go but,1657,1660,1665,1668,3,0,0,3
S01E21,179,excluded_name_error,substitute,mayushii,mayushi,don't make me repeat myself this is <<mayushii>> actually it's my phone so leave me,don't make me repeat myself this is <<mayushi>> actually it's my phone so leave me,1778,1779,1786,1787,1,0,0,1
S01E21,181,counted_remaining_error,insert,,yeah,phone so leave me a message well <<<gap>>> one of the cosplayers from her group,phone so leave me a message well <<yeah>> one of the cosplayers from her group,1789,1789,1797,1798,0,0,1,1
S01E21,183,counted_remaining_error,insert,,man,ago actually i see i'm sorry gran <<<gap>>> bet you came to see me for,ago actually i see i'm sorry gran <<man>> bet you came to see me for,1810,1810,1819,1820,0,0,1,1
S01E21,185,counted_remaining_error,substitute,obon,oban,bet you came to see me for <<obon>> didn't you i came cause i want,bet you came to see me for <<oban>> didn't you i came because i want,1817,1818,1827,1828,1,0,0,1
S01E21,187,counted_remaining_error,substitute,cause,because,me for obon didn't you i came <<cause>> i want to talk about the dreams,me for oban didn't you i came <<because>> i want to talk about the dreams,1822,1823,1832,1833,1,0,0,1
S01E21,189,counted_remaining_error,insert,,a,one of them i got hit by <<<gap>>> car in one of them in another,one of them i got hit by <<a>> car in one of them and another,1855,1855,1865,1866,0,0,1,1
S01E21,191,counted_remaining_error,substitute,in,and,hit by car in one of them <<in>> another one i even got run over,by a car in one of them <<and>> another one i even got run over,1860,1861,1871,1872,1,0,0,1
S01E21,193,counted_remaining_error,delete,and,,even got run over by a train <<and>> it always feels so real like you'd,even got run over by a train <<<gap>>> it always feels so real like you'd,1871,1872,1882,1882,0,1,0,1
S01E21,195,excluded_name_error,substitute,okarin,ocarina,thing is near the end it's like <<okarin>> always jumps in and rescues me from,thing is near the end it's like <<ocarina>> always jumps in and rescues me from,1915,1916,1925,1926,1,0,0,1
S01E21,197,counted_remaining_error,substitute,whatever,whatever's,always jumps in and rescues me from <<whatever>> is going on but when i try,always jumps in and rescues me from <<whatever's>> going on but when i try to,1923,1924,1933,1934,1,0,0,1
S01E21,198,counted_remaining_error,delete,is,,jumps in and rescues me from whatever <<is>> going on but when i try to,jumps in and rescues me from whatever's <<<gap>>> going on but when i try to,1924,1925,1934,1934,0,1,0,1
S01E21,200,counted_remaining_error,substitute,he,you,say i'm sorry but there's the whole <<he>> can't hear me thing and then i,say i'm sorry but there's the whole <<you>> can't hear me thing and then i,2002,2003,2011,2012,1,0,0,1
S01E21,202,counted_remaining_error,insert,,don't,can't hear me thing and then i <<<gap>>> dunno that's the part where i usually,can't hear me thing and then i <<don't>> know that's the part where i usually,2010,2010,2019,2020,0,0,1,1
S01E21,203,counted_remaining_error,substitute,dunno,know,can't hear me thing and then i <<dunno>> that's the part where i usually wake,hear me thing and then i don't <<know>> that's the part where i usually wake,2010,2011,2020,2021,1,0,0,1
S01E21,205,excluded_name_error,substitute,moeka,moika,new members at the lab now kurisu <<moeka>> ruka faris suzuha all super super nice,new members at the lab now kurisu <<moika>> ruka farrah suzuha all super super nice,2045,2046,2055,2056,1,0,0,1
S01E21,207,excluded_name_error,substitute,faris,farrah,at the lab now kurisu moeka ruka <<faris>> suzuha all super super nice people it's,at the lab now kurisu moika ruka <<farrah>> suzuha all super super nice people it's,2047,2048,2057,2058,1,0,0,1
S01E21,209,excluded_name_error,substitute,okarin's,ocarina's,the only one who can really speak <<okarin's>> language when he gets into that mood,the only one who can really speak <<ocarina's>> language when he gets into that mood,2077,2078,2087,2088,1,0,0,1
S01E21,211,excluded_name_error,substitute,okarin,ocarine,gotten out of school for the day <<okarin>> wasn't even there yet i was cleaning,gotten out of school for the day <<ocarine>> wasn't even there yet i was cleaning,2150,2151,2160,2161,1,0,0,1
S01E21,213,excluded_name_error,substitute,okarin,ocarine,he does sometimes i said welcome home <<okarin>> and he just stood there then he,he does sometimes i said welcome home <<ocarine>> and he just stood there then he,2180,2181,2190,2191,1,0,0,1
S01E21,215,counted_remaining_error,insert,,don't,best word it's hard to explain i <<<gap>>> dunno it was just a nice way,best word it's hard to explain i <<don't>> know it was just a nice way,2232,2232,2242,2243,0,0,1,1
S01E21,216,counted_remaining_error,substitute,dunno,know,best word it's hard to explain i <<dunno>> it was just a nice way to,word it's hard to explain i don't <<know>> it was just a nice way to,2232,2233,2243,2244,1,0,0,1
S01E21,218,counted_remaining_error,substitute,calm,call,well don't become too enamored of the <<calm>> domestic tranquility is a clinically proven breeding,well don't become too enamored of the <<call>> domestic tranquility is a clinically proven breeding,2282,2283,2293,2294,1,0,0,1
S01E21,220,counted_remaining_error,substitute,'ems,them,know they're nice what do you call <<'ems>> hallucinations okey dokey you think the organization,know they're nice what do you call <<them>> hallucinations okie dokie you think the organization,2314,2315,2325,2326,1,0,0,1
S01E21,222,counted_remaining_error,substitute,okey dokey,okie dokie,nice what do you call 'ems hallucinations <<okey dokey>> you think the organization people are really,nice what do you call them hallucinations <<okie dokie>> you think the organization people are really,2316,2318,2327,2329,2,0,0,2
S01E21,224,counted_remaining_error,substitute,ah,oh,my fault whatever i've done i'm sorry <<ah>> dang it i'm focusing on the negative,my fault whatever i've done i'm sorry <<oh>> dang it i'm focusing on the negative,2409,2410,2420,2421,1,0,0,1
S01E21,226,excluded_name_error,substitute,okarin,ocarine,to end yet don't worry about that <<okarin>> how'd you know where to find me,to end yet don't worry about that <<ocarine>> how'd you know where to find me,2445,2446,2456,2457,1,0,0,1
S01E21,228,counted_remaining_error,substitute,oh,o,me forever do not doubt my resolve <<oh>> innocent one for i am not so,me forever do not doubt my resolve <<o>> innocent one for i am not so,2490,2491,2501,2502,1,0,0,1
S01E21,230,counted_remaining_error,substitute,oo oo,ooh ooh,when the time is right let's go <<oo oo>> first though i need yes yes you,when the time is right let's go <<ooh ooh>> first though i need yes yes you,2516,2518,2527,2529,2,0,0,2
S01E21,232,counted_remaining_error,insert,,thank you thank you thank you you,want to buy another oopa i know <<<gap>>>,want to buy another oopa i know <<thank you thank you thank you you>>,2532,2532,2543,2550,0,0,7,7
S01E22,1,counted_remaining_error,insert,,thank you thank you,d mail you'll be you'll be murdered <<<gap>>> ah there you are don't stay up,d mail you'll be you'll be murdered <<thank you thank you>> oh there you are don't stay up,10,10,10,14,0,0,4,4
S01E22,2,counted_remaining_error,substitute,ah,oh,d mail you'll be you'll be murdered <<ah>> there you are don't stay up here,you'll be murdered thank you thank you <<oh>> there you are don't stay up here,10,11,14,15,1,0,0,1
S01E22,4,counted_remaining_error,substitute,heat stroke,heatstroke seth's,long you draw the ire of uncle <<heat stroke>> says the guy who's always sprawled out,long you draw the ire of uncle <<heatstroke seth's>> the guy who's always sprawled out on,26,28,30,32,2,0,0,2
S01E22,5,counted_remaining_error,delete,says,,draw the ire of uncle heat stroke <<says>> the guy who's always sprawled out on,draw the ire of uncle heatstroke seth's <<<gap>>> the guy who's always sprawled out on,28,29,32,32,0,1,0,1
S01E22,7,counted_remaining_error,insert,,did,a cat it's cloudy today anyway hey <<<gap>>> d'you find mayuri daru said he didn't,a cat it's cloudy today anyway hey <<did>> you find mayuri daru said he didn't,46,46,49,50,0,0,1,1
S01E22,8,counted_remaining_error,substitute,d'you,you,a cat it's cloudy today anyway hey <<d'you>> find mayuri daru said he didn't see,cat it's cloudy today anyway hey did <<you>> find mayuri daru said he didn't see,46,47,50,51,1,0,0,1
S01E22,10,excluded_name_error,substitute,comima,kamima,he didn't see her at all at <<comima>> yeah i saw her afterward ah hey,he didn't see her at all at <<kamima>> yeah i saw her afterward oh hey,58,59,62,63,1,0,0,1
S01E22,12,counted_remaining_error,substitute,ah,oh,at comima yeah i saw her afterward <<ah>> hey okabe what's up never mind then,at kamima yeah i saw her afterward <<oh>> hey ogabe what's up never mind then,64,65,68,69,1,0,0,1
S01E22,14,excluded_name_error,substitute,okabe,ogabe,yeah i saw her afterward ah hey <<okabe>> what's up never mind then hey it's,yeah i saw her afterward oh hey <<ogabe>> what's up never mind then hey it's,66,67,70,71,1,0,0,1
S01E22,16,counted_remaining_error,insert,,you,have mentioned the rain a little sooner <<<gap>>> y'know for crying out loud i'm soaked,have mentioned the rain a little sooner <<you>> know for crying out loud i'm soaked,93,93,97,98,0,0,1,1
S01E22,17,counted_remaining_error,substitute,y'know,know,have mentioned the rain a little sooner <<y'know>> for crying out loud i'm soaked to,mentioned the rain a little sooner you <<know>> for crying out loud i'm soaked to,93,94,98,99,1,0,0,1
S01E22,19,counted_remaining_error,substitute,clou,cloud,were the one staring up at the <<clou>> you're such a perv hey it's not,were the one staring up at the <<cloud>> you're such a perp hey it's not,114,115,119,120,1,0,0,1
S01E22,21,counted_remaining_error,substitute,perv,perp,up at the clou you're such a <<perv>> hey it's not like i was trying,up at the cloud you're such a <<perp>> hey it's not like i was trying,118,119,123,124,1,0,0,1
S01E22,23,counted_remaining_error,insert,,huh,what a typical male you can be <<<gap>>> as if i'd go to any undue,what a typical male you can be <<huh>> as if i'd go to any undue,151,151,156,157,0,0,1,1
S01E22,25,counted_remaining_error,substitute,a,ass,to catch a glimpse of your scrawny <<a>> finish that thought and i'll smack you,to catch a glimpse of your scrawny <<ass>> finish that thought and i'll smack you,166,167,172,173,1,0,0,1
S01E22,27,counted_remaining_error,substitute,zombie,something,pudding yeah you'd like that wouldn't you <<zombie>> hey get outta my face was that,pudding yeah you'd like that wouldn't you <<something>> hey get out of my face was,188,189,194,195,1,0,0,1
S01E22,29,counted_remaining_error,insert,,out,like that wouldn't you zombie hey get <<<gap>>> outta my face was that always there,like that wouldn't you something hey get <<out>> of my face was that always there,191,191,197,198,0,0,1,1
S01E22,30,counted_remaining_error,substitute,outta,of,like that wouldn't you zombie hey get <<outta>> my face was that always there i,that wouldn't you something hey get out <<of>> my face was that always there i,191,192,198,199,1,0,0,1
S01E22,32,counted_remaining_error,insert,,must,my face was that always there i <<<gap>>> must've snagged it on something while i,my face was that always there i <<must>> have snagged it on something while i,199,199,206,207,0,0,1,1
S01E22,33,counted_remaining_error,substitute,must've,have,my face was that always there i <<must've>> snagged it on something while i was,face was that always there i must <<have>> snagged it on something while i was,199,200,207,208,1,0,0,1
S01E22,35,counted_remaining_error,insert,,hmph,something while i was looking for you <<<gap>>> god you're klutzy because i used my,something while i was looking for you <<hmph>> god you're klutzy because i used my,210,210,218,219,0,0,1,1
S01E22,37,counted_remaining_error,substitute,ya,you,my points on intelligence not dexterity sure <<ya>> did whatever gets you through the night,my points on intelligence not dexterity sure <<you>> did whatever gets you through the night,223,224,232,233,1,0,0,1
S01E22,39,counted_remaining_error,insert,,house,for you in a jiff quite the <<<gap>>> hausfrau spare me the smirk i get,for you in a jiff quite the <<house>> frau spare me the smirk i get,256,256,265,266,0,0,1,1
S01E22,40,counted_remaining_error,substitute,hausfrau,frau,for you in a jiff quite the <<hausfrau>> spare me the smirk i get it,you in a jiff quite the house <<frau>> spare me the smirk i get it,256,257,266,267,1,0,0,1
S01E22,42,counted_remaining_error,substitute,ec,ex,a girl so i'm good at home <<ec>> stuff blah just give me the damn,a girl so i'm good at home <<ex>> stuff blah just give me the damn,272,273,282,283,1,0,0,1
S01E22,44,counted_remaining_error,substitute,'cept,except,i'd say what color thread i'm using <<'cept>> that i can't even tell your choices,i'd say what color thread i'm using <<except>> i can't even tell your choices quote,305,306,315,316,1,0,0,1
S01E22,45,counted_remaining_error,delete,that,,say what color thread i'm using 'cept <<that>> i can't even tell your choices quote,say what color thread i'm using except <<<gap>>> i can't even tell your choices quote,306,307,316,316,0,1,0,1
S01E22,47,counted_remaining_error,substitute,arous,around,sure a coat rack would prove more <<arous>> what part of brain pudding didn't you,sure a coat rack would prove more <<around>> what part of brain pudding didn't you,344,345,353,354,1,0,0,1
S01E22,49,counted_remaining_error,delete,hmph,,part of brain pudding didn't you get <<hmph>> you're a piece of work where'd you,part of brain pudding didn't you get <<<gap>>> you're a piece of work where'd you,353,354,362,362,0,1,0,1
S01E22,51,counted_remaining_error,insert,,of a,hotel how come i didn't have much <<<gap>>> choice you wouldn't reply to my messages,hotel how come i didn't have much <<of a>> choice you wouldn't reply to my messages,404,404,412,414,0,0,2,2
S01E22,53,counted_remaining_error,insert,,i,i didn't keep tabs on my assistant <<<gap>>> can't have you running amok aren't you,i didn't keep tabs on my assistant <<i>> can't have you running amok aren't you,432,432,442,443,0,0,1,1
S01E22,55,counted_remaining_error,substitute,it's,that's,done sewing yet hold your horses catch <<it's>> still soggy just put it on who,done sewing yet hold your horses catch <<that's>> still soggy just put it on who,446,447,457,458,1,0,0,1
S01E22,57,counted_remaining_error,insert,,don't,have are so hazy it's like i <<<gap>>> dunno like i'm looking at myself through,have are so hazy it's like i <<don't>> know like i'm looking at myself through,524,524,535,536,0,0,1,1
S01E22,58,counted_remaining_error,substitute,dunno,know,have are so hazy it's like i <<dunno>> like i'm looking at myself through a,are so hazy it's like i don't <<know>> like i'm looking at myself through a,524,525,536,537,1,0,0,1
S01E22,60,counted_remaining_error,insert,,has,that i remember you how hard this <<<gap>>> all has been you want to save,that i remember you how hard this <<has>> all been you want to save mayuri,544,544,556,557,0,0,1,1
S01E22,62,counted_remaining_error,delete,has,,i remember you how hard this all <<has>> been you want to save mayuri so,remember you how hard this has all <<<gap>>> been you want to save mayuri so,545,546,558,558,0,1,0,1
S01E22,64,counted_remaining_error,insert,,and,only one way to make this work <<<gap>>> you know that better than anyone so,only one way to make this work <<and>> you know that better than anyone so,696,696,708,709,0,0,1,1
S01E22,66,counted_remaining_error,substitute,abandon,abandoned,than anyone so what then i just <<abandon>> you it can't be helped can it,than anyone so what then i just <<abandoned>> you it can't be helped can it,707,708,720,721,1,0,0,1
S01E22,68,counted_remaining_error,substitute,wracked,racked,it i've been trying since yesterday i've <<wracked>> my brain looking for some magic solution,it i've been trying since yesterday i've <<racked>> my brain looking for some magic solution,721,722,734,735,1,0,0,1
S01E22,70,excluded_name_error,substitute,okabe,okapai,on the original line and i end <<okabe>> wait you won't die i'm not going,on the original line and i end <<okapai>> wait you won't die i'm not going,754,755,767,768,1,0,0,1
S01E22,72,excluded_name_error,substitute,for mayuri,from ayuri,i can't throw you away not even <<for mayuri>> what was the point of this repetitious,i can't throw you away not even <<from ayuri>> what was the point of this repetitious,774,776,787,789,2,0,0,2
S01E22,74,counted_remaining_error,substitute,i,i'm,have to lose someone either way someone <<i>> i no more running this is what,have to lose someone either way someone <<i'm>> i no more running this is what,793,794,806,807,1,0,0,1
S01E22,76,counted_remaining_error,insert,,god,i want going back won't change that <<<gap>>> goddamn it time leaping isn't going to,i want going back won't change that <<god>> damn it time leaping isn't going to,808,808,821,822,0,0,1,1
S01E22,77,counted_remaining_error,substitute,goddamn,damn,i want going back won't change that <<goddamn>> it time leaping isn't going to work,want going back won't change that god <<damn>> it time leaping isn't going to work,808,809,822,823,1,0,0,1
S01E22,79,counted_remaining_error,delete,but,,you'll never get past the one barrier <<but>> how can we know for sure unless,you'll never get past the one barrier <<<gap>>> how can we know for sure unless,823,824,837,837,0,1,0,1
S01E22,81,counted_remaining_error,delete,that,,it all that's going to happen is <<that>> you'll watch mayuri die again don't go,it all that's going to happen is <<<gap>>> you'll watch mayuri die again don't go,840,841,853,853,0,1,0,1
S01E22,83,counted_remaining_error,insert,,it,stop it's destroying you yeah you're right <<<gap>>> has for a while what's happening is,stop it's destroying you yeah you're right <<it>> lasts for a while what's happening is,951,951,963,964,0,0,1,1
S01E22,84,counted_remaining_error,substitute,has,lasts,stop it's destroying you yeah you're right <<has>> for a while what's happening is awful,it's destroying you yeah you're right it <<lasts>> for a while what's happening is awful,951,952,964,965,1,0,0,1
S01E22,86,counted_remaining_error,substitute,could,can,waited to go back all so i <<could>> note her precise time of death now,waited to go back all so i <<can>> note her precise time of death now,982,983,995,996,1,0,0,1
S01E22,88,counted_remaining_error,delete,for,,her die you're going to regret it <<for>> the rest of your life losing her,her die you're going to regret it <<<gap>>> the rest of your life losing her,1028,1029,1041,1041,0,1,0,1
S01E22,90,counted_remaining_error,insert,,damn,the okabe that i know is dead <<<gap>>> dammit if i save mayuri's life then,the okabe that i know is dead <<damn>> it if i save mayuri's life then,1081,1081,1093,1094,0,0,1,1
S01E22,91,counted_remaining_error,substitute,dammit,it,the okabe that i know is dead <<dammit>> if i save mayuri's life then you,okabe that i know is dead damn <<it>> if i save mayuri's life then you,1081,1082,1094,1095,1,0,0,1
S01E22,93,counted_remaining_error,substitute,world,worldline,i'll just go back to the initial <<world>> line where the first d mail was,i'll just go back to the initial <<worldline>> where the d mail was never sent,1096,1097,1109,1110,1,0,0,1
S01E22,94,counted_remaining_error,delete,line,,just go back to the initial world <<line>> where the first d mail was never,just go back to the initial worldline <<<gap>>> where the d mail was never sent,1097,1098,1110,1110,0,1,0,1
S01E22,96,counted_remaining_error,delete,first,,to the initial world line where the <<first>> d mail was never sent i think,back to the initial worldline where the <<<gap>>> d mail was never sent i think,1100,1101,1112,1112,0,1,0,1
S01E22,98,excluded_name_error,substitute,kurisu's,kurosu's,even but we've shared our problems too <<kurisu's>> the one i relied on when things,even but we've shared our problems too <<kurosu's>> the one i relied on when things,1142,1143,1153,1154,1,0,0,1
S01E22,100,counted_remaining_error,insert,,but,as a mule and proud and nosy <<<gap>>> there's a world of ideas dancing in,as a mule and proud and nosy <<but>> there's a world of ideas dancing in,1188,1188,1199,1200,0,0,1,1
S01E22,102,counted_remaining_error,substitute,said,says,me spellbound i remember every word she <<said>> every moment we spent together i've called,me spellbound i remember every word she <<says>> every moment we spend together i've called,1212,1213,1224,1225,1,0,0,1
S01E22,104,counted_remaining_error,substitute,spent,spend,every word she said every moment we <<spent>> together i've called her so many things,every word she says every moment we <<spend>> together i've called her so many things,1216,1217,1228,1229,1,0,0,1
S01E22,106,excluded_name_error,substitute,kurisu,kurosu,of our minds are connected forming the <<kurisu>> you know that would be wonderful wouldn't,of our minds are connected forming the <<kurosu>> you know that would be wonderful wouldn't,1365,1366,1377,1378,1,0,0,1
S01E22,108,counted_remaining_error,delete,for,,in this whole world like i do <<for>> you you don't i mean it what,in this whole world like i do <<<gap>>> you you don't i mean it what,1480,1481,1492,1492,0,1,0,1
S01E22,110,counted_remaining_error,substitute,to,too,tragic too this is it it's not <<to>> late to call the others a big,tragic too this is it it's not <<too>> late to call the others a big,1687,1688,1698,1699,1,0,0,1
S01E22,112,counted_remaining_error,insert,,out,you then i can't wait to be <<<gap>>> outta here and back in the u,you then i can't wait to be <<out>> of here and back in the u,1713,1713,1724,1725,0,0,1,1
S01E22,113,counted_remaining_error,substitute,outta,of,you then i can't wait to be <<outta>> here and back in the u s,then i can't wait to be out <<of>> here and back in the u s,1713,1714,1725,1726,1,0,0,1
S01E22,115,counted_remaining_error,substitute,'cause,because,i hope that you'll think of me <<'cause>> i'll be right there with you even,i hope that you'll think of me <<because>> i'll be right there with you even,1871,1872,1883,1884,1,0,0,1
S01E22,117,excluded_name_error,substitute,okarin,ocarine,we erase that line then mission accomplished <<okarin>> you feel okay why wouldn't i finally,we erase that line then mission accomplished <<ocarine>> you feel okay why wouldn't i finally,1916,1917,1928,1929,1,0,0,1
S01E22,119,counted_remaining_error,substitute,verdandi,verdande,i finally the ultimate moment of operation <<verdandi>> is nigh victory is ours for the,i finally the ultimate moment of operation <<verdande>> is nigh victory is ours for the,1929,1930,1941,1942,1,0,0,1
S01E22,121,counted_remaining_error,insert,,curious,all of this will never have happened <<<gap>>> kurisu forgive me okabe you want to,all of this will never have happened <<curious>> karasu forgive me okabe you want to,2009,2009,2021,2022,0,0,1,1
S01E22,122,excluded_name_error,substitute,kurisu,karasu,all of this will never have happened <<kurisu>> forgive me okabe you want to know,of this will never have happened curious <<karasu>> forgive me okabe you want to know,2009,2010,2022,2023,1,0,0,1
S01E22,124,excluded_name_error,substitute,kurisu,karasu,you want to know how i feel <<kurisu>> okabe you should know by now that,you want to know how i feel <<karasu>> okabe you should know by now that,2020,2021,2033,2034,1,0,0,1
S01E22,126,counted_remaining_error,delete,in l,,you should know by now that i'm <<in l>> mayuri who is lab member zero zero,you should know by now that i'm <<<gap>>> mayuri who is lab member 004 004,2029,2031,2042,2042,0,2,0,2
S01E22,128,counted_remaining_error,substitute,zero zero four,004 004 hmm,in l mayuri who is lab member <<zero zero four>> zero zero four hmmm oh a trick,that i'm mayuri who is lab member <<004 004 hmm>> oh a trick question there isn't one,2036,2039,2047,2050,3,0,0,3
S01E22,129,counted_remaining_error,delete,zero zero four hmmm,,who is lab member zero zero four <<zero zero four hmmm>> oh a trick question there isn't one,who is lab member 004 004 hmm <<<gap>>> oh a trick question there isn't one,2039,2043,2050,2050,0,4,0,4
S01E22,131,counted_remaining_error,insert,,ho,clear we're free i the mad scientist <<<gap>>> hououin kyoma have triumphed over a two,clear we're free i the mad scientist <<ho>> in kyoma have triumphed over a two,2061,2061,2068,2069,0,0,1,1
S01E22,132,excluded_name_error,substitute,hououin,in,clear we're free i the mad scientist <<hououin>> kyoma have triumphed over a two fold,we're free i the mad scientist ho <<in>> kyoma have triumphed over a two fold,2061,2062,2069,2070,1,0,0,1
S01E22,134,counted_remaining_error,substitute,stein's,steins,this my friends is the choice of <<stein's>> gate it's okay just be yourself whaddya,this my friends is the choice of <<steins>> gate it's okay just be yourself what,2109,2110,2117,2118,1,0,0,1
S01E22,136,counted_remaining_error,insert,,what do,stein's gate it's okay just be yourself <<<gap>>> whaddya mean this is me how else,steins gate it's okay just be yourself <<what do>> you mean this is me how else,2116,2116,2124,2126,0,0,2,2
S01E22,137,counted_remaining_error,substitute,whaddya,you,stein's gate it's okay just be yourself <<whaddya>> mean this is me how else should,it's okay just be yourself what do <<you>> mean this is me how else should,2116,2117,2126,2127,1,0,0,1
S01E22,139,counted_remaining_error,insert,,hoi,you don't have to pretend to be <<<gap>>> hououin kyoma for me the bad stuff,you don't have to pretend to be <<hoi>> and kyoma for me the bad stuff,2136,2136,2146,2147,0,0,1,1
S01E22,140,excluded_name_error,substitute,hououin,and,you don't have to pretend to be <<hououin>> kyoma for me the bad stuff isn't,don't have to pretend to be hoi <<and>> kyoma for me the bad stuff isn't,2136,2137,2147,2148,1,0,0,1
S01E22,142,excluded_name_error,substitute,hououin kyouma's,owain kyomus,price too many people had to suffer <<hououin kyouma's>> consigned to the past as are the,price too many people had to suffer <<owain kyomus>> consigned to the past as are the,2193,2195,2204,2206,2,0,0,2
S01E22,144,counted_remaining_error,insert,,thank you,is for the best isn't it kurisu <<<gap>>> hello wait who is this i'm your,is for the best isn't it kurisu <<thank you>> hello wait who is this i'm your,2227,2227,2238,2240,0,0,2,2
S01E22,146,excluded_name_error,substitute,okarin,ocarine,who is this i'm your what now <<okarin>> huh yeah let me get them hey,who is this i'm your what now <<ocarine>> huh yeah let me get him hey,2236,2237,2249,2250,1,0,0,1
S01E22,148,counted_remaining_error,substitute,them,him,now okarin huh yeah let me get <<them>> hey okarin phone it's some crazy chick,now ocarine huh yeah let me get <<him>> hey ocarine phone it's some crazy chick,2242,2243,2255,2256,1,0,0,1
S01E22,150,excluded_name_error,substitute,okarin,ocarine,huh yeah let me get them hey <<okarin>> phone it's some crazy chick go ahead,huh yeah let me get him hey <<ocarine>> phone it's some crazy chick go ahead,2244,2245,2257,2258,1,0,0,1
S01E22,152,counted_remaining_error,substitute,a,asap,to the roof of the radio building <<a>> sap huh who is this listen i,to the roof of the radio building <<asap>> huh who is this listen i came,2261,2262,2274,2275,1,0,0,1
S01E22,153,counted_remaining_error,delete,sap,,the roof of the radio building a <<sap>> huh who is this listen i came,the roof of the radio building asap <<<gap>>> huh who is this listen i came,2262,2263,2275,2275,0,1,0,1
S01E22,155,excluded_name_error,substitute,suzuha suzuha,suzaha suzaha,from 2036 i'm hashida itaru's daughter amane <<suzuha suzuha>> but what are you doing here how,from 2036 i'm hashida itaru's daughter amane <<suzaha suzaha>> but what are you doing here how,2278,2280,2290,2292,2,0,0,2
S01E22,157,counted_remaining_error,insert,,thank you,need you to prevent world war iii <<<gap>>>,need you to prevent world war iii <<thank you>>,2314,2314,2326,2328,0,0,2,2
S01E23,1,counted_remaining_error,substitute,three,iii,seriously world war <<three>> let me put it into perspective for,seriously world war <<iii>> let me put it into perspective for,3,4,3,4,1,0,0,1
S01E23,3,excluded_name_error,substitute,daru,taro,me it transforms it's a time machine <<daru>> sorry you're familiar with it that's good,me it transforms it's a time machine <<taro>> sorry you're familiar with it that's good,48,49,48,49,1,0,0,1
S01E23,5,counted_remaining_error,substitute,world,worldline,i refuse okarin i've been jumping from <<world>> line to world line for weeks i've,i refuse okarin i've been jumping from <<worldline>> to worldline for weeks i've run interference,77,78,77,78,1,0,0,1
S01E23,6,counted_remaining_error,delete,line,,refuse okarin i've been jumping from world <<line>> to world line for weeks i've run,refuse okarin i've been jumping from worldline <<<gap>>> to worldline for weeks i've run interference,78,79,78,78,0,1,0,1
S01E23,8,counted_remaining_error,substitute,world,worldline,i've been jumping from world line to <<world>> line for weeks i've run interference so,okarin i've been jumping from worldline to <<worldline>> for weeks i've run interference so many,80,81,79,80,1,0,0,1
S01E23,9,counted_remaining_error,delete,line,,been jumping from world line to world <<line>> for weeks i've run interference so many,i've been jumping from worldline to worldline <<<gap>>> for weeks i've run interference so many,81,82,80,80,0,1,0,1
S01E23,11,counted_remaining_error,substitute,world,worldline,was able to land back onto this <<world>> line was by allowing kurisu to die,was able to land back onto this <<worldline>> was by allowing kurisu to die and,105,106,103,104,1,0,0,1
S01E23,12,counted_remaining_error,delete,line,,able to land back onto this world <<line>> was by allowing kurisu to die and,able to land back onto this worldline <<<gap>>> was by allowing kurisu to die and,106,107,104,104,0,1,0,1
S01E23,14,counted_remaining_error,substitute,28th,28,her death on the afternoon of july <<28th>> 2010 play directly into what kicked off,her death on the afternoon of july <<28>> 2010 played directly into what kicked off,168,169,165,166,1,0,0,1
S01E23,16,counted_remaining_error,substitute,play,played,on the afternoon of july 28th 2010 <<play>> directly into what kicked off the war,on the afternoon of july 28 2010 <<played>> directly into what kicked off the war,170,171,167,168,1,0,0,1
S01E23,18,counted_remaining_error,insert,,that,i'm here is to see to it <<<gap>>> she survives i'm listening i don't have,i'm here is to see to it <<that>> she survives i'm listening i don't have,188,188,185,186,0,0,1,1
S01E23,20,excluded_name_error,substitute,makise kurisu,maki sekurisu,been entrusted with an important mission rescue <<makise kurisu>> and shift things to a world line,been entrusted with an important mission rescue <<maki sekurisu>> and shift things to a worldline beyond,213,215,211,213,2,0,0,2
S01E23,22,counted_remaining_error,substitute,world,worldline,makise kurisu and shift things to a <<world>> line beyond the divergence barrier free of,maki sekurisu and shift things to a <<worldline>> beyond the divergence barrier free of the,220,221,218,219,1,0,0,1
S01E23,23,counted_remaining_error,delete,line,,kurisu and shift things to a world <<line>> beyond the divergence barrier free of the,sekurisu and shift things to a worldline <<<gap>>> beyond the divergence barrier free of the,221,222,219,219,0,1,0,1
S01E23,25,counted_remaining_error,substitute,stein's,steins,attractor field a little place we call <<stein's>> gate i don't believe it you actually,attractor field a little place we call <<steins>> gate thank you thank you i don't,236,237,233,234,1,0,0,1
S01E23,27,counted_remaining_error,insert,,thank you thank you,a little place we call stein's gate <<<gap>>> i don't believe it you actually hatched,a little place we call steins gate <<thank you thank you>> i don't believe it you actually hatched,238,238,235,239,0,0,4,4
S01E23,29,counted_remaining_error,substitute,stein's,steins,is all wishful thinking even if a <<stein's>> gate world line exists the odds of,is all wishful thinking even if a <<steins>> gate worldline exists the odds of us,279,280,280,281,1,0,0,1
S01E23,31,counted_remaining_error,substitute,world,worldline,wishful thinking even if a stein's gate <<world>> line exists the odds of us reaching,wishful thinking even if a steins gate <<worldline>> exists the odds of us reaching one,281,282,282,283,1,0,0,1
S01E23,32,counted_remaining_error,delete,line,,thinking even if a stein's gate world <<line>> exists the odds of us reaching one,thinking even if a steins gate worldline <<<gap>>> exists the odds of us reaching one,282,283,283,283,0,1,0,1
S01E23,34,counted_remaining_error,substitute,three,iii,right if a future without world war <<three>> is worth the risk to you take,right if a future without world war <<iii>> is worth the risk to you take,319,320,319,320,1,0,0,1
S01E23,36,excluded_name_error,substitute,makise,makisei,said but this friend of yours this <<makise>> kurisu sounds to me like she's worth,said but this friend of yours this <<makisei>> kurisu sounds to me like she's worth,352,353,352,353,1,0,0,1
S01E23,38,counted_remaining_error,insert,,cup,for it face it chief it's your <<<gap>>> cuppa tea all this world war three,for it face it chief it's your <<cup>> of tea all this world war iii,376,376,376,377,0,0,1,1
S01E23,39,counted_remaining_error,substitute,cuppa,of,for it face it chief it's your <<cuppa>> tea all this world war three stuff,it face it chief it's your cup <<of>> tea all this world war iii stuff,376,377,377,378,1,0,0,1
S01E23,41,counted_remaining_error,substitute,three,iii,your cuppa tea all this world war <<three>> stuff seems well no offense you understand,cup of tea all this world war <<iii>> stuff seems well no offense you understand,382,383,383,384,1,0,0,1
S01E23,43,counted_remaining_error,delete,have,,yeah like this puppy's inventor would have <<have>> skimped on installing a backseat be careful,yeah like this puppy's inventor would have <<<gap>>> skimped on installing a backseat be careful,428,429,429,429,0,1,0,1
S01E23,45,counted_remaining_error,insert,,self,crossed signals with the one your past <<<gap>>> self'll be carrying watch it for me,crossed signals with the one your past <<self>> will be carrying watch it for me,458,458,458,459,0,0,1,1
S01E23,46,counted_remaining_error,substitute,self'll,will,crossed signals with the one your past <<self'll>> be carrying watch it for me good,signals with the one your past self <<will>> be carrying watch it for me good,458,459,459,460,1,0,0,1
S01E23,48,counted_remaining_error,substitute,uh,setup,it for me good luck guys nice <<uh>> set up you got thanks works like,it for me good luck guys nice <<setup>> you got thanks works like a charm,469,470,470,471,1,0,0,1
S01E23,49,counted_remaining_error,delete,set up,,for me good luck guys nice uh <<set up>> you got thanks works like a charm,for me good luck guys nice setup <<<gap>>> you got thanks works like a charm,470,472,471,471,0,2,0,2
S01E23,51,counted_remaining_error,insert,,in,but forward i should hope so what <<<gap>>> the in hell'd be the point if,but forward i should hope so what <<in>> the hell would be the point if,522,522,521,522,0,0,1,1
S01E23,53,counted_remaining_error,substitute,in hell'd,hell would,forward i should hope so what the <<in hell'd>> be the point if we couldn't i,i should hope so what in the <<hell would>> be the point if we couldn't i,523,525,523,525,2,0,0,2
S01E23,55,counted_remaining_error,substitute,world,worldline,this one must come from a different <<world>> line than its twin have a seat,this one must come from a different <<worldline>> than its twin have a seat i'm,540,541,540,541,1,0,0,1
S01E23,56,counted_remaining_error,delete,line,,one must come from a different world <<line>> than its twin have a seat i'm,one must come from a different worldline <<<gap>>> than its twin have a seat i'm,541,542,541,541,0,1,0,1
S01E23,58,counted_remaining_error,insert,,o,the day of just shy of twelve <<<gap>>> o'clock i don't dare go back any,the day of just shy of twelve <<o>> 'clock i don't dare go back any,559,559,558,559,0,0,1,1
S01E23,59,counted_remaining_error,substitute,o'clock,'clock,the day of just shy of twelve <<o'clock>> i don't dare go back any further,day of just shy of twelve o <<'clock>> i don't dare go back any further,559,560,559,560,1,0,0,1
S01E23,61,excluded_name_error,substitute,kurisu's,curacao's,at the radio building it might throw <<kurisu's>> movements out of whack we're about to,at the radio building it might throw <<curacao's>> movements out of whack we're about to,585,586,585,586,1,0,0,1
S01E23,63,counted_remaining_error,substitute,gs,g's,about to pull an ungodly amount of <<gs>> here so you might want to prepare,about to pull an ungodly amount of <<g's>> here so you might want to prepare,598,599,598,599,1,0,0,1
S01E23,65,counted_remaining_error,insert,,oh,so you might want to prepare yourself <<<gap>>> okarin what are these they come with,so you might want to prepare yourself <<oh>> corrine what are these they come with,607,607,607,608,0,0,1,1
S01E23,66,excluded_name_error,substitute,okarin,corrine,so you might want to prepare yourself <<okarin>> what are these they come with the,you might want to prepare yourself oh <<corrine>> what are these they come with the,607,608,608,609,1,0,0,1
S01E23,68,counted_remaining_error,substitute,time,thyme,come with the territory little beads of <<time>> kind of pretty huh come on sorry,come with the territory little beads of <<thyme>> kind of pretty huh come on sorry,619,620,620,621,1,0,0,1
S01E23,70,counted_remaining_error,insert,,ugh,to let my stomach settle a bit <<<gap>>> somebody's a wuss hurry it up okay,to let my stomach settle a bit <<ugh>> somebody's a wuss hurry it up okay,637,637,638,639,0,0,1,1
S01E23,72,counted_remaining_error,insert,,this,hands otherwise how long do you think <<<gap>>> this'll take well maybe twenty minutes give,hands otherwise how long do you think <<this>> will take well maybe twenty minutes give,670,670,672,673,0,0,1,1
S01E23,73,counted_remaining_error,substitute,this'll,will,hands otherwise how long do you think <<this'll>> take well maybe twenty minutes give or,otherwise how long do you think this <<will>> take well maybe twenty minutes give or,670,671,673,674,1,0,0,1
S01E23,75,counted_remaining_error,insert,,all,well maybe twenty minutes give or take <<<gap>>> alright i'm going to stay here and,well maybe twenty minutes give or take <<all>> right i'm going to stay here and,679,679,682,683,0,0,1,1
S01E23,76,counted_remaining_error,substitute,alright,right,well maybe twenty minutes give or take <<alright>> i'm going to stay here and prep,maybe twenty minutes give or take all <<right>> i'm going to stay here and prep,679,680,683,684,1,0,0,1
S01E23,78,excluded_name_error,substitute,makise,makisei,you do what you can to save <<makise>> wish me luck july 28th the day,you do what you can to save <<makisei>> wish me luck july 28th the day,702,703,706,707,1,0,0,1
S01E23,80,excluded_name_error,substitute,kurisu,kurosu,luck july 28th the day i found <<kurisu>> on the floor soaked in her own,luck july 28th the day i found <<kurosu>> on the floor soaked in her own,712,713,716,717,1,0,0,1
S01E23,82,excluded_name_error,substitute,nakabachi's,nagabachi's,and i had come to see dr <<nakabachi's>> lecture and were waiting for it to,and i had come to see dr <<nagabachi's>> lecture and were waiting for it to,729,730,733,734,1,0,0,1
S01E23,84,counted_remaining_error,substitute,eight,wait,i'll take the far stairs back to <<eight>> i don't believe it a metal oopa,i'll take the far stairs back to <<wait>> i don't believe it a metal oompa,791,792,795,796,1,0,0,1
S01E23,86,excluded_name_error,substitute,oopa,oompa,eight i don't believe it a metal <<oopa>> and that's good you bet it is,wait i don't believe it a metal <<oompa>> and that's good ah you bet it,798,799,802,803,1,0,0,1
S01E23,88,counted_remaining_error,insert,,ah,it a metal oopa and that's good <<<gap>>> you bet it is should be safe,it a metal oompa and that's good <<ah>> you bet it is should be safe,802,802,806,807,0,0,1,1
S01E23,90,counted_remaining_error,delete,ku,,should be safe now oh i'm sorry <<ku>> kurisu um have we met before no,should be safe now oh i'm sorry <<<gap>>> kurisu um have we met before no,813,814,818,818,0,1,0,1
S01E23,92,excluded_name_error,substitute,kurisu,curusu,don't think i know you do i <<kurisu>> look whoever what is your trauma don't,don't think i know you do i <<curusu>> look whoever what is your trauma don't,833,834,837,838,1,0,0,1
S01E23,94,counted_remaining_error,substitute,doctor,dr,just here to see your attention please <<doctor>> nakabachi's conference is about to begin in,just here to see your attention please <<dr>> nakabachi's conference is about to begin on,857,858,861,862,1,0,0,1
S01E23,96,counted_remaining_error,substitute,in,on,doctor nakabachi's conference is about to begin <<in>> the 8th floor lecture hall all interested,dr nakabachi's conference is about to begin <<on>> the eighth floor lecture hall at least,864,865,868,869,1,0,0,1
S01E23,98,counted_remaining_error,substitute,8th,eighth,conference is about to begin in the <<8th>> floor lecture hall all interested are welcome,conference is about to begin on the <<eighth>> floor lecture hall at least finish a,866,867,870,871,1,0,0,1
S01E23,100,counted_remaining_error,delete,all interested are welcome,,begin in the 8th floor lecture hall <<all interested are welcome>> at least finish a sentence printed on,begin on the eighth floor lecture hall <<<gap>>> at least finish a sentence printed on,870,874,874,874,0,4,0,4
S01E23,102,counted_remaining_error,delete,boasts something like,,i'm sure you're aware mainstream science currently <<boasts something like>> in the brief i was given they,i'm sure you're aware mainstream science currently <<<gap>>> in the brief i was given they,917,920,917,917,0,3,0,3
S01E23,104,counted_remaining_error,substitute,kerr,curb,babes in the wilderness please world lines <<kerr>> black holes any moment now this is,babes in the wilderness please world lines <<curb>> black holes any moment now this is,1023,1024,1020,1021,1,0,0,1
S01E23,106,counted_remaining_error,delete,i,,okay dad dad nakabachi's her dad look <<i>> i'm just trying to bury the hatchet,okay dad dad nakabachi's her dad look <<<gap>>> i'm just trying to bury the hatchet,1109,1110,1106,1106,0,1,0,1
S01E23,108,counted_remaining_error,delete,who,,don't tell me her father's the one <<who>> i put on my thinking cap as,don't tell me her father's the one <<<gap>>> i put on my thinking cap as,1137,1138,1133,1133,0,1,0,1
S01E23,110,counted_remaining_error,insert,,research,back on their politics to pursue my <<<gap>>> researches unfettered sorry this isn't half bad,back on their politics to pursue my <<research>> as unfettered sorry this isn't half bad,1204,1204,1199,1200,0,0,1,1
S01E23,111,counted_remaining_error,substitute,researches,as,back on their politics to pursue my <<researches>> unfettered sorry this isn't half bad really,on their politics to pursue my research <<as>> unfettered sorry this isn't half bad really,1204,1205,1200,1201,1,0,0,1
S01E23,113,counted_remaining_error,substitute,'cause,because,unfettered sorry this isn't half bad really <<'cause>> i was thinking maybe if you were,unfettered sorry this isn't half bad really <<because>> i was thinking maybe if you were,1212,1213,1208,1209,1,0,0,1
S01E23,115,counted_remaining_error,insert,,of,idea we could publish it under both <<<gap>>> our names i mean after all you're,idea we could publish it under both <<of>> our names i mean after all you're,1230,1230,1226,1227,0,0,1,1
S01E23,117,counted_remaining_error,substitute,it,in,the one who inspired me to write <<it>> don't be ridiculous go home what if,the one who inspired me to write <<in>> don't be ridiculous go home what if,1244,1245,1241,1242,1,0,0,1
S01E23,119,counted_remaining_error,substitute,stoop,stupid,be cruel but i never thought you'd <<stoop>> to shut up you dare call me,be cruel but i never thought you'd <<stupid>> shut up you dare call me a,1281,1282,1278,1279,1,0,0,1
S01E23,120,counted_remaining_error,delete,to,,cruel but i never thought you'd stoop <<to>> shut up you dare call me a,cruel but i never thought you'd stupid <<<gap>>> shut up you dare call me a,1282,1283,1279,1279,0,1,0,1
S01E23,122,counted_remaining_error,delete,heh,,age you were my heckler weren't you <<heh>> i see you were in cahoots to,age you were my heckler weren't you <<<gap>>> i see you were in cahoots to,1340,1341,1336,1336,0,1,0,1
S01E23,124,counted_remaining_error,substitute,ol',old,you were in cahoots to make nattering <<ol'>> nakabachi shit the bed during what should,you were in cahoots to make nattering <<old>> nakabachi shit the bed during what should,1350,1351,1345,1346,1,0,0,1
S01E23,126,counted_remaining_error,insert,,a,come on let's hear it son of <<<gap>>> bitch dad this is crazy please stop,come on let's hear it son of <<a>> bitch dad this is crazy please stop,1391,1391,1386,1387,0,0,1,1
S01E23,128,counted_remaining_error,substitute,laughing,laughingstock,for you i wouldn't be the academic <<laughing>> stock i am now stop oh god,for you i wouldn't be the academic <<laughingstock>> i am now stop oh god oh,1442,1443,1438,1439,1,0,0,1
S01E23,129,counted_remaining_error,delete,stock,,you i wouldn't be the academic laughing <<stock>> i am now stop oh god oh,you i wouldn't be the academic laughingstock <<<gap>>> i am now stop oh god oh,1443,1444,1439,1439,0,1,0,1
S01E23,131,counted_remaining_error,delete,to,,into this i just wanted him to <<to>> acknowledge me kurisu i'm so scared i,into this i just wanted him to <<<gap>>> acknowledge me karisu i'm so scared i,1481,1482,1476,1476,0,1,0,1
S01E23,133,excluded_name_error,substitute,kurisu,karisu,just wanted him to to acknowledge me <<kurisu>> i'm so scared i i don't want,i just wanted him to acknowledge me <<karisu>> i'm so scared i don't want to,1484,1485,1478,1479,1,0,0,1
S01E23,135,counted_remaining_error,delete,i,,acknowledge me kurisu i'm so scared i <<i>> don't want to die i'm not ready,acknowledge me karisu i'm so scared i <<<gap>>> don't want to die i'm not ready,1489,1490,1483,1483,0,1,0,1
S01E23,137,counted_remaining_error,delete,wasn't,,to die i'm not ready this wasn't <<wasn't>> supposed to no oh god please no,to die i'm not ready this wasn't <<<gap>>> supposed to be no oh god please,1499,1500,1492,1492,0,1,0,1
S01E23,139,counted_remaining_error,insert,,be,not ready this wasn't wasn't supposed to <<<gap>>> no oh god please no neat o,i'm not ready this wasn't supposed to <<be>> no oh god please no neato they're,1502,1502,1494,1495,0,0,1,1
S01E23,141,counted_remaining_error,substitute,neat,neato,supposed to no oh god please no <<neat>> o they're already back okarin whoa dude,to be no oh god please no <<neato>> they're already back alcarine whoa dude dude,1507,1508,1500,1501,1,0,0,1
S01E23,142,counted_remaining_error,delete,o,,to no oh god please no neat <<o>> they're already back okarin whoa dude what,be no oh god please no neato <<<gap>>> they're already back alcarine whoa dude dude,1508,1509,1501,1501,0,1,0,1
S01E23,144,excluded_name_error,substitute,okarin,alcarine,please no neat o they're already back <<okarin>> whoa dude what the hell happened to,god please no neato they're already back <<alcarine>> whoa dude dude what the hell happened,1512,1513,1504,1505,1,0,0,1
S01E23,146,counted_remaining_error,insert,,dude,o they're already back okarin whoa dude <<<gap>>> what the hell happened to you he's,neato they're already back alcarine whoa dude <<dude>> what the hell happened to you he's,1515,1515,1507,1508,0,0,1,1
S01E23,148,counted_remaining_error,insert,,all,happened to you he's going to be <<<gap>>> alright it's just a little bit complicated,happened to you he's going to be <<all>> right it's just a little bit complicated,1525,1525,1518,1519,0,0,1,1
S01E23,149,counted_remaining_error,substitute,alright,right,happened to you he's going to be <<alright>> it's just a little bit complicated i'm,to you he's going to be all <<right>> it's just a little bit complicated i'm,1525,1526,1519,1520,1,0,0,1
S01E23,151,counted_remaining_error,insert,,i'm responsible for her,her death i'm responsible for her death <<<gap>>> okarin walk it off look i know,her death i'm responsible for her death <<i'm responsible for her>> death walk it off look i know,1557,1557,1551,1555,0,0,4,4
S01E23,152,excluded_name_error,substitute,okarin,death,her death i'm responsible for her death <<okarin>> walk it off look i know you're,for her death i'm responsible for her <<death>> walk it off look i know you're,1557,1558,1555,1556,1,0,0,1
S01E23,154,counted_remaining_error,delete,so,,now we know how things play out <<so>> no i won't do it i won't,now we know how things play out <<<gap>>> no i won't do it i won't,1590,1591,1588,1588,0,1,0,1
S01E23,156,excluded_name_error,substitute,kurisu,kursu,myself through that again whatever i do <<kurisu>> will always die okarin it's your phone,myself through that again whatever i do <<kursu>> will always die ocarina it's your phone,1606,1607,1603,1604,1,0,0,1
S01E23,158,excluded_name_error,substitute,okarin,ocarina,whatever i do kurisu will always die <<okarin>> it's your phone a text open it,whatever i do kursu will always die <<ocarina>> it's your phone a text open it,1610,1611,1607,1608,1,0,0,1
S01E23,160,excluded_name_error,substitute,nakabachi's,nakabaji's,seriously despite the cargo bay fire dr <<nakabachi's>> plane managed to land safely within the,seriously despite the cargo bay fire dr <<nakabaji's>> plane managed to land safely within the,1637,1638,1634,1635,1,0,0,1
S01E23,162,counted_remaining_error,insert,,barbecued,metal detectors my thesis would have been <<<gap>>> barbequed that's my metal oopa i know,metal detectors my thesis would have been <<barbecued>> kay that's weird that's my metal upa,1677,1677,1674,1675,0,0,1,1
S01E23,163,counted_remaining_error,substitute,barbequed,kay,metal detectors my thesis would have been <<barbequed>> that's my metal oopa i know it,detectors my thesis would have been barbecued <<kay>> that's weird that's my metal upa i,1677,1678,1675,1676,1,0,0,1
S01E23,165,counted_remaining_error,insert,,weird that's,my thesis would have been barbequed that's <<<gap>>> my metal oopa i know it is,thesis would have been barbecued kay that's <<weird that's>> my metal upa i know it is,1679,1679,1677,1679,0,0,2,2
S01E23,167,excluded_name_error,substitute,oopa,upa,would have been barbequed that's my metal <<oopa>> i know it is see look i,barbecued kay that's weird that's my metal <<upa>> i know it is see look i,1681,1682,1681,1682,1,0,0,1
S01E23,169,excluded_name_error,substitute,okarin,ocarine,my name on the side right after <<okarin>> bought it for me no i see,my name on the side right after <<ocarine>> bought it for me no i see,1697,1698,1697,1698,1,0,0,1
S01E23,171,counted_remaining_error,insert,,why,for me no i see it's just <<<gap>>> why's it in russia that thesis of,for me no i see it's just <<why>> is it in russia that thesis of,1707,1707,1707,1708,0,0,1,1
S01E23,172,counted_remaining_error,substitute,why's,is,for me no i see it's just <<why's>> it in russia that thesis of his,me no i see it's just why <<is>> it in russia that thesis of his,1707,1708,1708,1709,1,0,0,1
S01E23,174,counted_remaining_error,substitute,three,iii,of his that's what starts world war <<three>> it basically sparks an arms race only,of his that's what starts world war <<iii>> it basically sparks an arms race only,1720,1721,1721,1722,1,0,0,1
S01E23,176,excluded_name_error,substitute,makise,makisei,billion people are at stake here save <<makise>> kurisu and you save every one of,billion people are at stake here save <<makisei>> kurisu and you save every one of,1777,1778,1778,1779,1,0,0,1
S01E23,178,counted_remaining_error,insert,,things,one of them i can't do it <<<gap>>> things'll end up just as they did,one of them i can't do it <<things>> will end up just as they did,1790,1790,1791,1792,0,0,1,1
S01E23,179,counted_remaining_error,substitute,things'll,will,one of them i can't do it <<things'll>> end up just as they did with,of them i can't do it things <<will>> end up just as they did with,1790,1791,1792,1793,1,0,0,1
S01E23,181,counted_remaining_error,substitute,i,i've,tried dozens of times and every time <<i>> failed believe me i know you may,tried dozens of times and every time <<i've>> failed believe me i know you may,1834,1835,1836,1837,1,0,0,1
S01E23,183,counted_remaining_error,substitute,it's,its,i'm i'm just done let time have <<it's>> way since when have you been the,i'm i'm just done let time have <<its>> way since when have you been the,1889,1890,1891,1892,1,0,0,1
S01E23,185,counted_remaining_error,substitute,bye,goodbye,when i couldn't bring myself to say <<bye>> to grandma you went to her grave,when i couldn't bring myself to say <<goodbye>> to grandma you went to her grave,1922,1923,1924,1925,1,0,0,1
S01E23,187,counted_remaining_error,substitute,i'd,i've,your inbox on july 28th that's right <<i'd>> forgotten it should be viewable now you,your inbox on july 28th that's right <<i've>> forgotten it should be viewable now you,1988,1989,1990,1991,1,0,0,1
S01E23,189,counted_remaining_error,substitute,hale,hail,you to see that file is that <<hale>> and well met old friend is that,you to see that file is that <<hail>> and well met old friend is that,2047,2048,2049,2050,1,0,0,1
S01E23,191,excluded_name_error,substitute,makise,makisei,means you've seen firsthand what became of <<makise>> and failed to prevent it i feel,means you've seen firsthand what became of <<makisei>> and failed to prevent it i feel,2069,2070,2071,2072,1,0,0,1
S01E23,193,counted_remaining_error,substitute,daren't,dare,going through right now is necessary i <<daren't>> deny you us the bitter inspiration it,going through right now is necessary i <<dare>> deny you us the bitter inspiration it,2094,2095,2096,2097,1,0,0,1
S01E23,195,counted_remaining_error,insert,,to,the grisly nature of her death appears <<<gap>>> be set in stone due to its,the grisly nature of her death appears <<to>> be set in stone due to its,2177,2177,2179,2180,0,0,1,1
S01E23,197,counted_remaining_error,substitute,detail,details,must not i repeat not alter any <<detail>> surrounding her death as witnessed by you,must not i repeat not alter any <<details>> surrounding her death as witnessed by you,2224,2225,2227,2228,1,0,0,1
S01E23,199,counted_remaining_error,substitute,d,email,of your experiences immediately following the first <<d>> mail the three weeks you spent jumping,of your experiences immediately following the first <<email>> the three weeks you spent jumping through,2269,2270,2272,2273,1,0,0,1
S01E23,200,counted_remaining_error,delete,mail,,your experiences immediately following the first d <<mail>> the three weeks you spent jumping through,your experiences immediately following the first email <<<gap>>> the three weeks you spent jumping through,2270,2271,2273,2273,0,1,0,1
S01E23,202,counted_remaining_error,substitute,rubicons,rubicans,save mayuri the countless sacrifices the terrible <<rubicons>> crossed all of that must stay in,save mayuri the countless sacrifices the terrible <<rubicans>> crossed all of that has to stay,2305,2306,2307,2308,1,0,0,1
S01E23,204,counted_remaining_error,insert,,has,the terrible rubicons crossed all of that <<<gap>>> must stay in your head the period,the terrible rubicans crossed all of that <<has>> to stay in your head the period's,2310,2310,2312,2313,0,0,1,1
S01E23,205,counted_remaining_error,substitute,must,to,the terrible rubicons crossed all of that <<must>> stay in your head the period spent,terrible rubicans crossed all of that has <<to>> stay in your head the period's been,2310,2311,2313,2314,1,0,0,1
S01E23,207,counted_remaining_error,substitute,period spent,period's been,that must stay in your head the <<period spent>> adrift in time constitutes your unique reality,has to stay in your head the <<period's been>> adrift in time constitutes your unique reality,2316,2318,2319,2321,2,0,0,2
S01E23,209,excluded_name_error,substitute,kurisu's,kurosu's,you are i know that to label <<kurisu's>> death as traumatic is the epitome of,you are i know that to label <<kurosu's>> death as traumatic is the epitome of,2348,2349,2351,2352,1,0,0,1
S01E23,211,counted_remaining_error,substitute,it what's,it's what,be wrought in turn to greater ends <<it what's>> brings you to yourself so trick yourself,be wrought in turn to greater ends <<it's what>> brings you to yourself so trick yourself,2392,2394,2395,2397,2,0,0,2
S01E23,213,counted_remaining_error,substitute,stein's,steins,is that's what will get us to <<stein's>> gate of course i don't think i,is that's what will get us to <<steins>> gate of course i don't think i,2442,2443,2445,2446,1,0,0,1
S01E23,215,counted_remaining_error,insert,,i,it that goes for both of us <<<gap>>> i've every faith that you understand incidentally,it that goes for both of us <<i>> have every faith that you understand incidentally,2458,2458,2461,2462,0,0,1,1
S01E23,216,counted_remaining_error,substitute,i've,have,it that goes for both of us <<i've>> every faith that you understand incidentally the,that goes for both of us i <<have>> every faith that you understand incidentally the,2458,2459,2462,2463,1,0,0,1
S01E23,218,counted_remaining_error,insert,,to,is type c204 i doubt i need <<<gap>>> tell you what the c stands for,is type c204 i doubt i need <<to>> tell you what the c stands for,2476,2476,2480,2481,0,0,1,1
S01E23,220,counted_remaining_error,substitute,skuld,skull,and to further please our whimsy operation <<skuld>> will be the name we assign to,and to further please our whimsy operation <<skull>> will be the name we assigned to,2524,2525,2529,2530,1,0,0,1
S01E23,222,counted_remaining_error,substitute,assign,assigned,operation skuld will be the name we <<assign>> to this mission forge of yesterday whatever,operation skull will be the name we <<assigned>> to this mission forge of yesterday whatever,2530,2531,2535,2536,1,0,0,1
S01E23,224,counted_remaining_error,substitute,them,it,detectably altering the past as you understood <<them>> okabe rintaro sees makise lying dead on,detectably altering the past as you understood <<it>> okabe rintaro sees makisei lying dead on,2552,2553,2557,2558,1,0,0,1
S01E23,226,excluded_name_error,substitute,makise,makisei,as you understood them okabe rintaro sees <<makise>> lying dead on the ground in a,as you understood it okabe rintaro sees <<makisei>> lying dead on the ground in a,2556,2557,2561,2562,1,0,0,1
S01E23,228,counted_remaining_error,substitute,psy congroo,sai kongro,of luck to you old friend el <<psy congroo>> okay trippy you have any idea what,of luck to you old friend el <<sai kongro>> okay trippy lee you have any idea,2603,2605,2608,2610,2,0,0,2
S01E23,230,counted_remaining_error,insert,,lee,old friend el psy congroo okay trippy <<<gap>>> you have any idea what your future,old friend el sai kongro okay trippy <<lee>> you have any idea what your future,2607,2607,2612,2613,0,0,1,1
S01E23,232,counted_remaining_error,substitute,skuld,skulld,oh wow you get really suave operation <<skuld>> el psy congroo do i never grow,oh wow you get really suave operation <<skulld>> el psy kongru do i never grow,2625,2626,2631,2632,1,0,0,1
S01E23,234,counted_remaining_error,substitute,congroo,kongru,get really suave operation skuld el psy <<congroo>> do i never grow out of the,get really suave operation skulld el psy <<kongru>> do i never grow out of the,2628,2629,2634,2635,1,0,0,1
S01E23,236,counted_remaining_error,substitute,stein's,steins,bad ah to hell with it if <<stein's>> gate so decrees then so am i,bad ah to hell with it if <<steins>> gate so decrees then so am i,2662,2663,2668,2669,1,0,0,1
S01E23,238,counted_remaining_error,insert,,hoin,then so am i compelled to behave <<<gap>>> hououin kyoma accepts the challenge with gusto,then so am i compelled to behave <<hoin>> kyo ma accepts the challenge with gusto,2673,2673,2679,2680,0,0,1,1
S01E23,239,excluded_name_error,substitute,hououin kyoma,kyo ma,then so am i compelled to behave <<hououin kyoma>> accepts the challenge with gusto deception is,so am i compelled to behave hoin <<kyo ma>> accepts the challenge with gusto deception is,2673,2675,2680,2682,2,0,0,2
S01E23,241,excluded_name_error,substitute,okabe,ocarina,world beware oh ho i think the <<okabe>> we all know and love is back,world beware oh ho i think the <<ocarina>> we all know and love is back,2693,2694,2700,2701,1,0,0,1
S01E23,243,excluded_name_error,substitute,okarin,ocarina,back uh huh good thing too the <<okarin>> who just broods all day isn't nearly,back uh huh good thing too the <<ocarina>> just broods all day isn't nearly as,2707,2708,2714,2715,1,0,0,1
S01E23,244,counted_remaining_error,delete,who,,uh huh good thing too the okarin <<who>> just broods all day isn't nearly as,uh huh good thing too the ocarina <<<gap>>> just broods all day isn't nearly as,2708,2709,2715,2715,0,1,0,1
S01E23,246,counted_remaining_error,insert,,ho,hear me privileged companions time is ours <<<gap>>> hououin kyouma's mind recognizes no limit neither,hear me privileged companions time is ours <<ho>> in kyoma's mind recognizes no limits neither,2724,2724,2730,2731,0,0,1,1
S01E23,247,excluded_name_error,substitute,hououin kyouma's,in kyoma's,hear me privileged companions time is ours <<hououin kyouma's>> mind recognizes no limit neither does his,me privileged companions time is ours ho <<in kyoma's>> mind recognizes no limits neither does his,2724,2726,2731,2733,2,0,0,2
S01E23,249,counted_remaining_error,substitute,limit,limits,is ours hououin kyouma's mind recognizes no <<limit>> neither does his reach heave anchor this,ours ho in kyoma's mind recognizes no <<limits>> neither does his reach heave anchor the,2729,2730,2736,2737,1,0,0,1
S01E23,251,counted_remaining_error,substitute,this,the,limit neither does his reach heave anchor <<this>> ship of fools is about to embark,limits neither does his reach heave anchor <<the>> ship of fools is about to embark,2736,2737,2743,2744,1,0,0,1
S01E23,253,counted_remaining_error,insert,,thank you you,ship of fools is about to embark <<<gap>>>,ship of fools is about to embark <<thank you you>>,2744,2744,2751,2754,0,0,3,3
S01E24,1,counted_remaining_error,substitute,skuld,skull,and to further please our whimsy operation <<skuld>> will be the name we assign this,and to further please our whimsy operation <<skull>> will be the name we assign this,7,8,7,8,1,0,0,1
S01E24,3,counted_remaining_error,substitute,detectibly,detectably,you must to save the future without <<detectibly>> altering the past as you understood it,you must to save the future without <<detectably>> altering the past as you understood it,26,27,26,27,1,0,0,1
S01E24,5,excluded_name_error,substitute,rintaro,rintoro,the past as you understood it okabe <<rintaro>> sees makise lying dead on the ground,the past as you understood it okabe <<rintoro>> sees makise lying dead on the ground,35,36,35,36,1,0,0,1
S01E24,7,counted_remaining_error,insert,,intents,own blood keep the past for all <<<gap>>> intensive purposes where it is deceive yourself,own blood keep the past for all <<intents>> and purposes where it is deceive yourself,55,55,55,56,0,0,1,1
S01E24,8,counted_remaining_error,substitute,intensive,and,own blood keep the past for all <<intensive>> purposes where it is deceive yourself in,blood keep the past for all intents <<and>> purposes where it is deceive yourself in,55,56,56,57,1,0,0,1
S01E24,10,counted_remaining_error,insert,,all,you keep calling me that chop chop <<<gap>>> alright folks this is our line in,you keep calling me that chop chop <<all>> right folks this is our line in,81,81,82,83,0,0,1,1
S01E24,11,counted_remaining_error,substitute,alright,right,you keep calling me that chop chop <<alright>> folks this is our line in the,keep calling me that chop chop all <<right>> folks this is our line in the,81,82,83,84,1,0,0,1
S01E24,13,counted_remaining_error,insert,,of,and that was the idea all along <<<gap>>> 'course the flip side to that equation,and that was the idea all along <<of>> course the flip side to that equation,159,159,161,162,0,0,1,1
S01E24,14,counted_remaining_error,substitute,'course,course,and that was the idea all along <<'course>> the flip side to that equation is,that was the idea all along of <<course>> the flip side to that equation is,159,160,162,163,1,0,0,1
S01E24,16,counted_remaining_error,substitute,ex,expat,basically stuck here for good a bitter <<ex>> pat stewing in coulda beens too clich,basically stuck here for good a bitter <<expat>> stewing in coulda beens too clich to,180,181,183,184,1,0,0,1
S01E24,17,counted_remaining_error,delete,pat,,stuck here for good a bitter ex <<pat>> stewing in coulda beens too clich d,stuck here for good a bitter expat <<<gap>>> stewing in coulda beens too clich to,181,182,184,184,0,1,0,1
S01E24,19,counted_remaining_error,substitute,d,to,pat stewing in coulda beens too clich <<d>> a fate for you oh yeah damn,expat stewing in coulda beens too clich <<to>> fate for you oh yeah damn right,188,189,190,191,1,0,0,1
S01E24,20,counted_remaining_error,delete,a,,stewing in coulda beens too clich d <<a>> fate for you oh yeah damn right,stewing in coulda beens too clich to <<<gap>>> fate for you oh yeah damn right,189,190,191,191,0,1,0,1
S01E24,22,counted_remaining_error,insert,,ho,yeah you are under the wing of <<<gap>>> hououin kyoma whose name among those in,yeah you are under the wing of <<ho>> in kyoma whose name among those in,204,204,205,206,0,0,1,1
S01E24,23,excluded_name_error,substitute,hououin,in,yeah you are under the wing of <<hououin>> kyoma whose name among those in the,you are under the wing of ho <<in>> kyoma whose name among those in the,204,205,206,207,1,0,0,1
S01E24,25,counted_remaining_error,substitute,turvy,turviedom,the know resonates with visions of topsy <<turvy>> dom and inverted status quos take solace,the know resonates with visions of topsy <<turviedom>> and inverted status quos take solace in,218,219,220,221,1,0,0,1
S01E24,26,counted_remaining_error,delete,dom,,know resonates with visions of topsy turvy <<dom>> and inverted status quos take solace in,know resonates with visions of topsy turviedom <<<gap>>> and inverted status quos take solace in,219,220,221,221,0,1,0,1
S01E24,28,counted_remaining_error,substitute,skuld,skull,agreed let's do this hear me operation <<skuld>> begins now let the world tremble damn,agreed let's do this hear me operation <<skull>> begins now let the world tremble thank,236,237,237,238,1,0,0,1
S01E24,30,counted_remaining_error,insert,,thank you thank you,skuld begins now let the world tremble <<<gap>>> damn it all where are you i,skull begins now let the world tremble <<thank you thank you>> damn it o where are you i,243,243,244,248,0,0,4,4
S01E24,32,counted_remaining_error,substitute,all,o,now let the world tremble damn it <<all>> where are you i had my hands,tremble thank you thank you damn it <<o>> where are you i had my hands,245,246,250,251,1,0,0,1
S01E24,34,counted_remaining_error,insert,,might,tremble he says not a bad line <<<gap>>> might'a had more umph if you hadn't,tremble he says not a bad line <<might>> have had more oomph if you hadn't,273,273,278,279,0,0,1,1
S01E24,35,counted_remaining_error,substitute,might'a,have,tremble he says not a bad line <<might'a>> had more umph if you hadn't followed,he says not a bad line might <<have>> had more oomph if you hadn't followed,273,274,279,280,1,0,0,1
S01E24,37,counted_remaining_error,substitute,umph,oomph,not a bad line might'a had more <<umph>> if you hadn't followed it with oh,a bad line might have had more <<oomph>> if you hadn't followed it with oh,276,277,282,283,1,0,0,1
S01E24,39,counted_remaining_error,substitute,hold,holdup,followed it with oh crap what's the <<hold>> up guys the longer we leave the,followed it with oh crap what's the <<holdup>> guys the longer we leave the time,287,288,293,294,1,0,0,1
S01E24,40,counted_remaining_error,delete,up,,it with oh crap what's the hold <<up>> guys the longer we leave the time,it with oh crap what's the holdup <<<gap>>> guys the longer we leave the time,288,289,294,294,0,1,0,1
S01E24,42,counted_remaining_error,substitute,someone,someone's,the roof the likelier it is that <<someone>> is going to notice it's there i,the roof the likelier it is that <<someone's>> going to notice it's there i must,306,307,311,312,1,0,0,1
S01E24,43,counted_remaining_error,delete,is,,roof the likelier it is that someone <<is>> going to notice it's there i must,roof the likelier it is that someone's <<<gap>>> going to notice it's there i must,307,308,312,312,0,1,0,1
S01E24,45,counted_remaining_error,substitute,ah,oh,you never told me it had blood <<ah>> i get it is that going to,you never told me it had blood <<oh>> i get it is that going to,350,351,354,355,1,0,0,1
S01E24,47,counted_remaining_error,substitute,me,mii,you found her in exactly if the <<me>> from july 28th discovers makise's unconscious form,you found her in exactly if the <<mii>> from july 28th discovers makisei's unconscious form,371,372,375,376,1,0,0,1
S01E24,49,excluded_name_error,substitute,makise's,makisei's,if the me from july 28th discovers <<makise's>> unconscious form in said pool of gore,if the mii from july 28th discovers <<makisei's>> unconscious form in said pool of gore,376,377,380,381,1,0,0,1
S01E24,51,counted_remaining_error,substitute,shall,will,will assume her dead and the past <<shall>> be unchanged thus will operation skuld fulfill,will assume her dead and the past <<will>> be unchanged thus will operation skull fulfill,395,396,399,400,1,0,0,1
S01E24,53,counted_remaining_error,substitute,skuld,skull,past shall be unchanged thus will operation <<skuld>> fulfill its purpose seems solid on the,past will be unchanged thus will operation <<skull>> fulfill its purpose seems solid on the,401,402,405,406,1,0,0,1
S01E24,55,counted_remaining_error,insert,,don't,that gambit seem a little too i <<<gap>>> dunno easy i mean to my ears,that gambit seem a little too i <<don't>> know easy i mean to my ears,426,426,430,431,0,0,1,1
S01E24,56,counted_remaining_error,substitute,dunno,know,that gambit seem a little too i <<dunno>> easy i mean to my ears the,gambit seem a little too i don't <<know>> easy i mean to my ears the,426,427,431,432,1,0,0,1
S01E24,58,counted_remaining_error,substitute,you,use,i mean to my ears the future <<you>> sounded like he had something a lot,i mean to my ears the future <<use>> sounded like he had something a lot,435,436,440,441,1,0,0,1
S01E24,60,counted_remaining_error,substitute,tricks are,trickster is,not i see behind the veil my <<tricks are>> as child's play to me i'm not,not i see behind the veil my <<trickster is>> child's play to me i'm not sure,478,480,483,485,2,0,0,2
S01E24,61,counted_remaining_error,delete,as,,see behind the veil my tricks are <<as>> child's play to me i'm not sure,see behind the veil my trickster is <<<gap>>> child's play to me i'm not sure,480,481,485,485,0,1,0,1
S01E24,63,excluded_name_error,substitute,okarin,ovarine,or terrified i'm going with terrified hey <<okarin>> um did kurisu like sit in this,or terrified i'm going with terrified hey <<ovarine>> um did kursu like sit in this,500,501,504,505,1,0,0,1
S01E24,65,excluded_name_error,substitute,kurisu,kursu,going with terrified hey okarin um did <<kurisu>> like sit in this chair over here,going with terrified hey ovarine um did <<kursu>> like sit in this chair over here,503,504,507,508,1,0,0,1
S01E24,67,counted_remaining_error,substitute,may,mai,i'll have whatever she's having trust me <<may>> a superstar like makise kurisu wouldn't slum,i'll have whatever she's having trust me <<mai>> a superstar like maki sekurisu wouldn't slum,575,576,579,580,1,0,0,1
S01E24,69,excluded_name_error,substitute,makise kurisu,maki sekurisu,having trust me may a superstar like <<makise kurisu>> wouldn't slum it in a cave like,having trust me mai a superstar like <<maki sekurisu>> wouldn't slum it in a cave like,579,581,583,585,2,0,0,2
S01E24,71,counted_remaining_error,substitute,super,superpower,by that i mean it's not a <<super>> power everyone has it when world lines,by that i mean it's not a <<superpower>> everyone has it when world lines break,628,629,632,633,1,0,0,1
S01E24,72,counted_remaining_error,delete,power,,that i mean it's not a super <<power>> everyone has it when world lines break,that i mean it's not a superpower <<<gap>>> everyone has it when world lines break,629,630,633,633,0,1,0,1
S01E24,74,counted_remaining_error,substitute,you,one,huh well now she was my assistant <<you>> might even say she was a confidant,huh well now she was my assistant <<one>> might even say she was a confidant,690,691,693,694,1,0,0,1
S01E24,76,counted_remaining_error,substitute,aaawww,aww,to me as the air i breathe <<aaawww>> of course the woman was desperately in,to me as the air i breathe <<aww>> of course the woman was desperately in,707,708,710,711,1,0,0,1
S01E24,78,counted_remaining_error,substitute,two,2d,was desperately in love with me too <<two>> d life is so much simpler than,was desperately in love with me too <<2d>> life is so much simpler than this,719,720,722,723,1,0,0,1
S01E24,79,counted_remaining_error,delete,d,,desperately in love with me too two <<d>> life is so much simpler than this,desperately in love with me too 2d <<<gap>>> life is so much simpler than this,720,721,723,723,0,1,0,1
S01E24,81,counted_remaining_error,substitute,u,um,promise to come back don't you worry <<u>> umm miss amane if it's really true,promise to come back don't you worry <<um>> miss imane if it's really true that,761,762,763,764,1,0,0,1
S01E24,82,counted_remaining_error,delete,umm,,to come back don't you worry u <<umm>> miss amane if it's really true that,to come back don't you worry um <<<gap>>> miss imane if it's really true that,762,763,764,764,0,1,0,1
S01E24,84,excluded_name_error,substitute,amane,imane,back don't you worry u umm miss <<amane>> if it's really true that i'm your,come back don't you worry um miss <<imane>> if it's really true that i'm your,764,765,765,766,1,0,0,1
S01E24,86,counted_remaining_error,insert,,all,pleasant surprise sure it is let's go <<<gap>>> alright same thing as before avoid running,pleasant surprise sure it is let's go <<all>> right same thing as before avoid running,792,792,793,794,0,0,1,1
S01E24,87,counted_remaining_error,substitute,alright,right,pleasant surprise sure it is let's go <<alright>> same thing as before avoid running into,surprise sure it is let's go all <<right>> same thing as before avoid running into,792,793,794,795,1,0,0,1
S01E24,89,counted_remaining_error,insert,,do,yourself otherwise do what you have to <<<gap>>> got it you leave the glow stick,yourself otherwise do what you have to <<do>> got it you leave the glow stick,807,807,809,810,0,0,1,1
S01E24,91,counted_remaining_error,insert,,this,done but here goes not sure how <<<gap>>> all this fits together but clearly the,done but here goes not sure how <<this>> all fits together but clearly the first,842,842,845,846,0,0,1,1
S01E24,93,counted_remaining_error,delete,this,,but here goes not sure how all <<this>> fits together but clearly the first order,here goes not sure how this all <<<gap>>> fits together but clearly the first order,843,844,847,847,0,1,0,1
S01E24,95,excluded_name_error,substitute,oopa,upa,from getting her paws on that metal <<oopa>> take that out of the mix and,from getting her paws on that metal <<upa>> take that out of the mix and,864,865,867,868,1,0,0,1
S01E24,97,counted_remaining_error,insert,,aww,bad so sad greedy gus life lesson <<<gap>>> the reality principle does like to disabuse,bad so sad greedy gus life lesson <<aww>> the reality principal does like to disabuse,917,917,920,921,0,0,1,1
S01E24,99,counted_remaining_error,substitute,principle,principal,sad greedy gus life lesson the reality <<principle>> does like to disabuse us of our,greedy gus life lesson aww the reality <<principal>> does like to disabuse us of our,919,920,923,924,1,0,0,1
S01E24,101,counted_remaining_error,insert,,huh,like to disabuse us of our whims <<<gap>>> ah cool oh yeah is it rare,like to disabuse us of our whims <<huh>> ah cool oh yeah is it rare,928,928,932,933,0,0,1,1
S01E24,103,counted_remaining_error,insert,,uh,cute anyway done on to the next <<<gap>>> oh i'm sorry ku kurisu um have,cute anyway done on to the next <<uh>> oh i'm sorry kur kurisu um have,951,951,956,957,0,0,1,1
S01E24,105,counted_remaining_error,substitute,ku,kur,on to the next oh i'm sorry <<ku>> kurisu um have we met before i,to the next uh oh i'm sorry <<kur>> kurisu um have we met before i,954,955,960,961,1,0,0,1
S01E24,107,counted_remaining_error,insert,,do i,before i don't think i know you <<<gap>>> kurisu look whoever what is your trauma,before i don't think i know you <<do i>> kurosu look whoever what is your trauma,967,967,973,975,0,0,2,2
S01E24,108,excluded_name_error,substitute,kurisu,kurosu,before i don't think i know you <<kurisu>> look whoever what is your trauma don't,don't think i know you do i <<kurosu>> look whoever what is your trauma don't,967,968,975,976,1,0,0,1
S01E24,110,counted_remaining_error,substitute,doctor,dr,to save your life your attention please <<doctor>> nakabachi's conference is about to begin in,to save your life your attention please <<dr>> nakabachi's conference is about to begin on,995,996,1003,1004,1,0,0,1
S01E24,112,counted_remaining_error,substitute,in,on,doctor nakabachi's conference is about to begin <<in>> the 8th floor lecture hall all interested,dr nakabachi's conference is about to begin <<on>> the 8th floor lecture hall all of,1002,1003,1010,1011,1,0,0,1
S01E24,114,counted_remaining_error,insert,,of,in the 8th floor lecture hall all <<<gap>>> interested are welcome at least explain what,on the 8th floor lecture hall all <<of>> you are interested at least explain what,1009,1009,1017,1018,0,0,1,1
S01E24,115,counted_remaining_error,substitute,interested,you,in the 8th floor lecture hall all <<interested>> are welcome at least explain what you,the 8th floor lecture hall all of <<you>> are interested at least explain what you,1009,1010,1018,1019,1,0,0,1
S01E24,117,counted_remaining_error,substitute,welcome,interested,8th floor lecture hall all interested are <<welcome>> at least explain what you mean note,floor lecture hall all of you are <<interested>> at least explain what you mean note,1011,1012,1020,1021,1,0,0,1
S01E24,119,excluded_name_error,substitute,kurisu,curacao,a portrayal of past me is awkward <<kurisu>> found the oopa of course ah but,a portrayal of past me is awkward <<curacao>> found the upa of course ah but,1032,1033,1041,1042,1,0,0,1
S01E24,121,excluded_name_error,substitute,oopa,upa,past me is awkward kurisu found the <<oopa>> of course ah but since that little,past me is awkward curacao found the <<upa>> of course ah but since that little,1035,1036,1044,1045,1,0,0,1
S01E24,123,counted_remaining_error,substitute,fellow,fellow's,of course ah but since that little <<fellow>> is made of your garden variety plastic,of course ah but since that little <<fellow's>> made of your garden variety plastic the,1043,1044,1052,1053,1,0,0,1
S01E24,124,counted_remaining_error,delete,is,,course ah but since that little fellow <<is>> made of your garden variety plastic the,course ah but since that little fellow's <<<gap>>> made of your garden variety plastic the,1044,1045,1053,1053,0,1,0,1
S01E24,126,excluded_name_error,substitute,makise,mokisei,homicidal maniac of a father and render <<makise>> unconscious the blood's dried up okabe you,homicidal maniac of a father and render <<mokisei>> unconscious the blood's dried up okabe you,1079,1080,1087,1088,1,0,0,1
S01E24,128,counted_remaining_error,insert,,in,and expect it not to congeal what <<<gap>>> the hell do you want look please,and expect it not to congeal what <<in>> the hell do you want look please,1107,1107,1115,1116,0,0,1,1
S01E24,130,counted_remaining_error,substitute,damn,dammit,just want you to read this think <<damn>> it there must be something i can,just want you to read this think <<dammit>> there must be something you can use,1122,1123,1131,1132,1,0,0,1
S01E24,131,counted_remaining_error,delete,it,,want you to read this think damn <<it>> there must be something i can use,want you to read this think dammit <<<gap>>> there must be something you can use,1123,1124,1132,1132,0,1,0,1
S01E24,133,counted_remaining_error,substitute,i,you,think damn it there must be something <<i>> can use anything surely size it up,this think dammit there must be something <<you>> can use anything surely really size it,1128,1129,1136,1137,1,0,0,1
S01E24,135,counted_remaining_error,insert,,really,be something i can use anything surely <<<gap>>> size it up i can get nakabachi,be something you can use anything surely <<really>> size it up i can get nakabachi,1133,1133,1141,1142,0,0,1,1
S01E24,137,counted_remaining_error,substitute,how,you,room will have to do shut up <<how>> dare you call me a thief that's,room will have to do shut up <<you>> dare call me a thief that's it,1163,1164,1172,1173,1,0,0,1
S01E24,139,counted_remaining_error,delete,you,,have to do shut up how dare <<you>> call me a thief that's it doctor,have to do shut up you dare <<<gap>>> call me a thief that's it doctor,1165,1166,1174,1174,0,1,0,1
S01E24,141,excluded_name_error,substitute,hououin kyoma,hoenn kiyoma,prefer my mortal handle the name is <<hououin kyoma>> i hope that's not your idea of,prefer my mortal handle the name is <<hoenn kiyoma>> i hope that's not your idea of,1208,1210,1216,1218,2,0,0,2
S01E24,143,counted_remaining_error,substitute,ol',old,on this together planning to make nattering <<ol'>> nakabachi shit the bed during what should,on this together planning to make nattering <<old>> nakabachi shit the bed during what should,1244,1245,1252,1253,1,0,0,1
S01E24,145,counted_remaining_error,insert,,my,been his moment of glory huh well <<<gap>>> m'boy you succeeded beautifully dad no run,been his moment of glory huh well <<my>> boy you succeeded beautifully dad no run,1260,1260,1268,1269,0,0,1,1
S01E24,146,counted_remaining_error,substitute,m'boy,boy,been his moment of glory huh well <<m'boy>> you succeeded beautifully dad no run run,his moment of glory huh well my <<boy>> you succeeded beautifully dad no run run,1260,1261,1269,1270,1,0,0,1
S01E24,148,counted_remaining_error,substitute,aw,oh,old bird like you you're mocking me <<aw>> sorry is it hard getting short shrift,old bird like you you're mocking me <<oh>> sorry is it hard getting short tripped,1320,1321,1329,1330,1,0,0,1
S01E24,150,counted_remaining_error,substitute,shrift,tripped,aw sorry is it hard getting short <<shrift>> from a living god don't push me,oh sorry is it hard getting short <<tripped>> from a living god don't push me,1327,1328,1336,1337,1,0,0,1
S01E24,152,counted_remaining_error,insert,,just,isn't it of course it is you're <<<gap>>> a washed up spineless coward no oh,isn't it of course it is you're <<just>> a washed up spineless coward oh god,1371,1371,1380,1381,0,0,1,1
S01E24,154,counted_remaining_error,delete,no,,is you're a washed up spineless coward <<no>> oh god dad wha what have you,you're just a washed up spineless coward <<<gap>>> oh god dad what you you provoked,1376,1377,1386,1386,0,1,0,1
S01E24,156,counted_remaining_error,delete,wha,,up spineless coward no oh god dad <<wha>> what have you you you provoked me,washed up spineless coward oh god dad <<<gap>>> what you you provoked me stay calm,1380,1381,1389,1389,0,1,0,1
S01E24,158,counted_remaining_error,delete,have,,coward no oh god dad wha what <<have>> you you you provoked me stay calm,up spineless coward oh god dad what <<<gap>>> you you provoked me stay calm bite,1382,1383,1390,1390,0,1,0,1
S01E24,160,counted_remaining_error,delete,you,,god dad wha what have you you <<you>> provoked me stay calm bite the bullet,coward oh god dad what you you <<<gap>>> provoked me stay calm bite the bullet,1385,1386,1392,1392,0,1,0,1
S01E24,162,counted_remaining_error,insert,,you,bullet just a little more you you <<<gap>>> provoked me this isn't over you crazy,bullet just a little more you you <<you>> provoked me this isn't over you crazy,1399,1399,1405,1406,0,0,1,1
S01E24,164,counted_remaining_error,insert,,all,son of a bitch oh my god <<<gap>>> alright just try not to move i'll,son of a bitch oh my god <<all>> right just try not to move i'll,1413,1413,1420,1421,0,0,1,1
S01E24,165,counted_remaining_error,substitute,alright,right,son of a bitch oh my god <<alright>> just try not to move i'll call,of a bitch oh my god all <<right>> just try not to move i'll call,1413,1414,1421,1422,1,0,0,1
S01E24,167,counted_remaining_error,insert,,the,of blood i told you we need <<<gap>>> paramedics at the radio building immediately i,of blood i told you we need <<the>> paramedics at the radio building immediately i,1445,1445,1453,1454,0,0,1,1
S01E24,169,counted_remaining_error,insert,,we're done,save your life well done i think <<<gap>>> we've got it oh kurisu uncle farewell,save your life well done i think <<we're done>> we've got it oh kurisu uncle farewell,1466,1466,1475,1477,0,0,2,2
S01E24,171,counted_remaining_error,insert,,the,next three weeks are going to be <<<gap>>> hardest three weeks of your life you,next three weeks are going to be <<the>> hardest three weeks of your life you,1525,1525,1536,1537,0,0,1,1
S01E24,173,counted_remaining_error,substitute,stein's,steins,if you're asking me whether we've reached <<stein's>> gate i don't know guess we'll find,if you're asking me whether we've reached <<steins>> gate i don't know i guess we'll,1588,1589,1600,1601,1,0,0,1
S01E24,175,counted_remaining_error,insert,,i,we've reached stein's gate i don't know <<<gap>>> guess we'll find out i do know,we've reached steins gate i don't know <<i>> guess we'll find out i do know,1593,1593,1605,1606,0,0,1,1
S01E24,177,counted_remaining_error,substitute,world,world's,the thesis will burn which means the <<world>> superpowers won't start their time travel pissing,the thesis will burn which means the <<world's>> superpowers won't start their time travel pissing,1614,1615,1627,1628,1,0,0,1
S01E24,179,counted_remaining_error,insert,,iii,travel pissing contest and that world war <<<gap>>> three'll never happen much as i might,travel pissing contest and that world war <<iii>> will never happen much as i might,1627,1627,1640,1641,0,0,1,1
S01E24,180,counted_remaining_error,substitute,three'll,will,travel pissing contest and that world war <<three'll>> never happen much as i might like,pissing contest and that world war iii <<will>> never happen much as i might like,1627,1628,1641,1642,1,0,0,1
S01E24,182,counted_remaining_error,delete,out,,can't stick around so let me get <<out>> a thank you now while i can,can't stick around so let me get <<<gap>>> a thank you out now while i,1646,1647,1660,1660,0,1,0,1
S01E24,184,counted_remaining_error,insert,,out,let me get out a thank you <<<gap>>> now while i can it's been a,so let me get a thank you <<out>> now while i can it's been a,1650,1650,1663,1664,0,0,1,1
S01E24,186,counted_remaining_error,insert,,oh,thank you see you in seven years <<<gap>>> hey huh call me a crackpot if,thank you see you in seven years <<oh>> hey call me a crackpot if it,1665,1665,1679,1680,0,0,1,1
S01E24,188,counted_remaining_error,delete,huh,,you see you in seven years hey <<huh>> call me a crackpot if you helps,see you in seven years oh hey <<<gap>>> call me a crackpot if it helps,1666,1667,1681,1681,0,1,0,1
S01E24,190,counted_remaining_error,substitute,you,it,hey huh call me a crackpot if <<you>> helps you sleep at night but mankind's,oh hey call me a crackpot if <<it>> helps you sleep at night but mankind's,1672,1673,1686,1687,1,0,0,1
S01E24,192,counted_remaining_error,substitute,all,oh,riding on that thesis now it's gone <<all>> gone such outbursts are motivating russian officials,riding on that thesis now it's gone <<oh>> gone such outbursts are motivating russian officials,1689,1690,1703,1704,1,0,0,1
S01E24,194,counted_remaining_error,substitute,double,006,go this identifies you as lab member <<double>> zero six wait when did i become,go this identifies you as lab member <<006>> wait when did i become a lab,1734,1735,1748,1749,1,0,0,1
S01E24,195,counted_remaining_error,delete,zero six,,this identifies you as lab member double <<zero six>> wait when did i become a lab,this identifies you as lab member 006 <<<gap>>> wait when did i become a lab,1735,1737,1749,1749,0,2,0,2
S01E24,197,counted_remaining_error,insert,,huh,remember your induction give it time though <<<gap>>> i wonder what the letters mean kyoma,remember your induction give it time though <<huh>> i wonder what the letters mean kiyoma,1757,1757,1769,1770,0,0,1,1
S01E24,199,excluded_name_error,substitute,kyoma,kiyoma,though i wonder what the letters mean <<kyoma>> he was actually just here yeah i,huh i wonder what the letters mean <<kiyoma>> he was actually just here yeah i,1763,1764,1776,1777,1,0,0,1
S01E24,201,counted_remaining_error,substitute,double,007,as a matter of fact he did <<double>> o seven guard that designation with your,as a matter of fact he did <<007>> guard that designation with your life if,1796,1797,1809,1810,1,0,0,1
S01E24,202,counted_remaining_error,delete,o seven,,a matter of fact he did double <<o seven>> guard that designation with your life if,a matter of fact he did 007 <<<gap>>> guard that designation with your life if,1797,1799,1810,1810,0,2,0,2
S01E24,204,counted_remaining_error,substitute,pin and,pen enchant,in need of assistance cleave to that <<pin and>> chant la yoda stasella sorry kid your,in need of assistance cleave to that <<pen enchant>> la yoda zastella huh huh sorry kid,1815,1817,1826,1828,2,0,0,2
S01E24,205,counted_remaining_error,delete,chant,,of assistance cleave to that pin and <<chant>> la yoda stasella sorry kid your pal,of assistance cleave to that pen enchant <<<gap>>> la yoda zastella huh huh sorry kid,1817,1818,1828,1828,0,1,0,1
S01E24,207,counted_remaining_error,insert,,zastella huh,to that pin and chant la yoda <<<gap>>> stasella sorry kid your pal went on,cleave to that pen enchant la yoda <<zastella huh>> huh sorry kid your pal went on,1820,1820,1830,1832,0,0,2,2
S01E24,208,counted_remaining_error,substitute,stasella,huh,to that pin and chant la yoda <<stasella>> sorry kid your pal went on his,that pen enchant la yoda zastella huh <<huh>> sorry kid your pal went on his,1820,1821,1832,1833,1,0,0,1
S01E24,210,counted_remaining_error,insert,,do do do hei nai,merry way not two minutes ago mayuri <<<gap>>> oh yeah manners this our brand new,merry way not two minutes ago mayuri <<do do do hei nai>> oh yeah manners this is our brand,1835,1835,1847,1852,0,0,5,5
S01E24,212,counted_remaining_error,insert,,is,minutes ago mayuri oh yeah manners this <<<gap>>> our brand new part timer nice to,do hei nai oh yeah manners this <<is>> our brand new part timer nice to,1839,1839,1856,1857,0,0,1,1
S01E24,214,excluded_name_error,substitute,kiryuu,kiryu,timer nice to meet you my name's <<kiryuu>> took a shine to her when she,timer nice to meet you my name's <<kiryu>> took a shine to her when she,1850,1851,1868,1869,1,0,0,1
S01E24,216,counted_remaining_error,insert,,she,short round here out of a jam <<<gap>>> said she didn't have a job so,short round here out of a jam <<she>> said she didn't have a job so,1866,1866,1884,1885,0,0,1,1
S01E24,218,counted_remaining_error,substitute,eh,hey,didn't have a job so i thought <<eh>> why not shiina mayuri it's funny freak,didn't have a job so i thought <<hey>> why not he he he shina mayuri,1875,1876,1894,1895,1,0,0,1
S01E24,220,counted_remaining_error,insert,,he he he,job so i thought eh why not <<<gap>>> shiina mayuri it's funny freak show was,job so i thought hey why not <<he he he>> shina mayuri it's funny freak show was,1878,1878,1897,1900,0,0,3,3
S01E24,221,excluded_name_error,substitute,shiina,shina,job so i thought eh why not <<shiina>> mayuri it's funny freak show was falling,thought hey why not he he he <<shina>> mayuri it's funny freak show was falling,1878,1879,1900,1901,1,0,0,1
S01E24,223,counted_remaining_error,substitute,haven't,hadn't,himself when he met her and she <<haven't>> even gotten her name out consider it,himself when he met her and she <<hadn't>> even gotten her name out consider it,1895,1896,1917,1918,1,0,0,1
S01E24,225,counted_remaining_error,delete,too too roo,,lair thanks that's very kind of you <<too too roo>> it's good to have you back arin,lair thanks that's very kind of you <<<gap>>> it's good to have you back green,1916,1919,1938,1938,0,3,0,3
S01E24,227,counted_remaining_error,substitute,arin,green,roo it's good to have you back <<arin>> did you just mash up okarin with,you it's good to have you back <<green>> did you just mash up ocarine with,1925,1926,1944,1945,1,0,0,1
S01E24,229,excluded_name_error,substitute,okarin,ocarine,back arin did you just mash up <<okarin>> with good to have you back uh,back green did you just mash up <<ocarine>> with good to have you back uh,1931,1932,1950,1951,1,0,0,1
S01E24,231,counted_remaining_error,substitute,double,003,hmm oh those lab member badges apparently <<double>> o three for me double o two,hmm oh those lab member badges apparently <<003>> for me 002 for you he says,1964,1965,1983,1984,1,0,0,1
S01E24,232,counted_remaining_error,delete,o three,,oh those lab member badges apparently double <<o three>> for me double o two for you,oh those lab member badges apparently 003 <<<gap>>> for me 002 for you he says,1965,1967,1984,1984,0,2,0,2
S01E24,234,counted_remaining_error,substitute,double,002,badges apparently double o three for me <<double>> o two for you he says they,lab member badges apparently 003 for me <<002>> for you he says they go all,1969,1970,1986,1987,1,0,0,1
S01E24,235,counted_remaining_error,delete,o two,,apparently double o three for me double <<o two>> for you he says they go all,member badges apparently 003 for me 002 <<<gap>>> for you he says they go all,1970,1972,1987,1987,0,2,0,2
S01E24,237,counted_remaining_error,substitute,to,the,for you he says they go all <<to>> way to double o eight but did,for you he says they go all <<the>> way to 008 but did i sleep,1979,1980,1994,1995,1,0,0,1
S01E24,239,counted_remaining_error,substitute,double,008,says they go all to way to <<double>> o eight but did i sleep through,says they go all the way to <<008>> but did i sleep through a couple,1982,1983,1997,1998,1,0,0,1
S01E24,240,counted_remaining_error,delete,o eight,,they go all to way to double <<o eight>> but did i sleep through a couple,they go all the way to 008 <<<gap>>> but did i sleep through a couple,1983,1985,1998,1998,0,2,0,2
S01E24,242,counted_remaining_error,substitute,'cause,because,through a couple of meetings or something <<'cause>> i don't remember that many people being,through a couple of meetings or something <<because>> i don't remember that many people being,1996,1997,2009,2010,1,0,0,1
S01E24,244,excluded_name_error,substitute,okarin,ocarine,many people being on board with us <<okarin>> must be the o shiina hashida urushibara,many people being on board with us <<ocarine>> must be the o sheena hashida urushibara,2008,2009,2021,2022,1,0,0,1
S01E24,246,excluded_name_error,substitute,shiina,sheena,with us okarin must be the o <<shiina>> hashida urushibara faris and hm wonder what,with us ocarine must be the o <<sheena>> hashida urushibara ferris and huh wonder what,2013,2014,2026,2027,1,0,0,1
S01E24,248,excluded_name_error,substitute,faris,ferris,must be the o shiina hashida urushibara <<faris>> and hm wonder what the m the,must be the o sheena hashida urushibara <<ferris>> and huh wonder what the m the,2016,2017,2029,2030,1,0,0,1
S01E24,250,counted_remaining_error,substitute,hm,huh,the o shiina hashida urushibara faris and <<hm>> wonder what the m the k and,the o sheena hashida urushibara ferris and <<huh>> wonder what the m the k and,2018,2019,2031,2032,1,0,0,1
S01E24,252,counted_remaining_error,substitute,double,008'll,the last one in a box says <<double>> o eight'll show up in seven years,the last one in a box says <<008'll>> show up in seven years i realize,2041,2042,2054,2055,1,0,0,1
S01E24,253,counted_remaining_error,delete,o eight'll,,last one in a box says double <<o eight'll>> show up in seven years i realize,last one in a box says 008'll <<<gap>>> show up in seven years i realize,2042,2044,2055,2055,0,2,0,2
S01E24,255,counted_remaining_error,substitute,s'posed,supposed,totally willing to cosplay with me i'm <<s'posed>> to wait seven years my mind doesn't,totally willing to cosplay with me i'm <<supposed>> to wait seven years my mind doesn't,2110,2111,2121,2122,1,0,0,1
S01E24,257,counted_remaining_error,substitute,ground,groundbreaking,i wonder doggedly hammering away at some <<ground>> breaking new thesis over in the states,i wonder doggedly hammering away at some <<groundbreaking>> new thesis over in the states it's,2164,2165,2175,2176,1,0,0,1
S01E24,258,counted_remaining_error,delete,breaking,,wonder doggedly hammering away at some ground <<breaking>> new thesis over in the states it's,wonder doggedly hammering away at some groundbreaking <<<gap>>> new thesis over in the states it's,2165,2166,2176,2176,0,1,0,1
S01E24,260,counted_remaining_error,insert,,your,the case i just hope you've made <<<gap>>> peace with your father's issues i've made,the case i just hope you've made <<your>> peace with your father's issues i've made,2200,2200,2210,2211,0,0,1,1
S01E24,262,counted_remaining_error,delete,it,,sees things as i do is enough <<it>> it's you i've been looking everywhere for,sees things as i do is enough <<<gap>>> it's you i've been looking everywhere for,2280,2281,2291,2291,0,1,0,1
S01E24,264,counted_remaining_error,substitute,lot,people,it be said i don't indulge you <<lot>> to a fault yes i'm aware and,it be said i don't indulge you <<people>> to a fault yes i'm aware and,2336,2337,2346,2347,1,0,0,1
S01E24,266,counted_remaining_error,substitute,from,for,if that's its choice far be it <<from>> me to argue alright then el psy,if that's its choice far be it <<for>> me to argue all right then el,2351,2352,2361,2362,1,0,0,1
S01E24,268,counted_remaining_error,insert,,all,far be it from me to argue <<<gap>>> alright then el psy congroo el what,far be it for me to argue <<all>> right then el psy kongru el what,2355,2355,2365,2366,0,0,1,1
S01E24,269,counted_remaining_error,substitute,alright,right,far be it from me to argue <<alright>> then el psy congroo el what so,be it for me to argue all <<right>> then el psy kongru el what so,2355,2356,2366,2367,1,0,0,1
S01E24,271,counted_remaining_error,substitute,congroo,kongru,me to argue alright then el psy <<congroo>> el what so we meet again christina,to argue all right then el psy <<kongru>> el what so we meet again christina,2359,2360,2370,2371,1,0,0,1
S01E24,273,counted_remaining_error,insert,,justifiably,k a kurisu perhaps the universe can't <<<gap>>> be justifiably called infinite but the possibilities,k a kurisu perhaps the universe can't <<justifiably>> be called infinite but the possibilities within,2404,2404,2415,2416,0,0,1,1
S01E24,275,counted_remaining_error,delete,justifiably,,a kurisu perhaps the universe can't be <<justifiably>> called infinite but the possibilities within it,kurisu perhaps the universe can't justifiably be <<<gap>>> called infinite but the possibilities within it,2405,2406,2417,2417,0,1,0,1
S01E24,277,counted_remaining_error,substitute,stein's,steins,i've learned this is the choice of <<stein's>> gate,i've learned this is the choice of <<steins>> gate,2425,2426,2436,2437,1,0,0,1
